filename,Bovine Mastitis,Healthy,bacterial-dermatosis,fungal-infection,lumpy skin,pinkeye,Dermatophilosis,Ringworm
00000108-1-_jpg.rf.fc84c71f23770b806b9cd4fe59c81909.jpg,0,1,0,0,0,0,0,0
00000108_jpg.rf.a33e58a03167d545a1e04f198bdd4a56.jpg,0,1,0,0,0,0,0,0
00000109-1-_jpg.rf.b7b254c2d6e354ab8f7dbe6f448b029e.jpg,0,1,0,0,0,0,0,0
00000109-1-_jpg.rf.ce895fde11ac725cde6c347dbd2c11d2.jpg,0,1,0,0,0,0,0,0
00000109-1-_jpg.rf.d468ded6940555f9eaf5b3bd44a4218f.jpg,0,1,0,0,0,0,0,0
00000110_jpg.rf.0ff24ffa156c838dff99ea066adf19d2.jpg,0,1,0,0,0,0,0,0
00000110_jpg.rf.d40b9ba9bffaf6373a8f4df203dc800f.jpg,0,1,0,0,0,0,0,0
00000110_jpg.rf.db6f6048a0000c6e26e37eee6ed432a5.jpg,0,1,0,0,0,0,0,0
00000116_jpg.rf.157073efd21e9e5d1d408f6e3f697ad5.jpg,0,1,0,0,0,0,0,0
00000116_jpg.rf.dfae39feeada4537e6ce525df489c6c2.jpg,0,1,0,0,0,0,0,0
00000117_jpg.rf.7b0790efeb5aac35faec351a6a29a720.jpg,0,1,0,0,0,0,0,0
00000117_jpg.rf.d38d415a37307537fdb40a5a86460fdc.jpg,0,1,0,0,0,0,0,0
00000121_jpg.rf.757ab5c43c20a4cf169c1b9232bbf2db.jpg,0,1,0,0,0,0,0,0
00000121_jpg.rf.dd6c88fb75f4cabafa0ad2dd2a0e9229.jpg,0,1,0,0,0,0,0,0
00000121_jpg.rf.dfcf6b39f7a18ada243e1a9eb03196b9.jpg,0,1,0,0,0,0,0,0
00000122-1-_jpg.rf.3177479681a6563cd5ab5df261d36630.jpg,0,1,0,0,0,0,0,0
00000122-1-_jpg.rf.c0b77e397bd30cab759068049954a379.jpg,0,1,0,0,0,0,0,0
00000122-1-_jpg.rf.d39d3bbb9c2f742163f6a686801228c8.jpg,0,1,0,0,0,0,0,0
00000123-1-_jpg.rf.657c13c9eddd0e0e915f3607cfa77a7c.jpg,0,1,0,0,0,0,0,0
00000123-1-_jpg.rf.a3d6fd46de0a12f8fb6656774992ca9e.jpg,0,1,0,0,0,0,0,0
00000123-1-_jpg.rf.af59f61351317d4effbc40a8db62e886.jpg,0,1,0,0,0,0,0,0
00000126-1-_jpg.rf.211c3424cdcb3db0a4aacdfae22f5809.jpg,0,1,0,0,0,0,0,0
00000126-1-_jpg.rf.42c81821ad0d59a5bc7c38377444515d.jpg,0,1,0,0,0,0,0,0
00000126-1-_jpg.rf.7d625d29813b1eabc64f89638ca12b68.jpg,0,1,0,0,0,0,0,0
00000128-1-_jpg.rf.2cc8d49d487f5b1e11970c047743aa25.jpg,0,1,0,0,0,0,0,0
00000128-1-_jpg.rf.44d0bc1566ad309033884feade91219a.jpg,0,1,0,0,0,0,0,0
00000128-1-_jpg.rf.fe7830cdadc34bc1b181ae01c397328c.jpg,0,1,0,0,0,0,0,0
00000132-1-_jpg.rf.13b4a1fba5b6d646e9e93061f6e5330b.jpg,0,1,0,0,0,0,0,0
00000132-2-_jpg.rf.4460520f5594510cf02e896aecb89586.jpg,0,1,0,0,0,0,0,0
00000132-2-_jpg.rf.568610dbdbee1182eae5c98fe762f600.jpg,0,1,0,0,0,0,0,0
00000132-2-_jpg.rf.c16240fc1988d233226f1d9b7103f0f8.jpg,0,1,0,0,0,0,0,0
00000140-1-_jpg.rf.433ee0e7687f7e95d3862378e19531e3.jpg,0,1,0,0,0,0,0,0
00000140-1-_jpg.rf.56711330c4ab0556ef457fc526b95b68.jpg,0,1,0,0,0,0,0,0
00000140-1-_jpg.rf.9d689dbc07720f515296c3bfaa1cb718.jpg,0,1,0,0,0,0,0,0
00000141-1-_jpg.rf.9007eeea2df700763d188d97e867404c.jpg,0,1,0,0,0,0,0,0
00000141-1-_jpg.rf.a01610866ccaa52bc7337b72123b0a10.jpg,0,1,0,0,0,0,0,0
00000141-1-_jpg.rf.c6b2180cdfea19f3ac1b33db107950b8.jpg,0,1,0,0,0,0,0,0
00000143-1-_jpg.rf.034b975828d7cee2819b87d050f639ea.jpg,0,1,0,0,0,0,0,0
00000143-1-_jpg.rf.0f5a2af3a7361c8bfd44524ecc2c0655.jpg,0,1,0,0,0,0,0,0
00000143-1-_jpg.rf.ff0723a2aab928fb96af2dbafba4b2ac.jpg,0,1,0,0,0,0,0,0
00000145-1-_jpg.rf.3cd938cb513b34ef8a7b69f831995a7e.jpg,0,1,0,0,0,0,0,0
00000145-1-_jpg.rf.844b3e8b3888dcc942d6a760060f21dd.jpg,0,1,0,0,0,0,0,0
00000145-1-_jpg.rf.e5b9fa4ee100f6f6b10f75a5093b5a4d.jpg,0,1,0,0,0,0,0,0
00000148_jpg.rf.4bb86fc0065969eac481c7db25bf3f24.jpg,0,1,0,0,0,0,0,0
00000148_jpg.rf.a939f4df99cc4245c83872121bb76cff.jpg,0,1,0,0,0,0,0,0
00000148_jpg.rf.ff68049d1297b32984822b01cb1a5ae9.jpg,0,1,0,0,0,0,0,0
00000155-1-_jpg.rf.66a15fe6b3edb42f2b6b1d85299e8a31.jpg,0,1,0,0,0,0,0,0
00000155-1-_jpg.rf.832d91e13afb77826325c61403189ab1.jpg,0,1,0,0,0,0,0,0
00000155-1-_jpg.rf.cc1b65ec7d4bf1ee3cf8aca09168436a.jpg,0,1,0,0,0,0,0,0
00000155-2-_jpg.rf.11317228a4bba5640474ba0cc38af35b.jpg,0,1,0,0,0,0,0,0
00000155-2-_jpg.rf.7f9c89c31ce92b0e60dea0dfa6a4b8cb.jpg,0,1,0,0,0,0,0,0
00000155-2-_jpg.rf.d68f036dc0d2dfdacc1f5c3ff594d910.jpg,0,1,0,0,0,0,0,0
00000156_jpg.rf.19d53960bbb114e1e5da34dccc062cdd.jpg,0,1,0,0,0,0,0,0
00000156_jpg.rf.30b619d810caf735d64c12de0360c831.jpg,0,1,0,0,0,0,0,0
00000156_jpg.rf.8f732c28c01bebbf36df34aeaa12177c.jpg,0,1,0,0,0,0,0,0
00000166_jpg.rf.041750e0945c6ee5cffa07184eb38127.jpg,0,1,0,0,0,0,0,0
00000166_jpg.rf.0d035aeb21696d83132fa7b16ce3f5cc.jpg,0,1,0,0,0,0,0,0
00000166_jpg.rf.c3ee6dc218bf50d3f586fa933b0c3109.jpg,0,1,0,0,0,0,0,0
00000167-1-_jpg.rf.5f67cab02048318fb68ee3651c0cdf6d.jpg,0,1,0,0,0,0,0,0
00000167-1-_jpg.rf.d4c38c014b597c528b3eb1aaeb2663bf.jpg,0,1,0,0,0,0,0,0
00000167-1-_jpg.rf.f25a1576a06c6647802cb0aea6ca0492.jpg,0,1,0,0,0,0,0,0
00000173_jpg.rf.6f09a80a85071f5d1d25c8ca829f00ab.jpg,0,1,0,0,0,0,0,0
00000173_jpg.rf.e2191ff428de381174bbff0bf7fcd321.jpg,0,1,0,0,0,0,0,0
00000173_jpg.rf.ea0f3362f5bb56046db16d8489234d3f.jpg,0,1,0,0,0,0,0,0
00000185_jpg.rf.88c7b00ca552fd4d0522747252ffd2ec.jpg,0,1,0,0,0,0,0,0
00000185_jpg.rf.b572aca20e6bbd7d9500af278086871c.jpg,0,1,0,0,0,0,0,0
00000185_jpg.rf.ff5ec199bf8ceaa02aec716c548a9450.jpg,0,1,0,0,0,0,0,0
00000193-1-_jpg.rf.97488e98ac74a9c686e9ed6cbce46479.jpg,0,1,0,0,0,0,0,0
00000193-1-_jpg.rf.c36b3cceaee7fee99895e531a7e636e1.jpg,0,1,0,0,0,0,0,0
00000193-1-_jpg.rf.e2f7ca80cc2b5bd87d0cef9131c2133f.jpg,0,1,0,0,0,0,0,0
00000193_jpg.rf.971d206be82b89d168b2ba4219dc2580.jpg,0,1,0,0,0,0,0,0
00000193_jpg.rf.b2a7d5b43d1e3f1f234aa21b85b4e9ff.jpg,0,1,0,0,0,0,0,0
00000193_jpg.rf.fbb4fc1072c92af93f3000f19e389b52.jpg,0,1,0,0,0,0,0,0
00000195-1-_jpg.rf.3205e96ad2b709625ea2774f622dd543.jpg,0,1,0,0,0,0,0,0
00000195-1-_jpg.rf.7400ff4e4b9368f73f11cefeb2bc6c9a.jpg,0,1,0,0,0,0,0,0
00000195-1-_jpg.rf.fcd431eec86385a47dc532a8bbe5362b.jpg,0,1,0,0,0,0,0,0
00000196-1-_jpg.rf.1d1fd9b12e26f4b061c33ca6a0e874ec.jpg,0,1,0,0,0,0,0,0
00000196-1-_jpg.rf.390d54f9846309d3231da429f3221dea.jpg,0,1,0,0,0,0,0,0
00000196-1-_jpg.rf.8e025a95beabcccfb0daa4826cad53b7.jpg,0,1,0,0,0,0,0,0
00000200_jpg.rf.4c698d01cd94c582ced2367d6f704ac3.jpg,0,1,0,0,0,0,0,0
00000200_jpg.rf.b1938c8b2247f3ea4bd455c0ee78f4fc.jpg,0,1,0,0,0,0,0,0
00000200_jpg.rf.d1ffa5682f2ea9547d2777ec3264c6b7.jpg,0,1,0,0,0,0,0,0
00a4669a-0236-443a-a9ea-d50705b4a29f_Jpg_jpg.rf.33a831f6d14021e64abdd30d7e463efe.jpg,1,0,0,0,0,0,0,0
00ab5445-c69c-4054-a688-199d56c1184c_Jpg_jpg.rf.805d4e3feaa463bd130d6586f3bd038c.jpg,0,0,0,0,0,0,0,0
00c77a7d-c5b4-4ebb-a0df-97a094599c55_Jpg_jpg.rf.8bc2d45ca2791c2f0162fea864efff1f.jpg,0,0,0,0,0,0,0,0
01a86e68-be09-46dc-b900-0595e7023660_Jpg_jpg.rf.11ebfc7af03ae4bbb09a07057aa3c19f.jpg,1,0,0,0,0,0,0,0
01ba197d-7946-4375-8177-212a0f69a798_Jpg_jpg.rf.07173da2b1b2a6295b35f7f4ac6641ec.jpg,1,0,0,0,0,0,0,0
02cafffd-585f-4701-98af-602ed6a63e35_Jpg_jpg.rf.83bc7b765600af571d3083b59a3366c1.jpg,0,0,0,0,0,0,0,0
03fa6dc4-7443-4e5f-9686-e3ec9de389ab_Jpg_jpg.rf.35a29397ee932e39f6cac2973fdc5e4d.jpg,0,0,0,0,0,0,0,0
04e319c2-622d-4612-9c8e-16acfee6afd4_Jpg_jpg.rf.0eb08a8dd34ede6a6fa25b59e11c3d21.jpg,0,0,0,0,0,0,0,0
04e319c2-622d-4612-9c8e-16acfee6afd4_Jpg_jpg.rf.7d87b983711a842260150369695192d8.jpg,0,0,0,0,0,0,0,0
06c57d02-49fe-4a97-8a56-10f253845e2e_Jpg_jpg.rf.e7675974e384e73f58b8e7d1441bcb3d.jpg,1,0,0,0,0,0,0,0
0a180fd3-ebe1-45ea-84d7-1f47b502bfeb_Jpg_jpg.rf.9c29b5c1df6819c26ee2863c398b41cb.jpg,1,0,0,0,0,0,0,0
0a4a0d50-37ef-4004-982d-032f2f8ed5db_Jpg_jpg.rf.9de154c1a34a494373f9630a4b3acb42.jpg,0,0,0,0,0,0,0,0
0a5e8f3e-bfc3-44ba-9bf9-7c7546b84805_Jpg_jpg.rf.12f1fa1a0dcccf4e3cbee1ded46a40fe.jpg,0,0,0,0,0,0,0,0
0a9d9f54-edab-4998-9323-16e0fe286506_Jpg_jpg.rf.72c73950b4e7b2e2972403aab7ff20b4.jpg,1,0,0,0,0,0,0,0
0ab7b282-e8c8-4675-a461-bc8616072e50_Jpg_jpg.rf.def937fe543769696c3d8277706a665e.jpg,1,0,0,0,0,0,0,0
0ad33cf2-b6f9-4c26-9f59-af21fe8c82ca_Jpg_jpg.rf.2d62f5537f3ad4a170c333aaeed0512b.jpg,1,0,0,0,0,0,0,0
0af39833-48be-4f9c-9b2c-d131f0586f42_Jpg_jpg.rf.0e80c9272e47522103a05263a151f7e1.jpg,1,0,0,0,0,0,0,0
0af5c477-0de4-468c-ab99-49b8b40e21ed_Jpg_jpg.rf.cfaa3d368199df010c64cf0b2be3cb26.jpg,1,0,0,0,0,0,0,0
0b1ecda6-4114-49d9-8597-f1278c927cfe_Jpg_jpg.rf.fa1f513c620b9290479626e098b95ecb.jpg,1,0,0,0,0,0,0,0
0b24c89b-8cdd-40bc-9c1b-11068b3c6606_Jpg_jpg.rf.d3bdd13c3a59fe1a3b0c819282ad9afc.jpg,1,0,0,0,0,0,0,0
0b2b5f7c-b7f3-406a-ad9e-8d8eecd90856_Jpg_jpg.rf.93cf36d7a355057d40e163bde186596a.jpg,1,0,0,0,0,0,0,0
0b552909-6380-459c-941c-69b2d54b23c9_Jpg_jpg.rf.0139010d5da9d61e7631c4df2c664860.jpg,1,0,0,0,0,0,0,0
0b5bc59c-d86a-418f-899a-a637e735d619_Jpg_jpg.rf.7f0ee0006f0a6e8f93fe400f17c85b3c.jpg,1,0,0,0,0,0,0,0
0b5e40df-68dd-4907-a8b8-157ad10584ed_Jpg_jpg.rf.23cc6fd6924fcd07cdd0c567d424152d.jpg,1,0,0,0,0,0,0,0
0b924cad-bd62-42e7-81b9-98b83792b21a_Jpg_jpg.rf.16a3d292910eb0d2fbac3bbcfb04713c.jpg,1,0,0,0,0,0,0,0
0c1de627-6097-48a7-8f26-f2bab41dbf66_Jpg_jpg.rf.28055473bf2e3649750ea06d8aacaf4a.jpg,1,0,0,0,0,0,0,0
0c4b2b88-df69-4514-bacc-7e7a39edf54b_Jpg_jpg.rf.8368ebcd38d9bb0027550bc9c622c620.jpg,1,0,0,0,0,0,0,0
0c6c5689-2a80-4a9c-b65a-af7085e5ac91_Jpg_jpg.rf.571406573a33cad5a47dfd4793f6176a.jpg,1,0,0,0,0,0,0,0
0c941867-d3b9-4273-873e-8a29aec36b72_Jpg_jpg.rf.3cbe7c747ea692844242e85b0c547e2b.jpg,1,0,0,0,0,0,0,0
0cfe20ce-83ef-4ccf-bcf1-3576aae6db72_Jpg_jpg.rf.7c660844c105c86ea57eda8619e93a72.jpg,1,0,0,0,0,0,0,0
0d062ecb-8eb8-4314-a57b-dbf71c3b246b_Jpg_jpg.rf.092d05293deec70fef7b37a4aa7548a4.jpg,1,0,0,0,0,0,0,0
0d20a3a5-e3ab-4b0f-87d6-b384f65f1f1d_Jpg_jpg.rf.5a2aa041ce730636bb371c55a2f1b223.jpg,1,0,0,0,0,0,0,0
0d71f352-729b-41c5-aa24-4365f9bd85dd_Jpg_jpg.rf.6c1fdf588ad62d1ef91479ce3dd91dc9.jpg,1,0,0,0,0,0,0,0
0e58be01-6b80-4778-a8b9-72df51453492_Jpg_jpg.rf.23d0196351fc8d4c4ed54893356faf29.jpg,1,0,0,0,0,0,0,0
0e66ba9b-7ded-4aa4-bd6a-f0713c7cd183_Jpg_jpg.rf.5bbf0ff9085830a1bb5f419a9b48e80f.jpg,1,0,0,0,0,0,0,0
0e8b4f70-4554-4b10-bbc8-afb30ec0e9e0_Jpg_jpg.rf.35bdb4395ad1cc2147b15819b3a44934.jpg,1,0,0,0,0,0,0,0
0eb5e3c3-14c9-42c2-8b95-7a19aa420f00_Jpg_jpg.rf.26604272f3a362e90f5a74d99b5b8320.jpg,1,0,0,0,0,0,0,0
0ef5731c-6f40-4cf9-86af-d56982c0cb98_Jpg_jpg.rf.3ad2ffe8e7fd8a6d52f08f240ddde1b5.jpg,1,0,0,0,0,0,0,0
0efa9d5b-83dc-4816-927e-9fab3384393a_Jpg_jpg.rf.d4b73b7d8eb4fc3cb4d48aa3bb942cc6.jpg,1,0,0,0,0,0,0,0
0f3fb65b-6f19-4e5b-b45b-20fc87726a2a_Jpg_jpg.rf.1dcf6630ffe54d75c9c4ad3786bd6917.jpg,1,0,0,0,0,0,0,0
0f8c160e-cd86-4210-be58-0aef92af44c4_Jpg_jpg.rf.e86baf4e4083cb2ce4ec633ee62d32c9.jpg,1,0,0,0,0,0,0,0
0fba54d5-e90b-4486-b015-8d3ac13cab3f_Jpg_jpg.rf.1e3df2cc768123556501b25d55310557.jpg,1,0,0,0,0,0,0,0
0fd850fd-33d4-49d1-b227-ba22282b6529_Jpg_jpg.rf.7d0333fb662f2c7cc382532e27c94238.jpg,1,0,0,0,0,0,0,0
100_png.rf.4f90dd6e5a85788c7e53d90108fcf0ec.jpg,0,0,0,0,0,0,0,0
101_png.rf.2d04bbefca6a70251eec359ba2e82113.jpg,0,0,0,0,0,0,0,0
104_png.rf.ce951d0fd05a491b6bfdca12f4ac0dec.jpg,0,0,0,0,0,0,0,0
106_png.rf.1d5ee22a6076ee04f518819014bc00c1.jpg,0,0,0,0,0,0,0,0
107_png.rf.6257f59d9bddc17b66fbed31453e870e.jpg,0,0,0,0,0,0,0,0
109_png.rf.3c8f8c42ab9ee39f76bcf0a9fbac9182.jpg,0,0,0,0,0,0,0,0
10_jpg.rf.693a4f5a474be79829c9646c29717347.jpg,0,0,0,0,0,0,0,1
10_jpg.rf.a4abae71cb58200973b8994385ae4358.jpg,0,0,0,0,0,0,0,0
10_jpg.rf.e9b5844811f7e9f5c1812812b02acc5f.jpg,0,0,0,0,0,0,0,0
10_png.rf.a1014390730568505aa2fffea1e89e7a.jpg,0,1,0,0,0,0,0,0
110_png.rf.871e9342f3d2306f6629253d523825bb.jpg,0,0,0,0,0,0,0,0
112_png.rf.f86183d3196b9e7b894b0c623da1a2b3.jpg,0,0,0,0,0,0,0,0
113_png.rf.e2e5928daa0b07277e994d223db0a0b8.jpg,0,0,0,0,0,0,0,0
114_png.rf.05e7997dcf9115351016f91d37fae694.jpg,0,0,0,0,0,0,0,0
115_png.rf.1c48b3c506abdbcb375d164fc4487e43.jpg,0,0,0,0,0,0,0,0
118_jpg.rf.e385521755d0ff3264cdb9a219efb061.jpg,0,0,0,0,0,0,0,0
11_jpg.rf.45216ad18b9495370dfd96206806d54c.jpg,0,0,0,0,0,0,0,0
11_jpg.rf.6245fdbc2381331374655fe261ce56bd.jpg,0,0,0,0,0,0,0,1
11_jpg.rf.a01f89bed44b508ad23d81ebdc7f66e5.jpg,0,0,0,0,0,0,1,0
11_png.rf.f14daad41661d97c9e56bbf531f8e9dc.jpg,0,1,0,0,0,0,0,0
120_jpg.rf.84f8687ceb7d9f733e3b7dd363f98ccc.jpg,0,0,0,0,0,0,0,0
12_jpg.rf.691fb2b97b431e660cfcd5ef1c675df4.jpg,0,0,0,0,0,0,0,0
12_jpg.rf.ee0e5c9d70154e5530eb054a2deaf49b.jpg,0,0,0,0,0,0,0,1
12_png.rf.4a54512b4a983993130c044f6a77c40f.jpg,0,0,0,0,0,0,0,1
12_png.rf.8121ca91f154d4908af3e0735abb2315.jpg,0,1,0,0,0,0,0,0
131_jpg.rf.a7a7b6f3ace14ca6e3c304a55db11cd2.jpg,0,0,0,0,0,0,0,0
13_jpg.rf.2f7a79b8dd23c2a2e5ea2f36d1557c0a.jpg,0,0,0,0,0,0,0,0
13_jpg.rf.60814f324d7b5a8133a4babef430fa8b.jpg,0,0,0,0,0,0,0,1
13_png.rf.a4d299acababc33767578955353f86eb.jpg,0,1,0,0,0,0,0,0
14_jpg.rf.197c258120d42ce4217007add54f3c7a.jpg,0,0,0,0,0,0,0,1
14_jpg.rf.3138b916001e604b8783cc5e0636bbd5.jpg,0,0,0,0,0,0,0,0
14_jpg.rf.bd3ab36ad8306dba780436a7893d244c.jpg,0,0,0,0,1,0,0,0
14_jpg.rf.c47a5bbee053a029bc2af5a59d0dc964.jpg,0,0,0,0,0,0,1,0
14_png.rf.f3f065bcbdd939ce4f47d150972301d0.jpg,0,1,0,0,0,0,0,0
15_jpg.rf.223ca3c39470c2d8901cdee13e824d86.jpg,0,0,0,0,0,0,0,0
15_jpg.rf.c94f0d0f40680f2bdb5807a6f6acb3fe.jpg,0,0,0,0,0,0,0,1
15_png.rf.33c2eb6a8dbb4fb53dbc54535db655ad.jpg,0,1,0,0,0,0,0,0
16_jpg.rf.19ce2146aaaa5b1bf1373dbef16ccdf6.jpg,0,0,0,0,0,0,0,1
16_jpg.rf.a55e953be15609d5d0c1fa24c5711275.jpg,0,0,0,0,0,0,1,0
16_png.rf.a495376a733070d5b5c334e10fcc76d6.jpg,0,1,0,0,0,0,0,0
17_jpg.rf.5972918b8f0d35d886a1eeb88a066a8d.jpg,0,0,0,0,0,0,0,1
17_jpg.rf.5b60d9bc0665a80cc8baa6abd083fe53.jpg,0,0,0,0,0,0,1,0
17_jpg.rf.e276e1a6704504cfdc92a12a54e6703b.jpg,0,0,0,0,0,0,0,0
17_png.rf.8bea147046d1c982e49780e81e4a1e76.jpg,0,1,0,0,0,0,0,0
18_jpg.rf.891a8aa1079b2b7eed88639f04b87bbe.jpg,0,0,0,0,0,0,1,0
18_jpg.rf.9ac6983f5562b09a18c8f2becb5d04e4.jpg,0,0,0,0,0,0,0,0
18_jpg.rf.fe041bcd85104f98b23750c2ba5fb098.jpg,0,0,0,0,0,0,0,1
18_png.rf.9d0bf601c10c698592a29502943c2fe7.jpg,0,1,0,0,0,0,0,0
19_png.rf.5fd5f265964f555beb8a61bd6a91088f.jpg,0,1,0,0,0,0,0,0
1_jpg.rf.b0622fa137c4f1e16e273576c7548312.jpg,0,0,0,0,0,0,0,1
1a1479f4-7efa-423f-bb20-c8e8f06378d4_Jpg_jpg.rf.52b0f9f47a53b49b6e76ee097d9ec6ef.jpg,1,0,0,0,0,0,0,0
1a2f90e6-eeb6-4b4f-8c52-1a3371fca385_Jpg_jpg.rf.6b2b27744138a0260cbc572c4e0f252a.jpg,1,0,0,0,0,0,0,0
1a6caa8f-325f-4bf9-a718-1bab7bcab0df_Jpg_jpg.rf.ab01d94a6b11955911498c2f95b1ceb3.jpg,1,0,0,0,0,0,0,0
1ae62855-e914-4997-876a-37229794d3be_Jpg_jpg.rf.896bd9e9370d08dc00497b98e75faa5b.jpg,1,0,0,0,0,0,0,0
1b0ec4c3-8efa-45cf-8a40-5cf304fa996c_Jpg_jpg.rf.ea62bf04d54f2bc229ece5748f2003b3.jpg,0,0,0,0,0,0,0,0
1b1393d7-33a9-478a-9a17-9ccfdb816a93_Jpg_jpg.rf.2aad0b2ec8ede4747b12797571e84691.jpg,0,0,0,0,0,0,0,0
1b583cfd-3f62-461d-9069-e4d18a4d9b5e_Jpg_jpg.rf.9119851302a0a5b18f9ee54985bc9e8b.jpg,0,0,0,0,0,0,0,0
1b66522a-3d73-4c18-b5bf-2408e5f40c4a_Jpg_jpg.rf.9f8d87868785b151254ddd02cebd0e36.jpg,1,0,0,0,0,0,0,0
1b665c64-8af7-4efa-b28b-e9456a3b548c_Jpg_jpg.rf.59480fbb6dbc7a2af295fdb1b9663577.jpg,1,0,0,0,0,0,0,0
1b888077-df2a-46cf-b052-7b03d4074593_Jpg_jpg.rf.2817628f32ab314ac1af9d2ad1c54af7.jpg,1,0,0,0,0,0,0,0
1b916318-df5e-4b5d-80cf-70ea2e07115a_Jpg_jpg.rf.88c21aba40fc524d3e7a9223ae080ea1.jpg,1,0,0,0,0,0,0,0
1b9efe74-d197-48f2-9d5e-03f08a424adc_Jpg_jpg.rf.42f937fd195f820a9541a531f42fd6c4.jpg,0,0,0,0,0,0,0,0
1bb52f6a-be9a-4487-b202-26983ffcb41f_Jpg_jpg.rf.dfffa4015cb3f054a68e08b6a5f949e6.jpg,1,0,0,0,0,0,0,0
1c070141-8ec7-4d1b-9e70-30c66073e875_Jpg_jpg.rf.40d73843c40a7497ff2368627cc3be9b.jpg,1,0,0,0,0,0,0,0
1c166079-d1a3-44ee-9de1-06ee58540dc6_Jpg_jpg.rf.d95ce5bd312c84015a81c5b938c810c2.jpg,1,0,0,0,0,0,0,0
1c44a99f-87ad-4a12-923e-672555b4886d_Jpg_jpg.rf.cb7a08d2186f569098794b7c8e1eb478.jpg,0,0,0,0,0,0,0,0
1c44a99f-87ad-4a12-923e-672555b4886d_Jpg_jpg.rf.f75f8cd5515a7c4804442ef6b756b32e.jpg,0,0,0,0,0,0,0,0
1c4b0103-7228-4d5a-a62e-eb7faefe3689_Jpg_jpg.rf.4386b1b6ede6681bc8e5cc06147fa2d7.jpg,1,0,0,0,0,0,0,0
1c6497b4-1dfa-487a-b971-64a77c035d93_Jpg_jpg.rf.694d0f557f182812c6722a08d763e995.jpg,0,0,0,0,0,0,0,0
1cd11da1-beab-4f58-94b0-346c92fa1685_Jpg_jpg.rf.a03ba3142f72d1ad71cb6171a55b4011.jpg,1,0,0,0,0,0,0,0
1cd29096-75a9-42ee-a6da-f33b438fdc5c_Jpg_jpg.rf.11a494a909a6af948f67178a47a6b0a8.jpg,1,0,0,0,0,0,0,0
1d212e3e-adca-4d6f-8940-db63f48d1b7c_Jpg_jpg.rf.bc0c82335795e871e0732b06f97bfc39.jpg,1,0,0,0,0,0,0,0
1d25509d-130b-48ce-8a72-15593881b35b_Jpg_jpg.rf.0738e3564c5ac8e40f3b585a33c50f73.jpg,0,0,0,0,0,0,0,0
1d25509d-130b-48ce-8a72-15593881b35b_Jpg_jpg.rf.b996b9268a99edc8d643b325fd71b9a6.jpg,0,0,0,0,0,0,0,0
1d3b645c-228e-4f42-968e-f048f0bba05b_Jpg_jpg.rf.4c4e34cea40e9d186fd4f48fc126a604.jpg,0,0,0,0,0,0,0,0
1d576c41-9ba6-4f40-9fac-99c6e85dd236_Jpg_jpg.rf.cfa994c6bb35b9132d57e9f5ba3c8721.jpg,1,0,0,0,0,0,0,0
1d6882d6-fba9-45bc-9a2a-e8f2dd3c5ed6_Jpg_jpg.rf.f6922e49c8408f3605639c1d71c104f3.jpg,1,0,0,0,0,0,0,0
1da563ba-bf02-47b8-a96c-7a3e3deb6963_Jpg_jpg.rf.4975fc2cb4d36c44cc3bd716b56e5c5c.jpg,0,0,0,0,0,0,0,0
1db2b203-2304-442f-ae72-64498d643584_Jpg_jpg.rf.f667dfcc8d840f26613c5e608707b279.jpg,1,0,0,0,0,0,0,0
1e029b0a-cb1c-43e5-9dd4-8c01149a2c94_Jpg_jpg.rf.78e20b00dfdf3a03c4412c2c34d1d271.jpg,1,0,0,0,0,0,0,0
1e29848c-ecf1-4e4d-8004-9ee4dfb9f92a_Jpg_jpg.rf.c66f86faa96dcb3fc913782f5567869d.jpg,1,0,0,0,0,0,0,0
1e3fea39-1450-448d-8073-4f1d744ff602_Jpg_jpg.rf.fda57e4524ef5a94e3f0b5db8499bbf4.jpg,0,0,0,0,0,0,0,0
1e5a9458-0065-401c-9ec5-dfc76c089248_Jpg_jpg.rf.2b7a64df7bcdf8160dd52fe0cb72f185.jpg,1,0,0,0,0,0,0,0
1e5e9f06-42ec-467d-84c2-e992126697ff_Jpg_jpg.rf.2ba8374642051fc92fe80726fb17a6e1.jpg,1,0,0,0,0,0,0,0
1e90b8cb-fb44-414d-8ff5-138b4c404553_Jpg_jpg.rf.0ffcfa5275188460707a9cb4a8115c3e.jpg,1,0,0,0,0,0,0,0
1e991dd3-762f-4665-887c-542d108ed999_Jpg_jpg.rf.acafdbc0959314fadc65280954ed18fd.jpg,1,0,0,0,0,0,0,0
1edb99d0-2e3d-4b9a-b04f-d9c04cd6e433_Jpg_jpg.rf.26ad799eb32c33b3a5083d68a99ac10e.jpg,1,0,0,0,0,0,0,0
1f0051d0-7490-43bb-9fed-cccd4b0d283e_Jpg_jpg.rf.026f62f1333e1581887e59f8e32be95c.jpg,1,0,0,0,0,0,0,0
1f4f933d-f061-43d6-b4b1-73754e20251f_Jpg_jpg.rf.e487cb752439df5a09ea8821e2ff7349.jpg,1,0,0,0,0,0,0,0
1f57837f-c7a0-499a-8a92-665166c1efd9_Jpg_jpg.rf.2989c810e45e225017427584a4b95682.jpg,1,0,0,0,0,0,0,0
1f9929ef-6cd5-40e3-835c-cde2eff44dd8_Jpg_jpg.rf.5ea2c1c75d2d0e1f9929214a6d1d21c4.jpg,1,0,0,0,0,0,0,0
1fc03c39-c917-4698-be91-f6182f661bf5_Jpg_jpg.rf.bc2ced4e1880c6038c60db365fa34835.jpg,0,0,0,0,0,0,0,0
2033dd4f-2f44-4a1a-9b53-eca310405240_Jpg_jpg.rf.546010c0d10300811eff30167791fbd3.jpg,0,0,0,0,0,0,0,0
20_jpg.rf.fc25c033b8376539385e5f8cac751203.jpg,0,0,0,0,0,0,0,1
21_jpg.rf.5694ff51ced48891b4859148e71eb43c.jpg,0,0,0,0,0,0,0,0
21_png.rf.c0d287edc4fad5ce2b857941b2034fcd.jpg,0,1,0,0,0,0,0,0
22_jpg.rf.693e232f3ed1f3093e448d4dc9059a08.jpg,0,0,0,0,0,0,0,1
22_png.rf.516921c61fb80348ab05be01d8ea2c65.jpg,0,1,0,0,0,0,0,0
235d09ac-5bc6-4894-a8f9-b4045eea374b_Jpg_jpg.rf.3b787e2c6f69c6e9e9d377459442472a.jpg,0,0,0,0,0,0,0,0
23_jpg.rf.0dd4dc30bd787244e8e1ef8af64373ad.jpg,0,0,0,0,0,0,1,0
23_jpg.rf.1608658f62972b8eb5216c0827723f57.jpg,0,0,0,0,0,0,0,0
23_jpg.rf.5033b2220f52de9cc7a84095a16e2523.jpg,0,0,0,0,1,0,0,0
23_jpg.rf.a898dc89ee1adb55ff3189f2afb5958b.jpg,0,0,0,0,0,0,0,0
23_png.rf.df8ee856c1244ec0a7311b44abdb50f9.jpg,0,1,0,0,0,0,0,0
246628ac-1201-421c-bb40-296d11c8f96b_Jpg_jpg.rf.d8d57d93e22cb8d04f91d8029c39758d.jpg,0,0,0,0,0,0,0,0
24_jpg.rf.16cd4c609bf3a08dc8008c6c4c879db3.jpg,0,0,0,0,0,0,0,1
24_jpg.rf.25aac96a84014f63c853819b6906203e.jpg,0,0,0,0,0,0,0,0
24_jpg.rf.90fe68f7060cc3216358e6e5a2f270b6.jpg,0,0,0,0,0,0,0,0
24_jpg.rf.e116ba1622dc8b3cf47fc65ed469089b.jpg,0,0,0,0,0,0,1,0
24_png.rf.37e275c37ac4fc81cba01beb6852336a.jpg,0,1,0,0,0,0,0,0
24e506df-c39b-470e-8f68-6be21bd1a214_Jpg_jpg.rf.d49450f56f45c9c8a635bc09d06fee6a.jpg,0,0,0,0,0,0,0,0
24f5c69a-f456-4a57-94d1-d35bc3636333_Jpg_jpg.rf.b45d0a5a1dba1b004e995754179dee2e.jpg,0,0,0,0,0,0,0,0
252ef724-86c5-4fa0-a2c1-ea0242180823_Jpg_jpg.rf.3de384941b0ca3cf9f88b8780be4f560.jpg,1,0,0,0,0,0,0,0
254d431c-2d9b-4410-8020-486c661d1d6e_Jpg_jpg.rf.a6c233bfbce78c3f5f3ca5b394f9d872.jpg,0,0,0,0,0,0,0,0
25_jpg.rf.45d9b74147c6223db16bb0bbd8fcbec1.jpg,0,0,0,0,0,0,0,0
25_jpg.rf.62c9a36f4237b0986a09eaf3acb21f91.jpg,0,0,0,0,0,0,0,1
25_png.rf.7c5d8cb3dc47c3ddd726e4898288faca.jpg,0,1,0,0,0,0,0,0
26_jpg.rf.2e234fe9c23d76b4a02050b66f73f5e5.jpg,0,0,0,0,0,0,0,0
26_jpg.rf.9945f0284d6c74f35a9a0a5bac85903b.jpg,0,0,0,0,0,0,1,0
26_jpg.rf.9de8fbb22e5705a72ca91bc40fa7ddb9.jpg,0,0,0,0,0,0,0,1
27_jpg.rf.39f5e2f801a6f604f37d28cc29e7b95f.jpg,0,0,0,0,0,0,0,1
27_jpg.rf.a237f718f2f6463aaa28572aa071a9c1.jpg,0,0,0,0,0,0,0,0
27_jpg.rf.d4629f204fd7a52e61f8874c9223c825.jpg,0,0,0,0,0,0,1,0
27b28c58-e105-4590-9ca2-ddfdc8bfb741_Jpg_jpg.rf.29af050a4ac3806f5f89c152282ecd41.jpg,1,0,0,0,0,0,0,0
28_jpg.rf.59a5f0b86828be58b8a83feb2fd41394.jpg,0,0,0,0,0,0,0,0
28_jpg.rf.6acd955f7aece72b63a079fc7acf4765.jpg,0,0,0,0,1,0,0,0
28_jpg.rf.a0c2435f4200257d66bc4c14fea6787e.jpg,0,0,0,0,0,0,0,1
28_jpg.rf.bf0a04ce09bcb5d5d6c97ee6755e8b4d.jpg,0,0,0,0,0,0,0,0
28_jpg.rf.e57e54e5dcb6424f7c268221a79a3190.jpg,0,0,0,0,0,0,1,0
29_jpg.rf.263ac2753fff8ec045dee36e1a79bda1.jpg,0,0,0,0,0,0,0,0
29_jpg.rf.422827acb60d7d0b4ea1b2dc29d5e5d4.jpg,0,0,0,0,0,0,0,1
29_jpg.rf.cdd89132ac033da5dd8f7e32bd96bfef.jpg,0,0,0,0,0,0,0,0
29_png.rf.66eede598e9eaa04efcf37673efffd18.jpg,0,1,0,0,0,0,0,0
29b0d6de-11a5-4388-a58e-463d3c1143f9_Jpg_jpg.rf.b430aae7ac1333cd0ed9159d72b7dd77.jpg,1,0,0,0,0,0,0,0
2_jpg.rf.7a6edeca2e06fb944ece263f3fa8b015.jpg,0,0,0,0,0,0,0,0
2_jpg.rf.c96e448ee9fa008ccfa57a13c090a6ad.jpg,0,0,0,0,0,0,0,0
2_png.rf.08f654582e719eb30fb56eff39f4c1d3.jpg,0,1,0,0,0,0,0,0
2_png.rf.609030763741fa08dd6ac20b4c93c3ed.jpg,0,0,0,0,0,0,0,1
2a28083c-0e7f-407d-bddd-c8fe56061a14_Jpg_jpg.rf.9000f880e457851371c570cfd3c01d0b.jpg,0,0,0,0,0,0,0,0
2a713fdc-d66e-47bc-87f6-843e82150df1_Jpg_jpg.rf.6692597ec5ac6baeb2f8ba6781cdc9d9.jpg,0,0,0,0,0,0,0,0
2aedc5e9-d511-40bd-b86c-32f5993e7f01_Jpg_jpg.rf.4499663755986ee3a1a35c665c20a316.jpg,1,0,0,0,0,0,0,0
2b64f6b0-00b5-4555-a36c-4ee18db283a2_Jpg_jpg.rf.a06db35a227da2cf68b366b43a95a628.jpg,1,0,0,0,0,0,0,0
2b67c544-22a6-49d2-a759-350b62450bc6_Jpg_jpg.rf.65fb2818ea3845fd5d3d74b7d0a6930f.jpg,1,0,0,0,0,0,0,0
2bf3c06b-379a-4223-9642-051c3a1ed3bd_Jpg_jpg.rf.328bfa8ef41cdf17783c858303c3d4bb.jpg,0,0,0,0,0,0,0,0
2c39f35d-ddcb-499f-9243-302cd3bbd651_Jpg_jpg.rf.eab283462ace823aa4a4d9cac0182cb7.jpg,1,0,0,0,0,0,0,0
2c6e78e8-b52e-4752-bf59-cfc77825652c_Jpg_jpg.rf.61097f01e107eeefce1339163b9559cd.jpg,1,0,0,0,0,0,0,0
2c804f18-1306-41d3-90da-076457db4416_Jpg_jpg.rf.52d570df14d44a2db26b1c84322afb73.jpg,1,0,0,0,0,0,0,0
2cb52880-17d9-4a7b-ba9a-3bd0ab618abe_Jpg_jpg.rf.7ea346b06518fd2d83e0e580c94db59c.jpg,0,0,0,0,0,0,0,0
2ccea00d-7be7-41ad-a510-fcfb71ce6c94_Jpg_jpg.rf.e3e3e8195d2494b990d37ab28c86cce2.jpg,1,0,0,0,0,0,0,0
2cf502c0-297d-4afb-8281-f84f82d5d1c2_Jpg_jpg.rf.49ba4181e18e4cad513640cecf81e05c.jpg,0,0,0,0,0,0,0,0
2d5c8c11-d09a-4223-90e0-d356308830e9_Jpg_jpg.rf.3db6dccdb82b713c81456a6a4f60da51.jpg,0,0,0,0,0,0,0,0
2dad0154-b656-4172-816a-06ab6c17f261_Jpg_jpg.rf.e6a609a1d5487361a6f5ed1ca7376b61.jpg,1,0,0,0,0,0,0,0
2e6a2d71-2c76-4318-8a16-512d390f9fe5_Jpg_jpg.rf.2549df0371a87996376e8b6615bc6f36.jpg,1,0,0,0,0,0,0,0
2edf9a21-dac2-4bfa-a866-4978e2d1862c_Jpg_jpg.rf.929af54ca87f001923d804c0dc92ed50.jpg,0,0,0,0,0,0,0,0
3056e52a-0889-406a-b3c7-1f1551a58b5b_Jpg_jpg.rf.b2ceab7d927607566b52058c157632e4.jpg,0,0,0,0,0,0,0,0
30_jpg.rf.2f4d0bcceecb4136fd18d49d4079a0b0.jpg,0,0,0,0,0,0,0,0
30_jpg.rf.4da0394f802f93781766b91a05a169ca.jpg,0,0,0,0,0,0,1,0
30_jpg.rf.ad5be9c5337f61cd7e5615e19d041176.jpg,0,0,0,0,0,0,0,0
30_jpg.rf.c2435e8bbc99fa4d75942c8922c99ceb.jpg,0,0,0,0,0,0,0,1
30_png.rf.5d383e8735e8db76ace4cb8f729d1fe2.jpg,0,1,0,0,0,0,0,0
31_jpg.rf.0397efdfaea1b847944b8a56da5212f6.jpg,0,0,0,0,0,0,0,1
31_jpg.rf.8f2665e3fe9e1406f7e71be56c6838b0.jpg,0,0,0,0,0,0,0,0
31_jpg.rf.cb25f8f18cc113935b9f772ad39f61a6.jpg,0,0,0,0,0,0,1,0
31_png.rf.073bbf87b35f66d3232d1f0c8ec65ff4.jpg,0,1,0,0,0,0,0,0
32_jpg.rf.69b8638f6ba2ace9064ff52a1f5e295b.jpg,0,0,0,0,0,0,0,0
32_png.rf.74689d81dfbd7f75f428f30724f4b8e9.jpg,0,0,0,0,0,0,0,1
32_png.rf.f9f009196ab5b041918b49f2cb0eb891.jpg,0,1,0,0,0,0,0,0
33_jpeg.rf.736181e84813cd45a5922c5830f205c6.jpg,0,0,0,0,0,0,0,0
33_jpg.rf.9d28ad171afed644454bff987337a84e.jpg,0,0,0,0,0,0,0,1
33_png.rf.a927a35729ebfd2466c1767d858c5ee5.jpg,0,1,0,0,0,0,0,0
33fe7ef9-d1a4-4ed3-9b3c-4aeabdd5ea57_Jpg_jpg.rf.23743afe3a8f9a0666785317bd21e6a5.jpg,1,0,0,0,0,0,0,0
3460c692-b6e5-4580-940a-46254c8edb7f_Jpg_jpg.rf.98f3676b02875ecef4ddd8a34d04563c.jpg,0,0,0,0,0,0,0,0
34_jpg.rf.5e19e9b4078a5b49b2910317ce45266a.jpg,0,0,0,0,0,0,1,0
34_jpg.rf.911b7fb005ca1fba0b3506d8e7b03323.jpg,0,0,0,0,1,0,0,0
34_jpg.rf.c35384926d76f45fe41a694467fc17b5.jpg,0,0,0,0,0,0,0,0
35_jpg.rf.441b992bc680a83694153c1c40a6ee67.jpg,0,0,0,0,0,0,0,1
35_png.rf.5d2d01b9a1d452ba3f3dd73ee73b5d44.jpg,0,1,0,0,0,0,0,0
36_jpg.rf.12e366c750fbe996ee20dac007997794.jpg,0,0,0,0,0,0,0,0
36_jpg.rf.ab2619d42f33d6ce53e4fe56aecbd531.jpg,0,0,0,0,0,0,0,0
36_jpg.rf.e57099d79c6e39c8bbd3630cc47f0df2.jpg,0,0,0,0,0,0,0,1
37_jpg.rf.a76333922d2f311ddbcbfcfb213f479f.jpg,0,0,0,0,1,0,0,0
389055a6-49ba-42bf-9371-237a967a768d_Jpg_jpg.rf.b090b677d724408a0a81fb5d4f05e68a.jpg,0,0,0,0,0,0,0,0
389e198d-4b0e-4998-a8d9-cd363c4430c7_Jpg_jpg.rf.334a91b4eb3eee8960d15f8bf7e8b7d1.jpg,0,0,0,0,0,0,0,0
38_jpg.rf.4103b5083a316a5d2cbec52aa677cbf1.jpg,0,0,0,0,0,0,0,0
38_jpg.rf.77da42a6e533c5761e28848e99dad7c3.jpg,0,0,0,0,0,0,0,1
38_jpg.rf.791afe673f55c75cbcbb1db0a601a054.jpg,0,1,0,0,0,0,0,0
38_jpg.rf.98a50e1054fedbd64129c2472036814f.jpg,0,0,0,0,0,0,1,0
39_jpg.rf.3e7e4697f2b053f0bb5a95d7f4231da5.jpg,0,0,0,0,0,0,0,0
39be6a07-af21-423b-81ca-97a8c43bc5f6_Jpg_jpg.rf.b9dde316078bf0e30d2fc3ef39f4dd7d.jpg,1,0,0,0,0,0,0,0
39d1338a-14b8-42a7-a39e-f75a63e13a30_Jpg_jpg.rf.43f7420ad6ecc7aecb1f4d7b9d0831c4.jpg,0,0,0,0,0,0,0,0
3_jpeg.rf.942e1bee5851db203fbd4a53ba5e4104.jpg,0,0,0,0,0,0,0,0
3_jpg.rf.fc7974ebc3802dd111cab411a130a867.jpg,0,0,0,0,0,0,1,0
3a0aac38-042f-44fc-bd65-f19c02c4b08a_Jpg_jpg.rf.76cd3bacab60326dd39c949c3473de20.jpg,0,0,0,0,0,0,0,0
3b7343d0-3d35-4aab-85d4-906e8e8d05c8_Jpg_jpg.rf.f674cc55c7619bb428dcc128376fef3a.jpg,1,0,0,0,0,0,0,0
3b806b82-441e-41c8-897f-01b2bfdf9654_Jpg_jpg.rf.1eee556c292ad90da2f8f9a38fe52abe.jpg,1,0,0,0,0,0,0,0
3c1bed27-aaa6-44fc-b432-5e23af994c30_Jpg_jpg.rf.9ad2fb3af2984a8800c1788b75134065.jpg,1,0,0,0,0,0,0,0
3c3fa326-3c72-4d93-8fed-c16d37396498_Jpg_jpg.rf.444c24d573cc4d46dec8ed5f24f38156.jpg,1,0,0,0,0,0,0,0
3cadcd7d-9299-4fd9-9a78-bd06bbe0a397_Jpg_jpg.rf.fb6ad80ba4d2afcde195980f5cef1793.jpg,1,0,0,0,0,0,0,0
3ceebfcf-921e-4ffd-adf6-0967b52103dc_Jpg_jpg.rf.891c2ae54cf2dbed7485f8523834f45f.jpg,1,0,0,0,0,0,0,0
3d632a44-beb5-429d-afca-362b7379930c_Jpg_jpg.rf.e3930db9366d76c9f07e1fb40f316888.jpg,1,0,0,0,0,0,0,0
3d8c7f62-25ef-4711-b490-a4e2f336339c_Jpg_jpg.rf.6fca1f221b19daaacfb8fdce90cbab06.jpg,0,0,0,0,0,0,0,0
3d8c7f62-25ef-4711-b490-a4e2f336339c_Jpg_jpg.rf.b00abb4aec02bc26dfc958add4c4a81f.jpg,0,0,0,0,0,0,0,0
3d91a7ee-e39b-42e9-be1a-e2215fc44cfd_Jpg_jpg.rf.36884536d3f3db658fc2debb54835e06.jpg,1,0,0,0,0,0,0,0
3df15c1e-30f0-4712-a441-12cddb8da1a3_Jpg_jpg.rf.bdd5f27f5a626144e79f0302dacd0c73.jpg,1,0,0,0,0,0,0,0
3dff9e98-6a53-4f9b-8c24-76f791cfc9e0_Jpg_jpg.rf.283aa4f3a81f220621da6ca81cb9f4f2.jpg,1,0,0,0,0,0,0,0
3e70628a-a435-4af7-9b09-77a263927696_Jpg_jpg.rf.c559e8629f8e665675a1569da9800866.jpg,1,0,0,0,0,0,0,0
3ea5350c-2fad-4d22-b7dd-d3416a18b217_Jpg_jpg.rf.1f5232169313df98aaa2225e6cd50e27.jpg,1,0,0,0,0,0,0,0
3eb3703d-541b-4434-b407-f9e43f6dfd3c_Jpg_jpg.rf.c7722960b76222c0ae980b01b3a92fbf.jpg,0,0,0,0,0,0,0,0
3ec7e3e2-8592-4af1-955a-82c9fe70b7ce_Jpg_jpg.rf.a0592ac4a4678e3dd25175f07ba752f1.jpg,1,0,0,0,0,0,0,0
3ef58ec7-2877-43ce-bd7d-b7d852cf7296_Jpg_jpg.rf.218d8f2fba2c8eefb89c5eef45e2bd4c.jpg,1,0,0,0,0,0,0,0
3f1736f5-c86b-4c14-8d36-621341caad9a_Jpg_jpg.rf.cd97b88a98ea6c1acd124dd8fbfa83d7.jpg,1,0,0,0,0,0,0,0
3f410548-e11c-4d99-bf63-cba2469c0232_Jpg_jpg.rf.2282ce14b45e89e4a3cba72fe9c536d6.jpg,1,0,0,0,0,0,0,0
3f8bd0cc-c951-451f-87f2-9b9189c7227d_Jpg_jpg.rf.6275db3500c55c6b89a82cf7a56c47e9.jpg,1,0,0,0,0,0,0,0
3ff475d6-87ea-4862-b9b0-c2aee5ee1650_Jpg_jpg.rf.4d0716decac81c02cd4d23e81976aa18.jpg,1,0,0,0,0,0,0,0
40_jpg.rf.0ff65b38449e06a1e7223d991418d55a.jpg,0,0,0,0,0,0,1,0
40_jpg.rf.b049850a35afd09cc44e39f9bfb7f156.jpg,0,1,0,0,0,0,0,0
4182daec-c8bf-4eb6-a40e-afc1f0035018_Jpg_jpg.rf.cdf35570e14d6ddbc31e6cccb26796e5.jpg,0,0,0,0,0,0,0,0
41_jpg.rf.3d48aa807480843793d476ce5d482b72.jpg,0,0,0,0,0,0,0,0
41_jpg.rf.b0355b081cd69871f66739fe3670110c.jpg,0,0,0,0,0,0,0,0
41_jpg.rf.c90371cc90aa97de674402d830ca6faf.jpg,0,0,0,0,0,0,0,1
42_jpg.rf.7a49a76e4afeb59ed0e54905212b6a83.jpg,0,0,0,0,0,0,1,0
42_jpg.rf.c764422a6bd89280f08ac31a0d1764e3.jpg,0,0,0,0,0,0,0,1
42_jpg.rf.d60c1c2f39d64666de4595a027b327b1.jpg,0,1,0,0,0,0,0,0
42eb99c6-6d3b-4686-8354-844e655cb193_Jpg_jpg.rf.6d4dc7ad04d0f55ec8afcd6484e48a79.jpg,1,0,0,0,0,0,0,0
430bcbb3-f956-4824-a4f5-3f2c6e1512c8_Jpg_jpg.rf.ab1edca3aff183e2801596094d840907.jpg,0,0,0,0,0,0,0,0
43_jpg.rf.4a9e26744ea03a7d27a2953ed3c832cc.jpg,0,0,0,0,0,0,0,0
43_jpg.rf.54c81fb738326b0412591eb7ad62bec7.jpg,0,1,0,0,0,0,0,0
44_jpg.rf.228e5594a31d1f2c9aa925681975d621.jpg,0,1,0,0,0,0,0,0
44_jpg.rf.4d617a1f786e149a77981b1994610320.jpg,0,0,0,0,0,0,1,0
44_png.rf.368fdf0fff5ec9d0b2525d9622612c81.jpg,0,0,0,0,0,0,0,1
44f2713f-cde1-45be-b29c-ef7b15212342_Jpg_jpg.rf.99f5c0a6b4ab4939473d389fcd02bd0e.jpg,1,0,0,0,0,0,0,0
47_jpg.rf.3248ed70de7e2adf480f56e961c48432.jpg,0,1,0,0,0,0,0,0
47_jpg.rf.f98bca327986718484038b59ff6165be.jpg,0,0,0,0,0,0,0,1
482e2006-e3c7-4c85-b3a5-feed2c82e0f4_Jpg_jpg.rf.f55cac8c0a869dd8ec4733b1d6646e28.jpg,0,0,0,0,0,0,0,0
48_jpg.rf.398482858d0a0e9f283817e640e4f618.jpg,0,0,0,0,0,0,0,1
48_jpg.rf.6bacfa330a3551c4fa1863b4c0d907ab.jpg,0,0,0,0,0,0,1,0
48_jpg.rf.9e6471c27b51beabbe2b0846464252f4.jpg,0,1,0,0,0,0,0,0
48_jpg.rf.d9bb32eba899c4fa0271719e77ce93b3.jpg,0,0,0,0,0,0,0,0
48a954a8-9dd6-405e-8cac-d693b0f3ecbe_Jpg_jpg.rf.88e3cfce5c4b5b390dd8fd7818e5749f.jpg,0,0,0,0,0,0,0,0
4962f658-54ee-4503-a02f-672380cefb86_Jpg_jpg.rf.59328c82fbd22c8dbbb4ac79ba7e880f.jpg,0,0,0,0,0,0,0,0
49_jpg.rf.0bb98114ceb4d88071ec79e53ad2a61f.jpg,0,1,0,0,0,0,0,0
49_jpg.rf.5ede4d77de4566bc33ce02e80e6bea18.jpg,0,0,0,0,0,0,0,0
49_jpg.rf.b3f0910683b309f5b4ad6db58f40da6b.jpg,0,0,0,0,0,0,0,1
49b71c7a-7dbb-4e92-90cb-6b02b7042b47_Jpg_jpg.rf.08fff9b9c0da8db2c95fd90e200a30f1.jpg,1,0,0,0,0,0,0,0
4_jpg.rf.8d5c2a8e6c16efae2b06aac4eec90cf3.jpg,0,0,0,0,0,0,0,1
4_jpg.rf.9569c0176fbeaf11ae57e008e787fe24.jpg,0,0,0,0,0,0,0,0
4_png.rf.00b463c78f17b9c8c22f4b73b19d1927.jpg,0,0,0,0,0,0,1,0
4_png.rf.ece3e8c473cae24a39b8aa3f03ee82c8.jpg,0,1,0,0,0,0,0,0
4b54ff0f-9a93-4948-847d-ba1300e6ddcf_Jpg_jpg.rf.01e5c6a9f754123f0ecbadc71465789e.jpg,1,0,0,0,0,0,0,0
4b95fa7e-44d3-48d2-83f6-9fd8def34882_Jpg_jpg.rf.567fc4a1b79d34f63b97c67e36187000.jpg,0,0,0,0,0,0,0,0
4c5385a6-b3a2-4ff5-aa4a-8169ee5d1dd2_Jpg_jpg.rf.e37b4eade923c80a10818fe7e367ebae.jpg,1,0,0,0,0,0,0,0
4c752a61-eb53-4309-a68f-9b57ca98cc2e_Jpg_jpg.rf.f31e353a10afe32f789eb9ae24b43881.jpg,1,0,0,0,0,0,0,0
4ca1f02d-b07e-4ce5-b7ba-8f305dec10cc_Jpg_jpg.rf.1a8cea0651612f0f04a85fe9ce456ccf.jpg,0,0,0,0,0,0,0,0
4cfd4ee4-9511-4204-84ff-03917fa4d9f2_jpg.rf.bf28e310212425c5b0f3dd0e77716808.jpg,0,0,0,0,0,0,0,0
4e24c265-e658-41ce-9278-cc46e0ae5b92_Jpg_jpg.rf.aa1d20029fad3c6348d1b8b2825eba04.jpg,1,0,0,0,0,0,0,0
4e412dd5-13b4-40ee-b5b5-18fea377f490_Jpg_jpg.rf.16555d374d61aad67d86ff365bdda428.jpg,1,0,0,0,0,0,0,0
4e5f3e5d-5dee-452a-891f-51def8e08b38_Jpg_jpg.rf.d11e1bf0f61c94206d0ae4cc214625c7.jpg,1,0,0,0,0,0,0,0
4eb69030-6b72-4138-8935-c0f09a14b2da_Jpg_jpg.rf.9838e7e835e5e6c72d4b5d914fec1fc9.jpg,1,0,0,0,0,0,0,0
4eea0843-0c90-4111-99b4-fb16cf8a09a5_Jpg_jpg.rf.e642e750203a5663eb0b5942e14941ee.jpg,1,0,0,0,0,0,0,0
50_jpg.rf.3a17b31b40c07a18d06f6561ffcc6010.jpg,0,0,0,0,0,0,1,0
50_jpg.rf.3cab38edc085b94dc6526892dbdec26e.jpg,0,0,0,0,0,0,0,0
50_jpg.rf.8d2c48ac8e70ce08baeec8f29feda7d6.jpg,0,1,0,0,0,0,0,0
50_jpg.rf.d9db52a3f75dbaaf5a65e78448f9d239.jpg,0,0,0,0,0,0,0,1
50b67e46-daac-4f5a-b1f6-5789a1f94bd3_Jpg_jpg.rf.51805b7dcde7002f2e72027757bcb2c5.jpg,1,0,0,0,0,0,0,0
51_jpg.rf.ee9d533c21e21ff01d543441fcc1624d.jpg,0,0,0,0,0,0,0,0
51af288f-066d-43e0-9fc8-052efc714e67_Jpg_jpg.rf.79d0a1a4b918583a9d07442f714f3df0.jpg,1,0,0,0,0,0,0,0
5227471e-1571-48c4-9274-b1999fdf54cf_Jpg_jpg.rf.6b25062a001cc00d74a1c827cf2e1b9d.jpg,0,0,0,0,0,0,0,0
52_jpg.rf.2142cd311b4c33241e0d6f4fab7a4970.jpg,0,1,0,0,0,0,0,0
52_jpg.rf.8c4f59c3ba36ba7291ef83c26238b974.jpg,0,0,0,0,0,0,0,1
53_jpg.rf.9303fbe480aa1c98882295512dbace9d.jpg,0,0,0,0,0,0,0,0
53_jpg.rf.953c6e03caf6dfb4c8e2cefc7ae716bd.jpg,0,1,0,0,0,0,0,0
54_jpg.rf.b7abed3483f6ff70f723c0c251f5954e.jpg,0,0,0,0,0,0,0,0
54_jpg.rf.e8cc1f65163b0b859b1168d402d1e120.jpg,0,1,0,0,0,0,0,0
54be6dba-b35b-408f-8521-e2c64b2e4c6f_Jpg_jpg.rf.9ea3e63f8af35ab6b93705e368540a19.jpg,0,0,0,0,0,0,0,0
54cd3ac4-81d8-493a-b0b2-588b703930b8_Jpg_jpg.rf.0d8b0bf0251d8fb4924ecb920bdd1729.jpg,1,0,0,0,0,0,0,0
5545e2fd-054b-4889-98cf-66fc418c8d4f_Jpg_jpg.rf.07076ee657d64db71f7d524e90993437.jpg,0,0,0,0,0,0,0,0
559b0d26-8e43-41ac-ac5d-f21ac2211ac9_Jpg_jpg.rf.15daa011aba003ea280f11e00b8ee3ee.jpg,0,0,0,0,0,0,0,0
56_jpg.rf.78459ff88517240d8f6731c458bdbd9d.jpg,0,0,0,0,0,0,0,0
56_png.rf.e08f73d82dc6384e3dd8004ff1f623f4.jpg,0,0,0,0,0,0,0,1
56c57232-dee6-45ee-93b1-b116827576c1_Jpg_jpg.rf.32ef6318c113586e560fdc1d14c9ae37.jpg,1,0,0,0,0,0,0,0
56d47c4b-54de-4509-95a1-f0107c7f4ee8_Jpg_jpg.rf.eae2fecf857232feb831183529afedce.jpg,1,0,0,0,0,0,0,0
57_jpg.rf.0e7e7aab4424f6ea707637a891ee4805.jpg,0,0,0,0,0,0,0,0
57_jpg.rf.82829dd9a91d7298a9bf6db143475d1d.jpg,0,1,0,0,0,0,0,0
57d6ded2-38d8-4917-b1bc-2c74d0fe743f_Jpg_jpg.rf.cf5e9e85320ba4e33d28b1633cc7bc72.jpg,1,0,0,0,0,0,0,0
58154cc3-46f1-4155-a176-eace4e8fd53e_Jpg_jpg.rf.73a57036a9112b0b344a991d9fe46b49.jpg,0,0,0,0,0,0,0,0
58_jpg.rf.64328bae129203cf4db8d00502d22b08.jpg,0,1,0,0,0,0,0,0
58_jpg.rf.db1927d63434457415f1c9def945d717.jpg,0,0,0,0,0,0,0,0
58e49a12-0671-47f5-b3d7-a678067421f3_Jpg_jpg.rf.986ac5b9677cc69a61922f03609f7ecb.jpg,1,0,0,0,0,0,0,0
58edbf31-b8e6-46ba-9b30-ec17e1b07690_Jpg_jpg.rf.e22f76c7d932936f2e90cda5681d7737.jpg,0,0,0,0,0,0,0,0
59_jpg.rf.55d0c6299ff54f33d0755ed3651ffaa9.jpg,0,1,0,0,0,0,0,0
59_png.rf.f321752b9c7b66b7118ee4078a2c4fea.jpg,0,0,0,0,0,0,0,0
5_jpg.rf.22f26089961c567a9afc4c242f6c8a39.jpg,0,0,0,0,0,0,0,1
5_jpg.rf.5b4cc6dad3dbd1ce7e98a3b3aafbde97.jpg,0,0,0,0,0,0,0,0
5_jpg.rf.bb2ab3d0a159db22dbfe65574f67de3d.jpg,0,0,0,0,0,0,0,0
5b004375-7e36-48e6-8cde-c6b0dc2fa39b_Jpg_jpg.rf.1ef8830779276bd46dacb3b1d44babd7.jpg,0,0,0,0,0,0,0,0
5b004375-7e36-48e6-8cde-c6b0dc2fa39b_Jpg_jpg.rf.37572e31230e47226270c26a69b0811b.jpg,0,0,0,0,0,0,0,0
5b606064-b54f-4b9c-aaf4-08cc8446e4ef_Jpg_jpg.rf.96517b37a19b3b9b64b72f2c69410ada.jpg,1,0,0,0,0,0,0,0
5b9d9d65-c440-45ae-a8a8-87efa006bbbb_Jpg_jpg.rf.6af2c1335cbb68674f78375cf09e8d8a.jpg,1,0,0,0,0,0,0,0
5bbc6bc3-c1ef-4089-936d-483886afde24_Jpg_jpg.rf.f8e56b7cc0cf3b8c13fd6fcd2351a191.jpg,1,0,0,0,0,0,0,0
5bc6d634-a0b8-4c29-982a-fd840fb60058_Jpg_jpg.rf.699cf8edc28d271cfeb54e09b5f14da2.jpg,1,0,0,0,0,0,0,0
5c4e65db-c68b-4282-a4de-f36003f7b613_Jpg_jpg.rf.7c3511469242b5ded807da8631f54ae0.jpg,1,0,0,0,0,0,0,0
5d645710-19f8-4811-9825-0c8f1b2251be_Jpg_jpg.rf.7e24ccd0515af3afd236bb3bab5f0c85.jpg,0,0,0,0,0,0,0,0
5d8e91bb-7ce5-4846-ade6-a36be6ff1252_Jpg_jpg.rf.c1e4680aa12afecb3af7093535183f4d.jpg,0,0,0,0,0,0,0,0
5da9a02c-c290-4775-b13e-9b4693f80df4_Jpg_jpg.rf.5e6001f8ec4c78334fa89acd9f5e0f63.jpg,0,0,0,0,0,0,0,0
5fa5f876-c264-431b-a577-e689029b903e_Jpg_jpg.rf.80b6a0f42bbcd8f8a390c308cfe6b68d.jpg,1,0,0,0,0,0,0,0
5fddd8de-d36b-4413-a315-e491eeaf8cc1_Jpg_jpg.rf.49773537355dfb6e3715b4c40117c76d.jpg,0,0,0,0,0,0,0,0
60_jpg.rf.251e035838756aa1572f1640287d255e.jpg,0,0,0,0,0,0,0,1
60_jpg.rf.662da97e6e62662798ef1c53f6ebf1c9.jpg,0,1,0,0,0,0,0,0
60b85f6c-28a7-453e-9161-b8b42762f9ad_Jpg_jpg.rf.c0523db99165132aee895a9585840b85.jpg,1,0,0,0,0,0,0,0
61_jpg.rf.443af87faa5fb77c0ce14a704c982a71.jpg,0,1,0,0,0,0,0,0
62_jpg.rf.a639aa533ee2b779dca9bac14de6ef38.jpg,0,0,0,0,0,0,0,1
62_png.rf.2585863a3f74d4785402a781c6a7c6ad.jpg,0,0,0,0,0,0,0,0
62aea136-4396-41b1-9b24-01bd083ff7d9_Jpg_jpg.rf.96c444336fd413ac95d8d04618fb46ee.jpg,1,0,0,0,0,0,0,0
63_png.rf.27af245f0d84e98bc3282bbf9d2dd5d2.jpg,0,0,0,0,0,0,0,0
63_png.rf.4fad70d08bb2376a820c1249953ac2ec.jpg,0,0,0,0,0,0,0,1
64_jpg.rf.fed80ddec4d02f4edc273dc8e607a552.jpg,0,0,0,0,0,0,0,1
64_png.rf.ae78989c524879c544d9d4f2f80e7f91.jpg,0,0,0,0,0,0,0,0
65_jpg.rf.0c2353db62c1909a94fec3ff6465543b.jpg,0,1,0,0,0,0,0,0
65_png.rf.78aff2e6dd2cb0b78bfbaa380a1638b7.jpg,0,0,0,0,0,0,0,0
66_jpg.rf.b099e8d43db027b3163df1e7e9fccfc5.jpg,0,1,0,0,0,0,0,0
66db86cd-a7eb-4c6d-8e04-0d908fe853b7_Jpg_jpg.rf.0e6cc2466c8bb2c6263cf590d8ba618e.jpg,0,0,0,0,0,0,0,0
6728bb8c-4f06-471c-8013-4b26d3ff6cc5_Jpg_jpg.rf.8323d685fecf89759fca2ba80caac1f1.jpg,0,0,0,0,0,0,0,0
67_jpg.rf.02adeefc50673b0c03be6d204afb2b48.jpg,0,0,0,0,0,0,0,1
67_jpg.rf.2c19395cc7d1ba7ce8d6b08c9f578382.jpg,0,1,0,0,0,0,0,0
67_png.rf.ad0900c04fd0884414884dc08ce67e49.jpg,0,0,0,0,0,0,0,0
67a3d572-b269-4fdc-87e0-227c63b59ea8_Jpg_jpg.rf.a8a999bc4c65742f043119263ccf6a91.jpg,0,0,0,0,0,0,0,0
683cab81-23a8-4faf-a06d-aaee949d6d42_Jpg_jpg.rf.0f76998fac42d954ed8507ac2083448e.jpg,0,0,0,0,0,0,0,0
68_jpg.rf.3eb74f3d2c315acb2a69a312a84d8035.jpg,0,0,0,0,0,0,0,1
68_jpg.rf.9eecca394d13817f6945427d893d7c59.jpg,0,1,0,0,0,0,0,0
68_png.rf.7f6730c3b0ec002ed4e2b9dd278db47d.jpg,0,0,0,0,0,0,0,0
68fe72dd-3e02-423c-a77b-67034cf0f8a7_Jpg_jpg.rf.0d84bc472338b07e7596dea294ef1613.jpg,1,0,0,0,0,0,0,0
69_jpg.rf.329568ba6860aede4b8da35209d9b7bb.jpg,0,0,0,0,0,0,0,1
6_jpg.rf.348de76ed859b1a1e3babbf8253623ad.jpg,0,0,0,0,0,0,0,1
6a036135-6ea8-4d50-8957-64042ed5dff5_Jpg_jpg.rf.1b373de199b35d4d70c46bbfae013812.jpg,1,0,0,0,0,0,0,0
6ad8ecb0-50d8-4581-9a54-c0fe6783bd32_Jpg_jpg.rf.62e8a1defcae734b754c6c7e31e95b38.jpg,1,0,0,0,0,0,0,0
6b3cf849-c22f-4bd3-807e-290f0b6da2c4_Jpg_jpg.rf.fe9b363921c239451187d8fbc016a37e.jpg,1,0,0,0,0,0,0,0
6b648091-1eb7-4086-a342-67315b7ee525_Jpg_jpg.rf.2562c27d9353d032a00f34e7590d5c6f.jpg,0,0,0,0,0,0,0,0
6b648091-1eb7-4086-a342-67315b7ee525_Jpg_jpg.rf.8d41383c6a65eae0232a338bf8ec550f.jpg,0,0,0,0,0,0,0,0
6b6aaebf-bbb0-44ba-8bb1-caf8f8b8bd4d_Jpg_jpg.rf.ae67a2101269ee7335c74cda04db680d.jpg,1,0,0,0,0,0,0,0
6b8c42a3-fc2c-493e-b3ae-bb5f903c92bc_Jpg_jpg.rf.e10666d59427a4490f8fd95522c017a6.jpg,0,0,0,0,0,0,0,0
6b93b440-5d10-4902-964f-dc3b09720928_Jpg_jpg.rf.78a12c244a28a9a19c6aee8818a7b659.jpg,1,0,0,0,0,0,0,0
6c3a5ef0-e04e-42bc-bf60-0bda1c0646f6_Jpg_jpg.rf.a79dbfcfbabe4f146c4b941454b16a73.jpg,0,0,0,0,0,0,0,0
6ed503c6-6826-4c73-a148-ed8cb685b6f9_Jpg_jpg.rf.36083f52978efdb714097c97070feed3.jpg,1,0,0,0,0,0,0,0
70_png.rf.1bce007697b2bdd09999b80cc7ad7888.jpg,0,0,0,0,0,0,0,0
70a87f29-55e9-4f2e-ad03-f50aabcc8827_Jpg_jpg.rf.8314532a97032ce7756c5a4bb8c4ee46.jpg,0,0,0,0,0,0,0,0
71_jpg.rf.fdce0da0945c7ae6bc1b83503080e515.jpg,0,1,0,0,0,0,0,0
71_png.rf.7a0972274fdb34f3a939655f68d7dda7.jpg,0,0,0,0,0,0,0,0
72_jpg.rf.0af132b210fec24818729f96bb73ffb8.jpg,0,1,0,0,0,0,0,0
72_jpg.rf.b121f702074f9276b3bef58a745952c9.jpg,0,0,0,0,0,0,0,1
72_png.rf.bfeb92c35dd1e20fd98c50aa2200f5ff.jpg,0,0,0,0,0,0,0,0
72ba2bf5-59ff-415e-8817-7a5ba9745a62_Jpg_jpg.rf.88f287425300440fd7cbd98189462e33.jpg,0,0,0,0,0,0,0,0
732a3721-53df-4d5d-8018-578b09f34777_Jpg_jpg.rf.8abf3859b4d81d2bbb03c25d82b20f93.jpg,0,0,0,0,0,0,0,0
73720422-a05a-40fe-92dc-54d872bda133_Jpg_jpg.rf.b7b1e22dcc2ee028f17a16b2db5bcccc.jpg,0,0,0,0,0,0,0,0
73_jpg.rf.e7b4e62c3dd72f68ae59cdf57fcfe941.jpg,0,1,0,0,0,0,0,0
73_png.rf.6feb77b96a886cefeecad2f9067b43b8.jpg,0,0,0,0,0,0,0,0
74_jpg.rf.1d5cf4290802cd2380f093fd6c03f9eb.jpg,0,1,0,0,0,0,0,0
74_png.rf.350b13e84bd32a4e7613235b1dcb8e81.jpg,0,0,0,0,0,0,0,0
74af9c1c-7a53-4c94-8aa1-3e0a6251d8e9_Jpg_jpg.rf.655da399576866841dfeb01ed81d17bb.jpg,1,0,0,0,0,0,0,0
75_jpg.rf.83901798314cdca1367394073b59b64f.jpg,0,1,0,0,0,0,0,0
75_png.rf.9c8b2b4ec00b32610f85ff74fd2524dd.jpg,0,0,0,0,0,0,0,0
76_jpg.rf.cd9e32bc4d42a645ec5216465a44b84b.jpg,0,0,0,0,0,0,0,1
77_jpg.rf.0c5fa054435f942a7c002759c219b3bf.jpg,0,1,0,0,0,0,0,0
77_png.rf.85cf440e755a4bc0754a0ed383dfb7a4.jpg,0,0,0,0,0,0,0,0
77c9ad7d-492d-43cd-81b3-03d304b86b3f_Jpg_jpg.rf.17fec7922669a1ed4e8d132323bd1eac.jpg,0,0,0,0,0,0,0,0
78_jpg.rf.33cae7e28fa40a01932e20deff471ec8.jpg,0,1,0,0,0,0,0,0
78_png.rf.6e38360f7461a7159dd39179faf6286c.jpg,0,0,0,0,0,0,0,0
79_jpg.rf.69b9da649fe2c772916f007383a0949b.jpg,0,0,0,0,0,0,0,1
79_png.rf.8a796cb0fd7c4d214de51f9174cd0800.jpg,0,0,0,0,0,0,0,0
79af7942-d291-4820-8d06-b0a0f1741174_Jpg_jpg.rf.9a9eb816eb2673195fd851ffda03f952.jpg,0,0,0,0,0,0,0,0
7_jpg.rf.4fa8da8f62f6518eb4c659e20e90962c.jpg,0,0,0,0,0,0,0,0
7_jpg.rf.f817097d9f65d830876a645f018d69c8.jpg,0,0,0,0,0,0,0,1
7_png.rf.911773fe33e8c4a6e9803a1cbb553747.jpg,0,1,0,0,0,0,0,0
81_jpg.rf.ce4c9d02048b949defe3e2ab898a1f2f.jpg,0,1,0,0,0,0,0,0
82_jpg.rf.09875889f804c5aba7442bca90730bd8.jpg,0,1,0,0,0,0,0,0
82caff76-647a-4aa3-8648-d3a93ae2092e_Jpg_jpg.rf.d8afce6b0e98493869abc88e7dc22005.jpg,0,0,0,0,0,0,0,0
82e81198-e432-41d4-a73a-9b44a70b5cb6_Jpg_jpg.rf.01eea799e8772a289f5bbf8f0a6bb792.jpg,0,0,0,0,0,0,0,0
82e81198-e432-41d4-a73a-9b44a70b5cb6_Jpg_jpg.rf.5df90f416d5254386bfb0e033aa3781a.jpg,0,0,0,0,0,0,0,0
83_png.rf.96f1694972597dd3927a0bfcecd50f42.jpg,0,0,0,0,0,0,0,0
84_jpg.rf.6aff84fcfaeb92cade53274e6a066173.jpg,0,0,0,0,0,0,0,1
84_png.rf.1dea60d45667199c835acc31c7cb41d6.jpg,0,0,0,0,0,0,0,0
86_jpg.rf.61614e95a40d04bed7d8f7680380cdf7.jpg,0,0,0,0,0,0,0,1
86_png.rf.5a505f2e1abcbf5663853e9af2ed7606.jpg,0,0,0,0,0,0,0,0
872aaad3-cdc0-48c4-809a-5d2cb99541d9_Jpg_jpg.rf.a4011b78022478ae44d4a6065e5a1c7e.jpg,0,0,0,0,0,0,0,0
87_jpg.rf.27b10af2249ddad158c9b2d19caf69d7.jpg,0,0,0,0,1,0,0,0
87_png.rf.aca58cd6f589cc2070fdbeed2e718327.jpg,0,0,0,0,0,0,0,0
88_jpg.rf.1a46612b28b244ee8838d1b5ab217e03.jpg,0,0,0,0,0,0,0,1
88ab5512-2466-40a0-9b8a-9af5383cc822_Jpg_jpg.rf.11d9ae94f6fda78cab81291b0186953c.jpg,0,0,0,0,0,0,0,0
894af1d4-189d-4c12-b3fa-5f9e6357f192_Jpg_jpg.rf.3eaa293596ee7f09948b74b44ff303ce.jpg,0,0,0,0,0,0,0,0
89_jpg.rf.ccbeb18bc53b14acace0b44a7d028b9d.jpg,0,0,0,0,0,0,0,1
8_jpg.rf.238d25836222939dc42bd92c51b0ece5.jpg,0,0,0,0,1,0,0,0
8_jpg.rf.424f3c7319f4689a711ae00c427ae66b.jpg,0,0,0,0,0,0,1,0
8_jpg.rf.7a87d6a0234b011d051a95996f9a0350.jpg,0,0,0,0,0,0,0,0
8_png.rf.5cdab2bf4a333741aa6e392555d6e4cb.jpg,0,1,0,0,0,0,0,0
90_jpg.rf.0915d24b292f91b72db26f3150b6ed3c.jpg,0,0,0,0,0,0,0,1
90_jpg.rf.b12381e889b1ff2d514d250bcc89054e.jpg,0,1,0,0,0,0,0,0
90_png.rf.93d3fd49ea6f4b407300226604668f04.jpg,0,0,0,0,0,0,0,0
911af558-83e8-48e7-94c3-6413af158961_Jpg_jpg.rf.5e432add391b6664e4dc11d7368c9568.jpg,0,0,0,0,0,0,0,0
91_jpg.rf.06dd74ea56ba069f0b6ce960f0e74e8f.jpg,0,0,0,0,0,0,0,1
91f0440e-58e6-47d9-a29f-0afc1ca5e8de_Jpg_jpg.rf.029dbf66b1fa2cfd12731b7a00de2e9f.jpg,0,0,0,0,0,0,0,0
929a1386-257e-4858-863d-051da0c2b776_Jpg_jpg.rf.34be7b27d2bd4f06e07f6f6094723280.jpg,0,0,0,0,0,0,0,0
92_jpg.rf.cf72a4a7738efb96c80fb81730d48246.jpg,0,1,0,0,0,0,0,0
92_jpg.rf.fee0bcf802b59d2f396cf9607bac7844.jpg,0,0,0,0,0,0,0,1
92_png.rf.74337fa444347df973988c5ab9aa86ff.jpg,0,0,0,0,0,0,0,0
9337fed6-67b6-40e9-949e-e71cc488a6d7_Jpg_jpg.rf.9d4c4d5c0d0a14ff01b6b2561c45d67b.jpg,0,0,0,0,0,0,0,0
93_jpg.rf.d77094cefb04c122209f04ea3887ff05.jpg,0,1,0,0,0,0,0,0
93_png.rf.afb87ba15d1b9a92ad13d32ee2f55ddc.jpg,0,0,0,0,0,0,0,0
94_png.rf.ca3dc50df15107cd875a3985116497e1.jpg,0,0,0,0,0,0,0,0
95_jpg.rf.67b1b78964fb26019ce057e678540881.jpg,0,1,0,0,0,0,0,0
95_png.rf.78736c07a6006f2d261989be27547961.jpg,0,0,0,0,0,0,0,0
96_jpg.rf.0105c33e39a479413dedc022ee0fe1a1.jpg,0,1,0,0,0,0,0,0
97_png.rf.896cd0db42d66662c2aec5cb768a127f.jpg,0,1,0,0,0,0,0,0
97_png.rf.e419b68db26e9295b9dfb674fa0408c5.jpg,0,0,0,0,0,0,0,0
98_png.rf.093fcdeef8e5530725777eb9012bcc2b.jpg,0,1,0,0,0,0,0,0
9_jpg.rf.aa708b6472079cd4bf3b43a737c5fd0a.jpg,0,0,0,0,0,0,1,0
9_jpg.rf.c8d7fdca82f0d523dfa3b48d0449df99.jpg,0,0,0,0,0,0,0,0
9_jpg.rf.d6bef466d6107766153134824d537d1b.jpg,0,0,0,0,0,0,0,0
9_png.rf.ec95dddd9e285ea3b1a0c9e5727c45b3.jpg,0,1,0,0,0,0,0,0
9b46a662-728c-4941-94c3-b8d40df84b31_jpg.rf.c0d593c4e751f1c8aad97a5cfd5bf0fc.jpg,0,0,0,0,0,0,0,0
Copy-of-Copy-of-00000050_jpg.rf.7e08899e4a702034d24fd3fe5b0f91a0.jpg,0,0,0,0,0,1,0,0
Copy-of-Copy-of-00000054_jpg.rf.298ec569565127de162524562ab484e5.jpg,0,0,0,0,0,1,0,0
Copy-of-Copy-of-00000054_jpg.rf.f3acb03dce291b945d958ec99b3a238d.jpg,0,0,0,0,0,1,0,0
Copy-of-Copy-of-00000103_jpg.rf.c14b2ad69bab261d475d7950a4526dbe.jpg,0,0,0,0,0,1,0,0
Copy-of-Copy-of-00000107_jpg.rf.e352924700f70306b5fe30af9cef054a.jpg,0,0,0,0,0,1,0,0
Copy-of-Copy-of-00000107_jpg.rf.edbf3f6c710f72758d9d80f89cd95cf0.jpg,0,0,0,0,0,1,0,0
Copy-of-Copy-of-00000110_jpg.rf.0354ed9e843220cd6eb88b2614d61ae5.jpg,0,0,0,0,0,1,0,0
Copy-of-Copy-of-00000110_jpg.rf.1642028a4a14dd88702e6f4224f5f799.jpg,0,0,0,0,0,1,0,0
Copy-of-Copy-of-00000110_jpg.rf.fff583e9c6bd36687ec781d35d40af16.jpg,0,0,0,0,0,1,0,0
Copy-of-Copy-of-00000114_jpg.rf.473a2b5372917080bfd9b3701016dac5.jpg,0,0,0,0,0,1,0,0
Copy-of-Copy-of-00000114_jpg.rf.9f28bedd63aa60c3ab544e0039c49c8f.jpg,0,0,0,0,0,1,0,0
Copy-of-Copy-of-00000114_jpg.rf.d39f6f0059dbbee59cc034a00cae37fa.jpg,0,0,0,0,0,1,0,0
Copy-of-Copy-of-00000126-2-_jpg.rf.fbc8e4ddd83746112740b13fccfbad2c.jpg,0,0,0,0,0,1,0,0
Copy-of-Copy-of-00000143-1-_jpg.rf.1025980c88eae27beacfa10757c59887.jpg,0,0,0,0,0,1,0,0
Copy-of-Copy-of-00000143-1-_jpg.rf.9ee534fde95858ebabc3b669271486d9.jpg,0,0,0,0,0,1,0,0
Copy-of-Copy-of-00000143-1-_jpg.rf.c8c31f15d602d1d1cdbdfc9c1f8e3e5e.jpg,0,0,0,0,0,1,0,0
Copy-of-Copy-of-00000146_jpg.rf.575c1d2c6995f77eccd36d2409946799.jpg,0,0,0,0,0,1,0,0
Copy-of-Copy-of-00000146_jpg.rf.9bd576b687b56f5c1a6a6903526fd8bf.jpg,0,0,0,0,0,1,0,0
Copy-of-Copy-of-00000146_jpg.rf.fbdb5b271c77ef4508d44d69b8f1bfd4.jpg,0,0,0,0,0,1,0,0
Copy-of-Copy-of-00000152_jpg.rf.609558d412d211f623549cb7f15cda6c.jpg,0,0,0,0,0,1,0,0
Copy-of-Copy-of-00000152_jpg.rf.779609cae13f675bebb2b61ff0fafe89.jpg,0,0,0,0,0,1,0,0
Copy-of-Copy-of-00000152_jpg.rf.91f6c9ba29a930d96bff8c5ee4eea1ef.jpg,0,0,0,0,0,1,0,0
Copy-of-Copy-of-00000153_jpg.rf.0d92811f1c60a79c3d03f8dc02d834ac.jpg,0,0,0,0,0,1,0,0
Copy-of-Copy-of-00000153_jpg.rf.454fc818e9ee6c138d407aec61b02fe5.jpg,0,0,0,0,0,1,0,0
Copy-of-Copy-of-00000153_jpg.rf.9abd78cddc61e28ba034be5d5dd53e90.jpg,0,0,0,0,0,1,0,0
Copy-of-Copy-of-00000189-2-_jpg.rf.429bfd784d88cb864d678f93d4cf72d4.jpg,0,0,0,0,0,1,0,0
Copy-of-Copy-of-00000189-2-_jpg.rf.818c3dcf8e9f6e572ee985b6b8729b5c.jpg,0,0,0,0,0,1,0,0
Copy-of-Copy-of-00000189-2-_jpg.rf.98a88c6a6a520838021a1dc97ff9af10.jpg,0,0,0,0,0,1,0,0
Copy-of-Copy-of-00000190_jpg.rf.1c285248810f426d2f7baeb97fff16c9.jpg,0,0,0,0,0,1,0,0
Copy-of-Copy-of-00000190_jpg.rf.a20e97290880bebea46c6f27223791fc.jpg,0,0,0,0,0,1,0,0
Copy-of-Copy-of-00000190_jpg.rf.c1958a2946a06a67e6053694d2823658.jpg,0,0,0,0,0,1,0,0
Copy-of-Copy-of-00000208_jpg.rf.1b7c6492f9609f3e5f27916b3934b24f.jpg,0,0,0,0,0,1,0,0
Copy-of-Copy-of-00000208_jpg.rf.9717186c7f04fdcd88cc258adb0bb7af.jpg,0,0,0,0,0,1,0,0
Copy-of-Copy-of-00000208_jpg.rf.f0df03da61110a504906ccd1e14fc2c0.jpg,0,0,0,0,0,1,0,0
Copy-of-Copy-of-00000250-1-_jpg.rf.0fa64789b52581e38c4ba7ce4465c86d.jpg,0,0,0,0,0,1,0,0
Copy-of-Copy-of-00000250-1-_jpg.rf.bd61a61822c6b68413fd67c45591e403.jpg,0,0,0,0,0,1,0,0
Copy-of-Copy-of-00000250-1-_jpg.rf.e692fb9e3940a817e8da18dc9e8628a7.jpg,0,0,0,0,0,1,0,0
Copy-of-Copy-of-00000250-2-_jpg.rf.31e0b6d3ea4d1e57794237d7d581f782.jpg,0,0,0,0,0,1,0,0
Copy-of-Copy-of-00000250-2-_jpg.rf.bf86dab17dbb436dfd56c3fb379c72e9.jpg,0,0,0,0,0,1,0,0
Copy-of-Copy-of-00000250-2-_jpg.rf.cd1c4d4190012e7319205028433dcac4.jpg,0,0,0,0,0,1,0,0
Copy-of-Copy-of-00000254-1-_jpg.rf.5b0b1c3c480ff6f809927899179b1577.jpg,0,0,0,0,0,1,0,0
Copy-of-Copy-of-00000254-1-_jpg.rf.7d8d3a4d21c5c5c0fbbd9a0343836a5a.jpg,0,0,0,0,0,1,0,0
Copy-of-Copy-of-00000254-1-_jpg.rf.aea84fcfe0607ab5f5c53d9529adeb74.jpg,0,0,0,0,0,1,0,0
Copy-of-Copy-of-00000267-1-_jpg.rf.353aec5c89da6c11f3a8c894660a9b55.jpg,0,0,0,0,0,1,0,0
Copy-of-Copy-of-00000267-1-_jpg.rf.60c410f7346350ec04e65d3c1bc6954f.jpg,0,0,0,0,0,1,0,0
Copy-of-Copy-of-00000267-1-_jpg.rf.775b4601755ff1cfcd5a51f34cc9b067.jpg,0,0,0,0,0,1,0,0
Copy-of-Copy-of-00000267_jpg.rf.0e2905f389cb129bb79ce8310d694161.jpg,0,0,0,0,0,1,0,0
Copy-of-Copy-of-00000267_jpg.rf.1aaad60674c0f7ab5b490ed347c670c2.jpg,0,0,0,0,0,1,0,0
Copy-of-Copy-of-00000267_jpg.rf.d22f677cfb0e6acce53ab421cc66d413.jpg,0,0,0,0,0,1,0,0
Copy-of-Copy-of-00000376_jpg.rf.c4b543e2a7e38a91c9a5da368a86bd3b.jpg,0,0,0,0,0,1,0,0
Copy-of-Copy-of-00000376_jpg.rf.cf5f0425e5516ddd8f972429876ee48b.jpg,0,0,0,0,0,1,0,0
Copy-of-Copy-of-00000376_jpg.rf.e38247a343664cc01e4cc38b2d815c97.jpg,0,0,0,0,0,1,0,0
Copy-of-Copy-of-00000561_jpg.rf.526066efcf7e03bf46a59c250b106de4.jpg,0,0,0,0,0,1,0,0
Copy-of-Copy-of-00000561_jpg.rf.b6a3dd8bc10f9776e156648eca1665c7.jpg,0,0,0,0,0,1,0,0
Copy-of-Copy-of-00000561_jpg.rf.eb8304f333e0f2451cce69b83c9d104f.jpg,0,0,0,0,0,1,0,0
Copy-of-Copy-of-Screenshot-2023-05-14-200017-1-_png_jpg.rf.23f22bcd53faede260bbec1ff30cd6e7.jpg,0,0,0,0,0,1,0,0
Copy-of-Copy-of-Screenshot-2023-05-14-200017-1-_png_jpg.rf.33871412820d4f686039a38ad4fce74e.jpg,0,0,0,0,0,1,0,0
Copy-of-Copy-of-Screenshot-2023-05-14-200017-1-_png_jpg.rf.b63973553f216abf180d6d31cb9b0dfc.jpg,0,0,0,0,0,1,0,0
Copy-of-Copy-of-Screenshot-2023-05-14-200017_png_jpg.rf.8883d69ae3dcde5f56205ee8172320aa.jpg,0,0,0,0,0,1,0,0
Copy-of-Copy-of-Screenshot-2023-05-14-200017_png_jpg.rf.b2819524361fb3425717e3ec805d155c.jpg,0,0,0,0,0,1,0,0
Copy-of-Copy-of-Screenshot-2023-05-14-200017_png_jpg.rf.dd064d9089549d1903cf5ffd372550b7.jpg,0,0,0,0,0,1,0,0
Copy-of-Copy-of-Screenshot-2023-05-14-200144-1-_png_jpg.rf.18893d0bacab71a08fa00afdeb45d544.jpg,0,0,0,0,0,1,0,0
Copy-of-Copy-of-Screenshot-2023-05-14-200144-1-_png_jpg.rf.3d63cfdec4a21823ee3f78ddc002035a.jpg,0,0,0,0,0,1,0,0
Copy-of-Copy-of-Screenshot-2023-05-14-200144-1-_png_jpg.rf.9c7470c5dcfa0ffa30f06e73b36f77d6.jpg,0,0,0,0,0,1,0,0
Copy-of-Copy-of-Screenshot-2023-05-14-200144_png_jpg.rf.3d334ea56e1b382c3fc7174ceaf60c4a.jpg,0,0,0,0,0,1,0,0
Copy-of-Copy-of-Screenshot-2023-05-14-200144_png_jpg.rf.9d62061d96e5c78af3d90b91a3e5dcf0.jpg,0,0,0,0,0,1,0,0
Copy-of-Copy-of-Screenshot-2023-05-14-200144_png_jpg.rf.efcd100e1dc406534b4274b07266a1e9.jpg,0,0,0,0,0,1,0,0
Copy-of-Heifer-3-bluish-corneal-opacity-and-white-focuses-on-the-cornea-floccules-of-material_Q320_jpg.rf.9e1cfbc93cac1a90a8db119a00f162db.jpg,0,0,0,0,0,1,0,0
Copy-of-Heifer-3-bluish-corneal-opacity-and-white-focuses-on-the-cornea-floccules-of-material_Q320_jpg.rf.cf3b4bd6a21d099959ef7cc7cec5a197.jpg,0,0,0,0,0,1,0,0
Copy-of-Heifer-3-bluish-corneal-opacity-and-white-focuses-on-the-cornea-floccules-of-material_Q320_jpg.rf.e0261364f6ab835eb5dd2758dafe3091.jpg,0,0,0,0,0,1,0,0
Copy-of-MiConv-com__bvrgrt_jpg.rf.be0bc8bf490f912bb5ad013f4704dfd5.jpg,0,0,0,0,0,1,0,0
Copy-of-MiConv-com__bvrgrt_jpg.rf.c9492de18672c1680e45ab9b00f8fe5e.jpg,0,0,0,0,0,1,0,0
Copy-of-MiConv-com__bvrgrt_jpg.rf.eebb5361458714c7ca53af35ff9f3b17.jpg,0,0,0,0,0,1,0,0
Copy-of-MiConv-com__konj-1-_jpg.rf.908e7726a15f8c1e18b31467d26a153e.jpg,0,0,0,0,0,1,0,0
Copy-of-MiConv-com__konj-1-_jpg.rf.df3fb271b8b03c5c999d1b5ba98be2d5.jpg,0,0,0,0,0,1,0,0
Copy-of-MiConv-com__konj-1-_jpg.rf.ffeae3f70ec0e4b9c33654c80e166b17.jpg,0,0,0,0,0,1,0,0
Copy-of-MiConv-com__rthgbyth_jpg.rf.21e34a6c18a7db8f0a643612c30c145b.jpg,0,0,0,0,0,1,0,0
Copy-of-MiConv-com__rthgbyth_jpg.rf.aff58e8c108de6f1c5258546d7ee95f1.jpg,0,0,0,0,0,1,0,0
Copy-of-MiConv-com__rthgbyth_jpg.rf.fd322d28e6302fd7d33ac812c4e7539b.jpg,0,0,0,0,0,1,0,0
Copy-of-MiConv-com__trbyhby_jpg.rf.6870db84c071f8ba0c1908d224c6073e.jpg,0,0,0,0,0,1,0,0
Copy-of-MiConv-com__trbyhby_jpg.rf.882fd2684f9a12e74ef04dbb1133a25d.jpg,0,0,0,0,0,1,0,0
Copy-of-MiConv-com__trbyhby_jpg.rf.9cfdd7bb8c32eb1c4cb00cc271ffab43.jpg,0,0,0,0,0,1,0,0
Copy-of-MiConv-com__vfdvf_jpg.rf.551fc14bf18d176509997466c519b917.jpg,0,0,0,0,0,1,0,0
Copy-of-MiConv-com__vfdvf_jpg.rf.7ce15943302b05d39542918f2c34fcbe.jpg,0,0,0,0,0,1,0,0
Copy-of-MiConv-com__vfdvf_jpg.rf.ae0efccb17b8afefd6c6f73c2f5c7314.jpg,0,0,0,0,0,1,0,0
Copy-of-MiConv-com__yetry_jpg.rf.0df9818181c038b7331f2b5452a5d000.jpg,0,0,0,0,0,1,0,0
Copy-of-MiConv-com__yetry_jpg.rf.7a549e694fa9f0dcafdf5d922bc31c32.jpg,0,0,0,0,0,1,0,0
Copy-of-MiConv-com__yetry_jpg.rf.f09406d8e0905b95c5be321a57d70f4c.jpg,0,0,0,0,0,1,0,0
Copy-of-Pinkeye-Photo-Stage-3_jpg.rf.19a4a4408265dd2d351786c7e1a81950.jpg,0,0,0,0,0,1,0,0
Copy-of-Pinkeye-Photo-Stage-3_jpg.rf.29cbf0ead923c4f47dec7003a7c3fe94.jpg,0,0,0,0,0,1,0,0
Copy-of-Pinkeye-Photo-Stage-3_jpg.rf.a44bbc58a487cc3ddb432ec1204f2a25.jpg,0,0,0,0,0,1,0,0
Copy-of-ddf8be89-IMG_6290_JPEG_jpg.rf.34104f8d2a7030df54e0d109765136be.jpg,0,0,0,0,0,1,0,0
Copy-of-ddf8be89-IMG_6290_JPEG_jpg.rf.54332fe1fb98c3f89a56477bc8723242.jpg,0,0,0,0,0,1,0,0
Copy-of-ddf8be89-IMG_6290_JPEG_jpg.rf.5766e7965e1fa24b98318b34b1eb4007.jpg,0,0,0,0,0,1,0,0
Copy-of-eabd7492-IMG_4424_JPEG_jpg.rf.0ec6e0210de0d7ee99f80bdc1109f2d0.jpg,0,0,0,0,0,1,0,0
Copy-of-eabd7492-IMG_4424_JPEG_jpg.rf.1777e567f6c1b61e13300eb72da2071c.jpg,0,0,0,0,0,1,0,0
Copy-of-eabd7492-IMG_4424_JPEG_jpg.rf.1c77fa4a99e15e76696f1662891a8388.jpg,0,0,0,0,0,1,0,0
Copy-of-eb312f41-IMG_6122_JPEG_jpg.rf.1fe081b7fd685c3dc2a64ed2cabf34df.jpg,0,0,0,0,0,1,0,0
Copy-of-eb312f41-IMG_6122_JPEG_jpg.rf.6c72b6032bc3d6ddd272375d663d519d.jpg,0,0,0,0,0,1,0,0
Copy-of-eb312f41-IMG_6122_JPEG_jpg.rf.b2501a8ae44bf861759a35f236249edb.jpg,0,0,0,0,0,1,0,0
Copy-of-ee61ae08-IMG_1133_JPEG_jpg.rf.866f65fafde0b2d7dd3b0745c9a1fab1.jpg,0,0,0,0,0,1,0,0
Copy-of-ee61ae08-IMG_1133_JPEG_jpg.rf.c774eb6e2e5ec565266439a2e56b804a.jpg,0,0,0,0,0,1,0,0
Copy-of-ee61ae08-IMG_1133_JPEG_jpg.rf.fd91275ee5432b72f374938868f1d5b8.jpg,0,0,0,0,0,1,0,0
Copy-of-f34f5665-IMG_6275_JPEG_jpg.rf.29f3858892c614890ed6cee24f7cf37c.jpg,0,0,0,0,0,1,0,0
Copy-of-f34f5665-IMG_6275_JPEG_jpg.rf.613e531cb29fee9bfd8dade27f74e7d5.jpg,0,0,0,0,0,1,0,0
Copy-of-f34f5665-IMG_6275_JPEG_jpg.rf.6e1dbd5f30eb830073fceb858d567e75.jpg,0,0,0,0,0,1,0,0
Copy-of-fe42fa6d-IMG_3791_JPEG_jpg.rf.2cb20942ddd0abe19723fa6112096a0c.jpg,0,0,0,0,0,1,0,0
Copy-of-fe42fa6d-IMG_3791_JPEG_jpg.rf.aec746879bf80595be199c1f6f051bad.jpg,0,0,0,0,0,1,0,0
Copy-of-fe42fa6d-IMG_3791_JPEG_jpg.rf.b3e3d443a2f2525eeef0cd97d7bb13c9.jpg,0,0,0,0,0,1,0,0
Copy-of-fe901056-IMG_3040_JPEG_jpg.rf.06c8180c1c97709ec636cd2109fa0195.jpg,0,0,0,0,0,1,0,0
Copy-of-fe901056-IMG_3040_JPEG_jpg.rf.6bcd815540aead885abe654022dd87c0.jpg,0,0,0,0,0,1,0,0
Copy-of-fe901056-IMG_3040_JPEG_jpg.rf.927bce0f8ba084eb494fdf3f47ee0403.jpg,0,0,0,0,0,1,0,0
Copy-of-iuoy_jpg.rf.1a7fa211a92447c8e4928da3badc7167.jpg,0,0,0,0,0,1,0,0
Copy-of-iuoy_jpg.rf.27392e64457ab205bbd795e2a222896c.jpg,0,0,0,0,0,1,0,0
Copy-of-iuoy_jpg.rf.76d2c25c0e88a76d7b936e0d6454f7af.jpg,0,0,0,0,0,1,0,0
Copy-of-vvv_jpg.rf.7bd56fb2c3afd7ed9ad6ad678a626648.jpg,0,0,0,0,0,1,0,0
Copy-of-vvv_jpg.rf.82237e673ed003863b3585446792260f.jpg,0,0,0,0,0,1,0,0
Copy-of-vvv_jpg.rf.f4c573cb55ea4f2139cd85987a5ddd32.jpg,0,0,0,0,0,1,0,0
Copy-of-z_jpg.rf.0595eb82a02e9e13681939aba81a5928.jpg,0,0,0,0,0,1,0,0
Copy-of-z_jpg.rf.e83f20f9581ae5687eaaa0834efd5d42.jpg,0,0,0,0,0,1,0,0
Copy-of-z_jpg.rf.ed3937120a2bc274cbf1428932e6c26c.jpg,0,0,0,0,0,1,0,0
FB_IMG_1662698175529_jpg.rf.c2d2a1277613e95c62647b61af5ee1d4.jpg,0,0,0,0,1,0,0,0
FB_IMG_1662698179703_jpg.rf.71501c11b40d6ef399f08e331f77cc98.jpg,0,0,0,0,1,0,0,0
IMG-20220830-WA0047_jpg.rf.124ed7ecc4c417e483a2151909a354eb.jpg,0,0,0,0,1,0,0,0
IMG-20220830-WA0052_jpg.rf.81416e4178a748d775e38db1c5937444.jpg,0,0,0,0,1,0,0,0
IMG-20220830-WA0075_jpg.rf.7df697be92708d737a69a195cfa98a8d.jpg,0,0,0,0,1,0,0,0
IMG-20220830-WA0084_jpg.rf.5a27d92a001ca2d421f88f085e794854.jpg,0,0,0,0,1,0,0,0
IMG-20220830-WA0084_jpg.rf.b6c5e28255461273c62301a4d1c250f6.jpg,0,0,0,0,1,0,0,0
IMG-20220830-WA0112_jpg.rf.498aaa9e4d59ccc0819c853355bbc6fb.jpg,0,0,0,0,1,0,0,0
IMG-20220830-WA0141_jpg.rf.257751c1f187b5525dcd6676af24534e.jpg,0,0,0,0,1,0,0,0
IMG-20220830-WA0151_jpg.rf.a0b7ce5568bbca96dc717ad2ba358e87.jpg,0,0,0,0,1,0,0,0
IMG-20220830-WA0205_jpg.rf.00eba07341cf1379460c9ba67ea43dd0.jpg,0,0,0,0,1,0,0,0
IMG-20220831-WA0007_jpg.rf.50f4f7d563fcc3440a2e5afc036df7ef.jpg,0,0,0,0,1,0,0,0
IMG-20220903-WA0020_jpg.rf.a9cd62fd2c366f90bd9cdb3edbc3d406.jpg,0,0,0,0,1,0,0,0
IMG-20220906-WA0003_jpg.rf.25b9c945202d8b4afbac3909de7d9cd2.jpg,0,0,0,0,1,0,0,0
IMG_20220829_124417_jpg.rf.922ad3a6b3d7227be6602afb810d6393.jpg,0,0,0,0,0,0,0,0
IMG_20220830_075647_jpg.rf.a4daaba2602f7a8f4db40d31df61086f.jpg,0,0,0,0,0,0,0,0
IMG_20220830_075845_jpg.rf.ac0c6407145f900a5721964d7790f3b5.jpg,0,0,0,0,0,0,0,0
IMG_20220830_075854_jpg.rf.f99887976445485bcd660c0af8a6b44e.jpg,0,0,0,0,0,0,0,0
IMG_20220830_081402_jpg.rf.ec4c5513b31ae831cb81cc50a6cd5d19.jpg,0,0,0,0,0,0,0,0
IMG_20220830_081709_jpg.rf.40c9338592a8e4d80b65d34a0d33616b.jpg,0,0,0,0,0,0,0,0
IMG_20220830_113832_jpg.rf.1ec85fdb744aa3c992d4a228937a18ea.jpg,0,0,0,0,0,0,0,0
IMG_20220830_115723_jpg.rf.9c53bbc9a0d898966a266dd7891d0db2.jpg,0,0,0,0,0,0,0,0
IMG_20220830_120215_jpg.rf.8dd1b593f6eec6f04634752283487ee9.jpg,0,0,0,0,0,0,0,0
IMG_20220830_120508_jpg.rf.4008ac94d9e5f7da8bac74a6e925a450.jpg,0,0,0,0,0,0,0,0
IMG_20220906_172314_jpg.rf.dd92814c5df3ffbb55aecff3f1ea048d.jpg,0,0,0,0,0,0,0,0
IMG_20220906_172416_jpg.rf.d72ac5e2d13c5cc930b039d7384e3a91.jpg,0,0,0,0,0,0,0,0
IMG_20220906_172420_jpg.rf.64d1b42e709496368c7caa2fc066e3e5.jpg,0,0,0,0,0,0,0,0
IMG_20220906_172526_jpg.rf.34e4a3d06ceb946b601239414e6ffdcd.jpg,0,0,0,0,0,0,0,0
IMG_20220906_174431_jpg.rf.bbb37479b6e00a32e4c8073396e0ddfc.jpg,0,0,0,0,0,0,0,0
IMG_20220906_174434_jpg.rf.93370b6b362fc80ec75f784069977a84.jpg,0,0,0,0,0,0,0,0
LS-10_jpg.rf.e7f73b76e2e5d02e83b4265084c5c00a.jpg,0,0,0,0,0,0,0,0
LS-17_jpg.rf.f3173db9af6ff29f406c998fee35abb0.jpg,0,0,0,0,0,0,0,0
LSD-140-_png_jpg.rf.ee995d4eda9253fe401f48e11241b696.jpg,0,0,0,0,0,0,0,0
LSD-218-_png_jpg.rf.76d749515dee4e65a900fd5c5e9c9d69.jpg,0,0,0,0,0,0,0,0
LSD-234-_jpg.rf.f7b545e3dd7ebe57a2aae41928635f79.jpg,0,0,0,0,0,0,0,0
LSD-240-_png_jpg.rf.c0f817cb67cfb3993ca44a20439deda8.jpg,0,0,0,0,0,0,0,0
LSD-48-_png_jpg.rf.68f2597c22bbbfaec77e8219ea785d28.jpg,0,0,0,0,0,0,0,0
Lumpy_Skin.png,0,0,0,0,1,0,0,0
Lumpy_Skin_10.png,0,0,0,0,1,0,0,0
Lumpy_Skin_100.png,0,0,0,0,1,0,0,0
Lumpy_Skin_101.png,0,0,0,0,1,0,0,0
Lumpy_Skin_102.png,0,0,0,0,1,0,0,0
Lumpy_Skin_103.png,0,0,0,0,1,0,0,0
Lumpy_Skin_104.png,0,0,0,0,1,0,0,0
Lumpy_Skin_105.png,0,0,0,0,1,0,0,0
Lumpy_Skin_106.png,0,0,0,0,1,0,0,0
Lumpy_Skin_107.png,0,0,0,0,1,0,0,0
Lumpy_Skin_108.png,0,0,0,0,1,0,0,0
Lumpy_Skin_109.png,0,0,0,0,1,0,0,0
Lumpy_Skin_11.png,0,0,0,0,1,0,0,0
Lumpy_Skin_110.png,0,0,0,0,1,0,0,0
Lumpy_Skin_111.png,0,0,0,0,1,0,0,0
Lumpy_Skin_112.png,0,0,0,0,1,0,0,0
Lumpy_Skin_113.png,0,0,0,0,1,0,0,0
Lumpy_Skin_114.png,0,0,0,0,1,0,0,0
Lumpy_Skin_115.png,0,0,0,0,1,0,0,0
Lumpy_Skin_116.png,0,0,0,0,1,0,0,0
Lumpy_Skin_117.png,0,0,0,0,1,0,0,0
Lumpy_Skin_118.png,0,0,0,0,1,0,0,0
Lumpy_Skin_119.png,0,0,0,0,1,0,0,0
Lumpy_Skin_12.png,0,0,0,0,1,0,0,0
Lumpy_Skin_120.png,0,0,0,0,1,0,0,0
Lumpy_Skin_121.png,0,0,0,0,1,0,0,0
Lumpy_Skin_122.png,0,0,0,0,1,0,0,0
Lumpy_Skin_123.png,0,0,0,0,1,0,0,0
Lumpy_Skin_124.png,0,0,0,0,1,0,0,0
Lumpy_Skin_125.png,0,0,0,0,1,0,0,0
Lumpy_Skin_126.png,0,0,0,0,1,0,0,0
Lumpy_Skin_127.png,0,0,0,0,1,0,0,0
Lumpy_Skin_128.png,0,0,0,0,1,0,0,0
Lumpy_Skin_129.png,0,0,0,0,1,0,0,0
Lumpy_Skin_13.png,0,0,0,0,1,0,0,0
Lumpy_Skin_130.png,0,0,0,0,1,0,0,0
Lumpy_Skin_131.png,0,0,0,0,1,0,0,0
Lumpy_Skin_132.png,0,0,0,0,1,0,0,0
Lumpy_Skin_133.png,0,0,0,0,1,0,0,0
Lumpy_Skin_134.png,0,0,0,0,1,0,0,0
Lumpy_Skin_135.png,0,0,0,0,1,0,0,0
Lumpy_Skin_136.png,0,0,0,0,1,0,0,0
Lumpy_Skin_137.png,0,0,0,0,1,0,0,0
Lumpy_Skin_138.png,0,0,0,0,1,0,0,0
Lumpy_Skin_139.png,0,0,0,0,1,0,0,0
Lumpy_Skin_14.png,0,0,0,0,1,0,0,0
Lumpy_Skin_140.png,0,0,0,0,1,0,0,0
Lumpy_Skin_141.png,0,0,0,0,1,0,0,0
Lumpy_Skin_142.png,0,0,0,0,1,0,0,0
Lumpy_Skin_143.png,0,0,0,0,1,0,0,0
Lumpy_Skin_144.png,0,0,0,0,1,0,0,0
Lumpy_Skin_145.png,0,0,0,0,1,0,0,0
Lumpy_Skin_146.png,0,0,0,0,1,0,0,0
Lumpy_Skin_147.png,0,0,0,0,1,0,0,0
Lumpy_Skin_148.png,0,0,0,0,1,0,0,0
Lumpy_Skin_149.png,0,0,0,0,1,0,0,0
Lumpy_Skin_15.png,0,0,0,0,1,0,0,0
Lumpy_Skin_150.png,0,0,0,0,1,0,0,0
Lumpy_Skin_151.png,0,0,0,0,1,0,0,0
Lumpy_Skin_152.png,0,0,0,0,1,0,0,0
Lumpy_Skin_153.png,0,0,0,0,1,0,0,0
Lumpy_Skin_154.png,0,0,0,0,1,0,0,0
Lumpy_Skin_155.png,0,0,0,0,1,0,0,0
Lumpy_Skin_156.png,0,0,0,0,1,0,0,0
Lumpy_Skin_157.png,0,0,0,0,1,0,0,0
Lumpy_Skin_158.png,0,0,0,0,1,0,0,0
Lumpy_Skin_159.png,0,0,0,0,1,0,0,0
Lumpy_Skin_16.png,0,0,0,0,1,0,0,0
Lumpy_Skin_160.png,0,0,0,0,1,0,0,0
Lumpy_Skin_161.png,0,0,0,0,1,0,0,0
Lumpy_Skin_162.png,0,0,0,0,1,0,0,0
Lumpy_Skin_163.png,0,0,0,0,1,0,0,0
Lumpy_Skin_164.png,0,0,0,0,1,0,0,0
Lumpy_Skin_165.png,0,0,0,0,1,0,0,0
Lumpy_Skin_166.png,0,0,0,0,1,0,0,0
Lumpy_Skin_167.png,0,0,0,0,1,0,0,0
Lumpy_Skin_168.png,0,0,0,0,1,0,0,0
Lumpy_Skin_169.png,0,0,0,0,1,0,0,0
Lumpy_Skin_17.png,0,0,0,0,1,0,0,0
Lumpy_Skin_170.png,0,0,0,0,1,0,0,0
Lumpy_Skin_171.png,0,0,0,0,1,0,0,0
Lumpy_Skin_172.png,0,0,0,0,1,0,0,0
Lumpy_Skin_173.png,0,0,0,0,1,0,0,0
Lumpy_Skin_174.png,0,0,0,0,1,0,0,0
Lumpy_Skin_175.png,0,0,0,0,1,0,0,0
Lumpy_Skin_176.png,0,0,0,0,1,0,0,0
Lumpy_Skin_177.png,0,0,0,0,1,0,0,0
Lumpy_Skin_178.png,0,0,0,0,1,0,0,0
Lumpy_Skin_179.png,0,0,0,0,1,0,0,0
Lumpy_Skin_18.png,0,0,0,0,1,0,0,0
Lumpy_Skin_180.png,0,0,0,0,1,0,0,0
Lumpy_Skin_181.png,0,0,0,0,1,0,0,0
Lumpy_Skin_182.png,0,0,0,0,1,0,0,0
Lumpy_Skin_183.png,0,0,0,0,1,0,0,0
Lumpy_Skin_184.png,0,0,0,0,1,0,0,0
Lumpy_Skin_185.png,0,0,0,0,1,0,0,0
Lumpy_Skin_186.png,0,0,0,0,1,0,0,0
Lumpy_Skin_187.png,0,0,0,0,1,0,0,0
Lumpy_Skin_188.png,0,0,0,0,1,0,0,0
Lumpy_Skin_189.png,0,0,0,0,1,0,0,0
Lumpy_Skin_19.png,0,0,0,0,1,0,0,0
Lumpy_Skin_190.png,0,0,0,0,1,0,0,0
Lumpy_Skin_191.png,0,0,0,0,1,0,0,0
Lumpy_Skin_192.png,0,0,0,0,1,0,0,0
Lumpy_Skin_193.png,0,0,0,0,1,0,0,0
Lumpy_Skin_194.png,0,0,0,0,1,0,0,0
Lumpy_Skin_195.png,0,0,0,0,1,0,0,0
Lumpy_Skin_196.png,0,0,0,0,1,0,0,0
Lumpy_Skin_197.png,0,0,0,0,1,0,0,0
Lumpy_Skin_198.png,0,0,0,0,1,0,0,0
Lumpy_Skin_199.png,0,0,0,0,1,0,0,0
Lumpy_Skin_2.png,0,0,0,0,1,0,0,0
Lumpy_Skin_20.png,0,0,0,0,1,0,0,0
Lumpy_Skin_200.png,0,0,0,0,1,0,0,0
Lumpy_Skin_201.png,0,0,0,0,1,0,0,0
Lumpy_Skin_202.png,0,0,0,0,1,0,0,0
Lumpy_Skin_203.png,0,0,0,0,1,0,0,0
Lumpy_Skin_204.png,0,0,0,0,1,0,0,0
Lumpy_Skin_205.png,0,0,0,0,1,0,0,0
Lumpy_Skin_206.png,0,0,0,0,1,0,0,0
Lumpy_Skin_207.png,0,0,0,0,1,0,0,0
Lumpy_Skin_208.png,0,0,0,0,1,0,0,0
Lumpy_Skin_209.png,0,0,0,0,1,0,0,0
Lumpy_Skin_21.png,0,0,0,0,1,0,0,0
Lumpy_Skin_210.png,0,0,0,0,1,0,0,0
Lumpy_Skin_211.png,0,0,0,0,1,0,0,0
Lumpy_Skin_212.png,0,0,0,0,1,0,0,0
Lumpy_Skin_213.png,0,0,0,0,1,0,0,0
Lumpy_Skin_214.png,0,0,0,0,1,0,0,0
Lumpy_Skin_215.png,0,0,0,0,1,0,0,0
Lumpy_Skin_216.png,0,0,0,0,1,0,0,0
Lumpy_Skin_217.png,0,0,0,0,1,0,0,0
Lumpy_Skin_218.png,0,0,0,0,1,0,0,0
Lumpy_Skin_219.png,0,0,0,0,1,0,0,0
Lumpy_Skin_220.png,0,0,0,0,1,0,0,0
Lumpy_Skin_221.png,0,0,0,0,1,0,0,0
Lumpy_Skin_222.png,0,0,0,0,1,0,0,0
Lumpy_Skin_223.png,0,0,0,0,1,0,0,0
Lumpy_Skin_224.png,0,0,0,0,1,0,0,0
Lumpy_Skin_225.png,0,0,0,0,1,0,0,0
Lumpy_Skin_226.png,0,0,0,0,1,0,0,0
Lumpy_Skin_227.png,0,0,0,0,1,0,0,0
Lumpy_Skin_228.png,0,0,0,0,1,0,0,0
Lumpy_Skin_229.png,0,0,0,0,1,0,0,0
Lumpy_Skin_23.png,0,0,0,0,1,0,0,0
Lumpy_Skin_230.png,0,0,0,0,1,0,0,0
Lumpy_Skin_231.png,0,0,0,0,1,0,0,0
Lumpy_Skin_232.png,0,0,0,0,1,0,0,0
Lumpy_Skin_233.png,0,0,0,0,1,0,0,0
Lumpy_Skin_234.png,0,0,0,0,1,0,0,0
Lumpy_Skin_235.png,0,0,0,0,1,0,0,0
Lumpy_Skin_236.png,0,0,0,0,1,0,0,0
Lumpy_Skin_237.png,0,0,0,0,1,0,0,0
Lumpy_Skin_238.png,0,0,0,0,1,0,0,0
Lumpy_Skin_239.png,0,0,0,0,1,0,0,0
Lumpy_Skin_24.png,0,0,0,0,1,0,0,0
Lumpy_Skin_240.png,0,0,0,0,1,0,0,0
Lumpy_Skin_241.png,0,0,0,0,1,0,0,0
Lumpy_Skin_242.png,0,0,0,0,1,0,0,0
Lumpy_Skin_243.png,0,0,0,0,1,0,0,0
Lumpy_Skin_244.png,0,0,0,0,1,0,0,0
Lumpy_Skin_245.png,0,0,0,0,1,0,0,0
Lumpy_Skin_246.png,0,0,0,0,1,0,0,0
Lumpy_Skin_247.png,0,0,0,0,1,0,0,0
Lumpy_Skin_248.png,0,0,0,0,1,0,0,0
Lumpy_Skin_249.png,0,0,0,0,1,0,0,0
Lumpy_Skin_25.png,0,0,0,0,1,0,0,0
Lumpy_Skin_250.png,0,0,0,0,1,0,0,0
Lumpy_Skin_251.png,0,0,0,0,1,0,0,0
Lumpy_Skin_252.png,0,0,0,0,1,0,0,0
Lumpy_Skin_253.png,0,0,0,0,1,0,0,0
Lumpy_Skin_254.png,0,0,0,0,1,0,0,0
Lumpy_Skin_255.png,0,0,0,0,1,0,0,0
Lumpy_Skin_256.png,0,0,0,0,1,0,0,0
Lumpy_Skin_257.png,0,0,0,0,1,0,0,0
Lumpy_Skin_258.png,0,0,0,0,1,0,0,0
Lumpy_Skin_259.png,0,0,0,0,1,0,0,0
Lumpy_Skin_26.png,0,0,0,0,1,0,0,0
Lumpy_Skin_260.png,0,0,0,0,1,0,0,0
Lumpy_Skin_261.png,0,0,0,0,1,0,0,0
Lumpy_Skin_262.png,0,0,0,0,1,0,0,0
Lumpy_Skin_263.png,0,0,0,0,1,0,0,0
Lumpy_Skin_264.png,0,0,0,0,1,0,0,0
Lumpy_Skin_265.png,0,0,0,0,1,0,0,0
Lumpy_Skin_266.png,0,0,0,0,1,0,0,0
Lumpy_Skin_267.png,0,0,0,0,1,0,0,0
Lumpy_Skin_268.png,0,0,0,0,1,0,0,0
Lumpy_Skin_269.png,0,0,0,0,1,0,0,0
Lumpy_Skin_27.png,0,0,0,0,1,0,0,0
Lumpy_Skin_270.png,0,0,0,0,1,0,0,0
Lumpy_Skin_271.png,0,0,0,0,1,0,0,0
Lumpy_Skin_272.png,0,0,0,0,1,0,0,0
Lumpy_Skin_273.png,0,0,0,0,1,0,0,0
Lumpy_Skin_274.png,0,0,0,0,1,0,0,0
Lumpy_Skin_275.png,0,0,0,0,1,0,0,0
Lumpy_Skin_276.png,0,0,0,0,1,0,0,0
Lumpy_Skin_277.png,0,0,0,0,1,0,0,0
Lumpy_Skin_278.png,0,0,0,0,1,0,0,0
Lumpy_Skin_279.png,0,0,0,0,1,0,0,0
Lumpy_Skin_280.png,0,0,0,0,1,0,0,0
Lumpy_Skin_281.png,0,0,0,0,1,0,0,0
Lumpy_Skin_282.png,0,0,0,0,1,0,0,0
Lumpy_Skin_283.png,0,0,0,0,1,0,0,0
Lumpy_Skin_284.png,0,0,0,0,1,0,0,0
Lumpy_Skin_285.png,0,0,0,0,1,0,0,0
Lumpy_Skin_286.png,0,0,0,0,1,0,0,0
Lumpy_Skin_287.png,0,0,0,0,1,0,0,0
Lumpy_Skin_288.png,0,0,0,0,1,0,0,0
Lumpy_Skin_289.png,0,0,0,0,1,0,0,0
Lumpy_Skin_29.png,0,0,0,0,1,0,0,0
Lumpy_Skin_290.png,0,0,0,0,1,0,0,0
Lumpy_Skin_291.png,0,0,0,0,1,0,0,0
Lumpy_Skin_292.png,0,0,0,0,1,0,0,0
Lumpy_Skin_293.png,0,0,0,0,1,0,0,0
Lumpy_Skin_294.png,0,0,0,0,1,0,0,0
Lumpy_Skin_295.png,0,0,0,0,1,0,0,0
Lumpy_Skin_296.png,0,0,0,0,1,0,0,0
Lumpy_Skin_297.png,0,0,0,0,1,0,0,0
Lumpy_Skin_299.png,0,0,0,0,1,0,0,0
Lumpy_Skin_3.png,0,0,0,0,1,0,0,0
Lumpy_Skin_30.png,0,0,0,0,1,0,0,0
Lumpy_Skin_300.png,0,0,0,0,1,0,0,0
Lumpy_Skin_301.png,0,0,0,0,1,0,0,0
Lumpy_Skin_302.png,0,0,0,0,1,0,0,0
Lumpy_Skin_303.png,0,0,0,0,1,0,0,0
Lumpy_Skin_304.png,0,0,0,0,1,0,0,0
Lumpy_Skin_305.png,0,0,0,0,1,0,0,0
Lumpy_Skin_306.png,0,0,0,0,1,0,0,0
Lumpy_Skin_307.png,0,0,0,0,1,0,0,0
Lumpy_Skin_308.png,0,0,0,0,1,0,0,0
Lumpy_Skin_309.png,0,0,0,0,1,0,0,0
Lumpy_Skin_31.png,0,0,0,0,1,0,0,0
Lumpy_Skin_310.png,0,0,0,0,1,0,0,0
Lumpy_Skin_311.png,0,0,0,0,1,0,0,0
Lumpy_Skin_312.png,0,0,0,0,1,0,0,0
Lumpy_Skin_313.png,0,0,0,0,1,0,0,0
Lumpy_Skin_314.png,0,0,0,0,1,0,0,0
Lumpy_Skin_316.png,0,0,0,0,1,0,0,0
Lumpy_Skin_317.png,0,0,0,0,1,0,0,0
Lumpy_Skin_318.png,0,0,0,0,1,0,0,0
Lumpy_Skin_319.png,0,0,0,0,1,0,0,0
Lumpy_Skin_32.png,0,0,0,0,1,0,0,0
Lumpy_Skin_320.png,0,0,0,0,1,0,0,0
Lumpy_Skin_321.png,0,0,0,0,1,0,0,0
Lumpy_Skin_322.png,0,0,0,0,1,0,0,0
Lumpy_Skin_323.png,0,0,0,0,1,0,0,0
Lumpy_Skin_324.png,0,0,0,0,1,0,0,0
Lumpy_Skin_325.png,0,0,0,0,1,0,0,0
Lumpy_Skin_326.png,0,0,0,0,1,0,0,0
Lumpy_Skin_327.png,0,0,0,0,1,0,0,0
Lumpy_Skin_329.png,0,0,0,0,1,0,0,0
Lumpy_Skin_33.png,0,0,0,0,1,0,0,0
Lumpy_Skin_34.png,0,0,0,0,1,0,0,0
Lumpy_Skin_35.png,0,0,0,0,1,0,0,0
Lumpy_Skin_36.png,0,0,0,0,1,0,0,0
Lumpy_Skin_37.png,0,0,0,0,1,0,0,0
Lumpy_Skin_38.png,0,0,0,0,1,0,0,0
Lumpy_Skin_39.png,0,0,0,0,1,0,0,0
Lumpy_Skin_4.png,0,0,0,0,1,0,0,0
Lumpy_Skin_40.png,0,0,0,0,1,0,0,0
Lumpy_Skin_41.png,0,0,0,0,1,0,0,0
Lumpy_Skin_42.png,0,0,0,0,1,0,0,0
Lumpy_Skin_43.png,0,0,0,0,1,0,0,0
Lumpy_Skin_44.png,0,0,0,0,1,0,0,0
Lumpy_Skin_45.png,0,0,0,0,1,0,0,0
Lumpy_Skin_46.png,0,0,0,0,1,0,0,0
Lumpy_Skin_47.png,0,0,0,0,1,0,0,0
Lumpy_Skin_48.png,0,0,0,0,1,0,0,0
Lumpy_Skin_49.png,0,0,0,0,1,0,0,0
Lumpy_Skin_5.png,0,0,0,0,1,0,0,0
Lumpy_Skin_50.png,0,0,0,0,1,0,0,0
Lumpy_Skin_51.png,0,0,0,0,1,0,0,0
Lumpy_Skin_52.png,0,0,0,0,1,0,0,0
Lumpy_Skin_53.png,0,0,0,0,1,0,0,0
Lumpy_Skin_54.png,0,0,0,0,1,0,0,0
Lumpy_Skin_55.png,0,0,0,0,1,0,0,0
Lumpy_Skin_56.png,0,0,0,0,1,0,0,0
Lumpy_Skin_57.png,0,0,0,0,1,0,0,0
Lumpy_Skin_58.png,0,0,0,0,1,0,0,0
Lumpy_Skin_59.png,0,0,0,0,1,0,0,0
Lumpy_Skin_6.png,0,0,0,0,1,0,0,0
Lumpy_Skin_60.png,0,0,0,0,1,0,0,0
Lumpy_Skin_61.png,0,0,0,0,1,0,0,0
Lumpy_Skin_62.png,0,0,0,0,1,0,0,0
Lumpy_Skin_63.png,0,0,0,0,1,0,0,0
Lumpy_Skin_64.png,0,0,0,0,1,0,0,0
Lumpy_Skin_65.png,0,0,0,0,1,0,0,0
Lumpy_Skin_66.png,0,0,0,0,1,0,0,0
Lumpy_Skin_67.png,0,0,0,0,1,0,0,0
Lumpy_Skin_68.png,0,0,0,0,1,0,0,0
Lumpy_Skin_69.png,0,0,0,0,1,0,0,0
Lumpy_Skin_7.png,0,0,0,0,1,0,0,0
Lumpy_Skin_70.png,0,0,0,0,1,0,0,0
Lumpy_Skin_71.png,0,0,0,0,1,0,0,0
Lumpy_Skin_72.png,0,0,0,0,1,0,0,0
Lumpy_Skin_73.png,0,0,0,0,1,0,0,0
Lumpy_Skin_74.png,0,0,0,0,1,0,0,0
Lumpy_Skin_75.png,0,0,0,0,1,0,0,0
Lumpy_Skin_76.png,0,0,0,0,1,0,0,0
Lumpy_Skin_77.png,0,0,0,0,1,0,0,0
Lumpy_Skin_78.png,0,0,0,0,1,0,0,0
Lumpy_Skin_79.png,0,0,0,0,1,0,0,0
Lumpy_Skin_8.png,0,0,0,0,1,0,0,0
Lumpy_Skin_80.png,0,0,0,0,1,0,0,0
Lumpy_Skin_81.png,0,0,0,0,1,0,0,0
Lumpy_Skin_82.png,0,0,0,0,1,0,0,0
Lumpy_Skin_83.png,0,0,0,0,1,0,0,0
Lumpy_Skin_84.png,0,0,0,0,1,0,0,0
Lumpy_Skin_85.png,0,0,0,0,1,0,0,0
Lumpy_Skin_86.png,0,0,0,0,1,0,0,0
Lumpy_Skin_87.png,0,0,0,0,1,0,0,0
Lumpy_Skin_88.png,0,0,0,0,1,0,0,0
Lumpy_Skin_89.png,0,0,0,0,1,0,0,0
Lumpy_Skin_9.png,0,0,0,0,1,0,0,0
Lumpy_Skin_90.png,0,0,0,0,1,0,0,0
Lumpy_Skin_91.png,0,0,0,0,1,0,0,0
Lumpy_Skin_92.png,0,0,0,0,1,0,0,0
Lumpy_Skin_93.png,0,0,0,0,1,0,0,0
Lumpy_Skin_94.png,0,0,0,0,1,0,0,0
Lumpy_Skin_95.png,0,0,0,0,1,0,0,0
Lumpy_Skin_96.png,0,0,0,0,1,0,0,0
Lumpy_Skin_97.png,0,0,0,0,1,0,0,0
Lumpy_Skin_98.png,0,0,0,0,1,0,0,0
Lumpy_Skin_99.png,0,0,0,0,1,0,0,0
OIP-1-_jpg.rf.85cf23bc96c2d30f8f127f7686faeb43.jpg,0,0,0,0,0,0,0,0
OIP-1-_jpg.rf.8a66e5f16919a2a4a952a7805b4edf06.jpg,0,1,0,0,0,0,0,0
OIP-10-_jpg.rf.c06b83f2fb6d1260789d48b179a6b8b1.jpg,0,0,0,0,0,0,0,1
OIP-11-_jpg.rf.53391b9f831c2bc848d60050badc513f.jpg,0,0,0,0,0,0,0,1
OIP-11-_jpg.rf.576e559578bbcd91f36143d854340743.jpg,0,0,0,0,0,0,0,0
OIP-11-_jpg.rf.77f0aa26426d25c35a8e9796ae7d16e9.jpg,0,0,0,0,0,0,1,0
OIP-12-_jpg.rf.ccb6b9b248aae64665b68e7ead087cfd.jpg,0,0,0,0,0,0,1,0
OIP-13-_jpg.rf.89552503ce66a2d527ae374d4f00590d.jpg,0,0,0,0,0,0,1,0
OIP-13-_jpg.rf.f9623a1a0403735ffd4e43c9c6e7df65.jpg,0,0,0,0,0,0,0,0
OIP-14-_jpg.rf.23f9e48e69fa84151c05656917b0f142.jpg,0,0,0,0,0,0,1,0
OIP-14-_jpg.rf.3edb213ce608722b6970308c04614476.jpg,0,0,0,0,0,0,0,0
OIP-16-_jpg.rf.1b642007c99353a7ec8f29210e47b828.jpg,0,0,0,0,0,0,0,0
OIP-16-_jpg.rf.3a2d4aa47d07137afa043a22bcb510d3.jpg,0,0,0,0,0,0,1,0
OIP-17-_jpg.rf.315549798ad878d368f60660444a29b3.jpg,0,0,0,0,0,0,1,0
OIP-17-_jpg.rf.4709609f1e5f0f8bd6f5ec06c395071a.jpg,0,0,0,0,0,0,0,0
OIP-18-_jpg.rf.369e3f6553571077fc2e27963bb8acf4.jpg,0,0,0,0,0,0,1,0
OIP-19-_jpg.rf.0ba8c3c92a91cc46d3b0bfa09684f86c.jpg,0,0,0,0,0,0,1,0
OIP-19-_jpg.rf.8c78b7e5bd3b5181411b15b2cd699c6f.jpg,0,0,0,0,0,0,0,0
OIP-2-_jpg.rf.b7b0ab4c4182aa307cbe4443f3153a89.jpg,0,0,0,0,0,0,0,0
OIP-2-_jpg.rf.ed374639e9f3f11015ce8411961169e3.jpg,0,0,0,0,0,0,0,0
OIP-20-_jpg.rf.502d49fb4f83b45bcd363f1c5000d3ce.jpg,0,0,0,0,0,0,0,0
OIP-20-_jpg.rf.ec7bae0139702b2ce109e8f675294a0a.jpg,0,0,0,0,0,0,1,0
OIP-22-_jpg.rf.7c49a2f0f053eea525e9e120ab3d7744.jpg,0,0,0,0,0,0,0,0
OIP-22-_jpg.rf.d441643c119c562cc9e205977040b883.jpg,0,0,0,0,0,0,1,0
OIP-23-_jpg.rf.0135f2bbc4adfeb230b057a2dcfda09f.jpg,0,0,0,0,0,0,1,0
OIP-24-_jpg.rf.947e7be39c8f27271957c911183bfad6.jpg,0,0,0,0,0,0,0,0
OIP-25-_jpg.rf.45fc2cc978f9e9a4b956dbbd4a2067a4.jpg,0,0,0,0,0,0,1,0
OIP-25-_jpg.rf.55f89e809361e8df8fde2d9b7aa32e29.jpg,0,0,0,0,0,0,0,0
OIP-26-_jpg.rf.e6b24776bd1bd51a90cc3676a1833727.jpg,0,0,0,0,0,0,1,0
OIP-27-_jpg.rf.5c1cb030e724754eb40dc52cfa7c87a3.jpg,0,0,0,0,0,0,0,0
OIP-28-_jpg.rf.7b79743da04951d9e43b8718c93c3800.jpg,0,0,0,0,0,0,0,0
OIP-28-_jpg.rf.a2ace91b32555bb6be597bd641eff8fc.jpg,0,0,0,0,0,0,1,0
OIP-3-_jpg.rf.0dabc095e192c63341ece26707082dbf.jpg,0,1,0,0,0,0,0,0
OIP-3-_jpg.rf.582c8dd7fdc8813b90d913c442ca8034.jpg,0,0,0,0,0,0,0,0
OIP-3-_jpg.rf.7b4b3b68179d05ba55feee304b550f3c.jpg,0,0,0,0,0,0,1,0
OIP-3-_jpg.rf.7fc327435b739c5b5ef04dcd26ae8f22.jpg,0,0,0,0,0,0,0,0
OIP-3-_jpg.rf.e8e533249964611a2f9f5611b414ad07.jpg,0,0,0,0,0,0,0,1
OIP-31-_jpg.rf.1144f82d8e7f39e21fb139e42d39c7ed.jpg,0,0,0,0,0,0,1,0
OIP-31-_jpg.rf.bdfd1d5eed1ea6ac0e21d4fb353e839b.jpg,0,0,0,0,0,0,0,0
OIP-32-_jpg.rf.615a66985480ca5f03d069516ed50013.jpg,0,0,0,0,0,0,1,0
OIP-32-_jpg.rf.7ce6875652b17425f015148f7c30e927.jpg,0,0,0,0,0,0,0,0
OIP-33-_jpg.rf.b71a5c470eb1d1c3d036aaaf0f63c582.jpg,0,0,0,0,0,0,1,0
OIP-34-_jpg.rf.e35f1ff7a5e3a64b48339c9976f29426.jpg,0,0,0,0,0,0,1,0
OIP-35-_jpg.rf.0b9e8f0346bede2e328eb9754df0afcb.jpg,0,0,0,0,0,0,0,0
OIP-35-_jpg.rf.349812cb9cd0a2362b99b9f87f0c4de8.jpg,0,0,0,0,0,0,1,0
OIP-36-_jpg.rf.161a59cb245419949d88c508822c981d.jpg,0,0,0,0,0,0,0,0
OIP-37-_jpg.rf.4481c54d975fc50314183382c1f6c28a.jpg,0,0,0,0,0,0,0,0
OIP-37-_jpg.rf.a5b757e79ca62e5b3b22439a97dd8966.jpg,0,0,0,0,0,0,1,0
OIP-39-_jpg.rf.76358d9ca5b98f9505d9112cd59a77ae.jpg,0,0,0,0,0,0,0,0
OIP-4-_jpg.rf.1937e1fb1ba2a4f155e2ec21ddd25db9.jpg,0,1,0,0,0,0,0,0
OIP-4-_jpg.rf.a21cabf97d95c1f07089e794e0b8f6f1.jpg,0,0,0,0,0,0,0,1
OIP-4-_jpg.rf.d9520f8880b458d7c681f6902c2bfb8b.jpg,0,0,0,0,0,0,1,0
OIP-40-_jpg.rf.48bcd0b5dfced26017a523cedcbb93a5.jpg,0,0,0,0,0,0,1,0
OIP-40-_jpg.rf.5814ab6318c9a5ba99c8a2bd4d0826f2.jpg,0,0,0,0,0,0,0,0
OIP-41-_jpg.rf.1812780bf0a8ddf28e2e9ebb8ef736ef.jpg,0,0,0,0,0,0,0,0
OIP-41-_jpg.rf.898b81aa6ea26e5786d06f1c62511ea5.jpg,0,0,0,0,0,0,1,0
OIP-43-_jpg.rf.51b1d7a74d51bc8a338ab3113da8f385.jpg,0,0,0,0,0,0,1,0
OIP-43-_jpg.rf.b5f476370eacdc00154227777f89c804.jpg,0,0,0,0,0,0,0,0
OIP-46-_jpg.rf.09e27b22f738b75a9c6aaab1647f0112.jpg,0,0,0,0,0,0,1,0
OIP-46-_jpg.rf.61bc34640c5aed77f2d8ece5ef3fffeb.jpg,0,0,0,0,0,0,0,0
OIP-47-_jpg.rf.21b9b9b4fdac97e25e187dd0c2c743a5.jpg,0,0,0,0,0,0,1,0
OIP-48-_jpg.rf.6da4885a893e267c201072b986497699.jpg,0,0,0,0,0,0,0,0
OIP-5-_jpg.rf.3dde5c072c14a3a34e41bf189e39bccd.jpg,0,0,0,0,0,0,0,0
OIP-5-_jpg.rf.5205c35600e7053cb238ef10084276d8.jpg,0,0,0,0,0,0,0,0
OIP-5-_jpg.rf.80480b458e60c3f91b994b0c73bad883.jpg,0,0,0,0,0,0,0,1
OIP-5-_jpg.rf.ad475c7b2a18bc64f5d9ab803d5abbe7.jpg,0,0,0,0,0,0,1,0
OIP-50-_jpg.rf.1e6f689f0f95fa73706991932c0c6485.jpg,0,0,0,0,0,0,1,0
OIP-50-_jpg.rf.690cd7aea71374f58ea16c3e29ffc197.jpg,0,0,0,0,0,0,0,0
OIP-51-_jpg.rf.a5ad56d644d88fc8cff150886ecaa3c8.jpg,0,0,0,0,0,0,1,0
OIP-51-_jpg.rf.c5ba76a8644d2ec2a185a82ed7ee8447.jpg,0,0,0,0,0,0,0,0
OIP-52-_jpg.rf.21fdf8ac368b05216cfa68b4eb869ce2.jpg,0,0,0,0,0,0,0,0
OIP-52-_jpg.rf.b37ad478a4ef1fddfad67517a585eb91.jpg,0,0,0,0,0,0,1,0
OIP-53-_jpg.rf.43891df25423815a9235e99bdfcb505e.jpg,0,0,0,0,0,0,0,0
OIP-54-_jpg.rf.dbaefbd6f021c5f41e2794d46df60f8b.jpg,0,0,0,0,0,0,0,0
OIP-55-_jpg.rf.4df97e0eba1428031f71e5625db355ab.jpg,0,0,0,0,0,0,0,0
OIP-55-_jpg.rf.5ad7a7752b8da5b845ab3094bcceb76f.jpg,0,0,0,0,0,0,1,0
OIP-56-_jpg.rf.c642794f77f25d33a74efa28eeea648f.jpg,0,0,0,0,0,0,0,0
OIP-57-_jpg.rf.389d8c200c39ddd7821d893e3285dc8e.jpg,0,0,0,0,0,0,0,0
OIP-58-_jpg.rf.4357fa4f8263c7d2e52d25d165f3e529.jpg,0,0,0,0,0,0,1,0
OIP-58-_jpg.rf.43fa1a636544e6af144a30859033d8fb.jpg,0,0,0,0,0,0,0,0
OIP-59-_jpg.rf.40ade3867b33657fa9e1504c9fc35eb1.jpg,0,0,0,0,0,0,1,0
OIP-6-_jpg.rf.742ca2afb2b7243eb0c9e0925a552bcc.jpg,0,0,0,0,0,0,0,1
OIP-6-_jpg.rf.b004e1ce6961386531d610886e7a05a3.jpg,0,0,0,0,0,0,1,0
OIP-60-_jpg.rf.aa7e6878e1f58cf60cee07a458831093.jpg,0,0,0,0,0,0,0,0
OIP-60-_jpg.rf.e77978639e76e552511ac97534ee66cc.jpg,0,0,0,0,0,0,1,0
OIP-61-_jpg.rf.59dd74eedf7ebc6c022d51d661c277a5.jpg,0,0,0,0,0,0,1,0
OIP-62-_jpg.rf.0c771a7ed39d4a8b874e44a3c3e58456.jpg,0,0,0,0,0,0,0,0
OIP-62-_jpg.rf.e2444c17a515934a5f6b132fd6b1546d.jpg,0,0,0,0,0,0,1,0
OIP-63-_jpg.rf.cd97328af72f16053db073e7d3712758.jpg,0,0,0,0,0,0,1,0
OIP-64-_jpg.rf.aa61aa0f56800e2f34f362f77eda0c5b.jpg,0,0,0,0,0,0,0,0
OIP-65-_jpg.rf.b33c769de5d6ccb7a0c803a8751b2223.jpg,0,0,0,0,0,0,1,0
OIP-67-_jpg.rf.b58cdeac07ecfb2a40f68c5792f797f1.jpg,0,0,0,0,0,0,1,0
OIP-69-_jpg.rf.db78b4794e47146a2a963c7ab0375240.jpg,0,0,0,0,0,0,1,0
OIP-7-_jpg.rf.bcb41cd0e99927976dcb4f5871d5baec.jpg,0,0,0,0,0,0,0,0
OIP-7-_jpg.rf.ede873c670282eb80fc786fe3d8d73c1.jpg,0,0,0,0,0,0,0,1
OIP-70-_jpg.rf.a7e98d04ed2df7c6c4d6ba38c7a1a63f.jpg,0,0,0,0,0,0,1,0
OIP-8-_jpg.rf.59bb1b47ba3ec2dd1207b0d1d2243e43.jpg,0,0,0,0,0,0,0,1
OIP-8-_jpg.rf.5dd186d570b3266156af90d51695701d.jpg,0,0,0,0,0,0,1,0
OIP-8-_jpg.rf.89cdc3ed7a501c729c8c7633c558843a.jpg,0,0,0,0,0,0,0,0
OIP-9-_jpg.rf.4ce4f72e8ac340965ecbf8505ade5b75.jpg,0,0,0,0,0,0,0,1
OIP-9-_jpg.rf.847b68e3fbe58bb8cc376f70545f60e0.jpg,0,0,0,0,0,0,1,0
OIP_jpg.rf.005da2236f24ae516313f73d42f763e1.jpg,0,1,0,0,0,0,0,0
OIP_jpg.rf.28b6d6587acea10dd538ec49bbbdc17a.jpg,0,0,0,0,0,0,0,0
OIP_jpg.rf.4eb35891f85cdd0aa1c936b443f874a4.jpg,0,0,0,0,0,0,0,1
OIP_jpg.rf.63c7374203a2f43e98afa6ec11916d90.jpg,0,0,0,0,0,0,1,0
OIP_jpg.rf.ec6c80bfd8e7dcce6c60fec109a03c94.jpg,0,0,0,0,0,0,0,0
Screenshot-2023-05-14-200119_png_jpg.rf.33070995f9d64486b159549425495ae8.jpg,0,1,0,0,0,0,0,0
Screenshot-2023-05-14-200119_png_jpg.rf.3a8d47270a2d30d677d9c04003c15c92.jpg,0,1,0,0,0,0,0,0
Screenshot-2023-05-14-200119_png_jpg.rf.85844bac94a1934bdce7de166da86e3e.jpg,0,1,0,0,0,0,0,0
Screenshot_2022_0901_190125_png_jpg.rf.08545515cda4483194805d5b48fc3596.jpg,0,0,0,0,1,0,0,0
Untitled-design-18_jpg.rf.e0e1a34d2dbfaab64ce41f477a352856.jpg,0,0,0,0,1,0,0,0
WhatsApp-Image-2022-07-16-at-6-06-24-PM-1-_jpeg_jpg.rf.eb8458fb16a067241b7c2a022f41d6b0.jpg,0,0,0,0,0,0,0,0
WhatsApp-Image-2022-07-16-at-6-06-30-PM_jpeg_jpg.rf.719b1d66c9a1259e015a298c5d964730.jpg,0,0,0,0,0,0,0,0
WhatsApp-Image-2022-07-16-at-6-06-32-PM-1-_jpeg_jpg.rf.ce27ee59a786a667d7c7f7efab815b16.jpg,0,0,0,0,0,0,0,0
WhatsApp-Image-2022-10-07-at-4-31-52-PM_jpeg_jpg.rf.2f95c6cec12652795938c9315cf4582c.jpg,0,0,0,0,0,0,0,0
a0ab0f71-db79-491e-93d0-88462e892504_Jpg_jpg.rf.ed5270d4540c3bbc6b1e16a618bf8712.jpg,0,0,0,0,0,0,0,0
a0f4e21c-f2a6-4d1d-98aa-ce2e9e5afb98_Jpg_jpg.rf.91777290e4818c46bf4433e4ebeac7d7.jpg,0,0,0,0,0,0,0,0
a1040eae-a749-4aef-adb9-adda4a80cb7b_jpg.rf.e33fb51c16018c37b027053c88078194.jpg,0,0,0,0,0,0,0,0
a185b263-8803-4ff6-b7b2-99584cf8e18a_Jpg_jpg.rf.9e9f0d3fd553b405bcf113428dc94851.jpg,0,0,0,0,0,0,0,0
a1c0bca6-a9f9-405c-9b44-802b0be5fd50_Jpg_jpg.rf.8b27531836ce9fc883c20ac565746cd8.jpg,0,0,0,0,0,0,0,0
a3759136-06d0-4f31-ab69-2e099ce9c108_Jpg_jpg.rf.1df5f2d060a4c0ab545a1c595c56aee5.jpg,0,0,0,0,0,0,0,0
a445bb00-3caf-48c6-a385-c2c6d765fccd_Jpg_jpg.rf.8b1d87819ee8274bcffbe91f3266162e.jpg,0,0,0,0,0,0,0,0
a497f704-3f4d-44e4-8594-24f51e3b3124_Jpg_jpg.rf.7ac7c72ff4f30aa11317491faf646818.jpg,0,0,0,0,0,0,0,0
a60f9465-c706-4279-94ea-bf6062c7cc00_Jpg_jpg.rf.91248e96832ac0519aca29e2c2364e1a.jpg,0,0,0,0,0,0,0,0
a66b3383-4974-4e7d-9b78-da59f7c8ba81_Jpg_jpg.rf.84caaeb5467549dc93e4731bd7c5bfa3.jpg,0,0,0,0,0,0,0,0
a66b3383-4974-4e7d-9b78-da59f7c8ba81_Jpg_jpg.rf.9eb4ec2a65411359243d2a96d06f3725.jpg,0,0,0,0,0,0,0,0
abfd1ad9-18b8-48c4-9d89-5025d6c8fb1f_Jpg_jpg.rf.33c63f58516f2f61310113a7fa21112d.jpg,0,0,0,0,0,0,0,0
ad744c36-0a54-46da-84fb-c15277e2d993_Jpg_jpg.rf.2490a96a98b639c017f77b2bf440dd9a.jpg,0,0,0,0,0,0,0,0
adabef21-29cc-4fdd-94df-f731f6911e73_Jpg_jpg.rf.f95ed41afb1f348a136d283a0ad494ce.jpg,0,0,0,0,0,0,0,0
af6f1ab2-d231-4cf0-b849-97c629a41b53_Jpg_jpg.rf.2b8860d816824f5f8e28e04d98da06a9.jpg,1,0,0,0,0,0,0,0
b31f8c11-f8f0-4a3a-a09e-bc898f207647_Jpg_jpg.rf.0356d177d532c4d105215b628e51b3de.jpg,0,0,0,0,0,0,0,0
b87734e0-a12e-4e08-b8df-d22dde0acd87_Jpg_jpg.rf.662ef8c5b3c1a96e901db7e6c701b7e8.jpg,0,0,0,0,0,0,0,0
bc8860b6-81f1-43f7-9b68-877edddb516b_Jpg_jpg.rf.39fc0a7571ed7251a6115147ee810dbd.jpg,0,0,0,0,0,0,0,0
c3e0bcca-5678-40db-aae7-aa69d91d6b24_Jpg_jpg.rf.2d6181890d01b7f403a5b074c5d6a769.jpg,0,0,0,0,0,0,0,0
c6dc12c9-cf7b-4dfe-8a1f-fa72f195dce4_Jpg_jpg.rf.ef23f09c505c1b633d6ba00f5d2b9161.jpg,0,0,0,0,0,0,0,0
c73e55ee-0104-49fb-be61-6a1df9ac7bce_Jpg_jpg.rf.1f00c6fdab0cfa418f717b118bbd4231.jpg,0,0,0,0,0,0,0,0
cac3ce5a-947f-4444-a6bd-b34b791a5fda_Jpg_jpg.rf.3591bf437d0b032f9b9cb2f88cce4f22.jpg,0,0,0,0,0,0,0,0
d202f008-1a40-4f6c-b39b-84f0a1f9acfa_Jpg_jpg.rf.8ff45be397ad8b0e087f66268f3fcc9d.jpg,0,0,0,0,0,0,0,0
d2f788a8-acd2-4069-90a2-468a8246f543_Jpg_jpg.rf.e5b67d3ba79fbd06cb7862837dca9a16.jpg,0,0,0,0,0,0,0,0
d43fa366-3473-4e70-bb88-4a11279ea2df_Jpg_jpg.rf.30c8147a3dddc994c23d0da6340ad759.jpg,0,0,0,0,0,0,0,0
d6261d17-2472-40fa-b03f-5a34c014511a_Jpg_jpg.rf.f95795d3e74b5ec060e6b87f77d8b906.jpg,0,0,0,0,0,0,0,0
d6a1b6ff-6e16-4277-8c5f-1d895c721bbf_Jpg_jpg.rf.fac7aa266b719a537491362e673986f0.jpg,0,0,0,0,0,0,0,0
d92aa152-0864-4b65-af10-732180084569_Jpg_jpg.rf.76425466e68107a6a073521fd6fb7cd1.jpg,0,0,0,0,0,0,0,0
db351ab7-6f12-4064-9c0a-9d03de773953_Jpg_jpg.rf.327692fb16d86f511c6c58877fe12f77.jpg,0,0,0,0,0,0,0,0
dbd029e0-91ed-4d1d-99f7-a722c3cebafe_Jpg_jpg.rf.e35532413c686325caaf79572253a14c.jpg,0,0,0,0,0,0,0,0
ddd43eb0-3cd4-4b9a-b1d2-8ef09e752017_Jpg_jpg.rf.bb90606d1aca9cd9917f65cdb14a6ae0.jpg,0,0,0,0,0,0,0,0
download-1-_jpg.rf.472633265747ff2c0d89350f829f1c53.jpg,0,1,0,0,0,0,0,0
download-2-_jpg.rf.ca1efe794534c0c8b0f59239f7a6e492.jpg,0,0,0,0,0,0,1,0
download_jpg.rf.9d990d07126838690b9db69746b6cd0e.jpg,0,0,0,0,0,0,1,0
download_jpg.rf.a73766ce7893f36db93f7f6bcaec5f09.jpg,0,0,0,0,0,0,0,1
e2cf0a0f-5a33-4fe5-876d-285d351db363_Jpg_jpg.rf.cd2a4c3c4542f7176fbceb347b001068.jpg,0,0,0,0,0,0,0,0
e2fe8be3-970c-4ce4-a791-9905def45b98_Jpg_jpg.rf.fee10348a102624999e52dae16965815.jpg,0,0,0,0,0,0,0,0
e92230d8-2a16-4481-a643-01b99a901352_Jpg_jpg.rf.edb1a687be2b9b0259318c7383f74bdf.jpg,0,0,0,0,0,0,0,0
e990f7cb-2e3b-438a-8ec2-2541b9976816_Jpg_jpg.rf.0b9a4e07d27f2bad60132d3575b20e2d.jpg,0,0,0,0,0,0,0,0
eacd96ef-a3c7-4222-b1bc-8c78f70e11a0_Jpg_jpg.rf.8e4d087eaddf0c9e6cf680e855c819c2.jpg,0,0,0,0,0,0,0,0
ee95edb6-3dcf-4399-9bb2-dbe56ee3273c_Jpg_jpg.rf.cf25e0edd10870bedbd39dea89726ca1.jpg,0,0,0,0,0,0,0,0
eef60baa-cee6-4414-a86d-798dd92d3883_Jpg_jpg.rf.59c644877e9206b2e87931b61c6dd97a.jpg,0,0,0,0,0,0,0,0
ef15dfb6-7611-4237-9fef-1f2bebe83c4e_Jpg_jpg.rf.138c34dfde1cd6d124f3bbc1209edd68.jpg,0,0,0,0,0,0,0,0
ef7ec4ef-fc17-4c56-a2b1-bf9036276e62_Jpg_jpg.rf.9c95c72c1312d7cc942c083e25e977d5.jpg,1,0,0,0,0,0,0,0
ef8b85c5-6144-4340-9daf-d2ed320e6d7e_Jpg_jpg.rf.6686fc715cb0eb97482cdc3627b39585.jpg,0,0,0,0,0,0,0,0
f26aa361-57b6-417d-bdc6-fe22a24fa762_Jpg_jpg.rf.ba13cc90f3e0ee1fc339d4f27ed96be4.jpg,0,0,0,0,0,0,0,0
f673a728-6e95-4783-bc3c-615deb762a6c_Jpg_jpg.rf.458133dc4ca6f20a08b78db7a068978d.jpg,0,0,0,0,0,0,0,0
f79bda7f-f4de-4aa6-b086-201551d23e79_Jpg_jpg.rf.619c77e4c9747eabe2be8ca10613a8b3.jpg,1,0,0,0,0,0,0,0
f98ce19d-96cd-49c5-b676-d99e28e119ab_Jpg_jpg.rf.17a82628288f62c05d4734e547c8d7ca.jpg,0,0,0,0,0,0,0,0
fa554c41-3367-4398-bc0d-3303c8e302ab_Jpg_jpg.rf.5ad54ed763da53994699496f43d89f35.jpg,0,0,0,0,0,0,0,0
fears-of-lumpy-skin-di_jpg.rf.a53fd88118906c018a36ca4600d53bf9.jpg,0,0,0,0,1,0,0,0
fef287a1-1c70-4262-ae7e-81bc1d4444ab_Jpg_jpg.rf.b1a3020057c1c0239dff92b51eedd7f9.jpg,0,0,0,0,0,0,0,0
goat10_jpg.rf.38b8ab6b86a49bd65ed93dcf930f145d.jpg,0,0,0,0,0,0,0,0
goat10_jpg.rf.a50d82978c2c183d4eff10d5494c0c86.jpg,0,0,0,0,0,0,0,0
goat10_jpg.rf.c0c945bc359958f6b44768bf285330ea.jpg,0,0,0,0,0,0,0,0
goat11_jpg.rf.091fcd3c1f0d7ade8e0cac783913dfb1.jpg,0,0,0,0,0,0,0,0
goat11_jpg.rf.2c3f81d7c79f39e8251c88b16cffe4b1.jpg,0,0,0,0,0,0,0,0
goat11_jpg.rf.59bf1173721b1d6a6ca1255419c96a41.jpg,0,0,0,0,0,0,0,0
goat11_jpg.rf.7d9e35e896267a326096c34c0666c177.jpg,0,0,0,0,0,0,0,0
goat11_jpg.rf.8f87dd2e1983e087507195e4952054c9.jpg,0,0,0,0,0,0,0,0
goat11_jpg.rf.d6b5e8dd73794500030f091a76302231.jpg,0,0,0,0,0,0,0,0
goat12_jpg.rf.06b54a5ae837752b7e651cc02bf9fc46.jpg,0,0,0,0,0,0,0,0
goat12_jpg.rf.45d01b6c7489b7bfe10b83146d9cd325.jpg,0,0,0,0,0,0,0,0
goat12_jpg.rf.6193c1274d0d0cd012cbe81b9c932024.jpg,0,0,0,0,0,0,0,0
goat12_jpg.rf.999b618a1b68512b6ef0fbfd582c0569.jpg,0,0,0,0,0,0,0,0
goat12_jpg.rf.b2a83fafd072d7c4f66c14e150ffabf9.jpg,0,0,0,0,0,0,0,0
goat12_jpg.rf.c5a9188d3da74bf214513671aab6e284.jpg,0,0,0,0,0,0,0,0
goat13_jpg.rf.80b562a09b89cb65c5bbd0c18cc9a9dc.jpg,0,0,0,0,0,0,0,0
goat13_jpg.rf.cea1b06042d7b1c375ae351b1a5c3240.jpg,0,0,0,0,0,0,0,0
goat13_jpg.rf.eefde126f5c068803629245ec3256796.jpg,0,0,0,0,0,0,0,0
goat14_jpg.rf.1ec82f9033bfe0a232b4de5064c75821.jpg,0,0,0,0,0,0,0,0
goat14_jpg.rf.7856b5746d7473919b42411cdce62408.jpg,0,0,0,0,0,0,0,0
goat14_jpg.rf.852345156e71ec9b5b390eefc865a46a.jpg,0,0,0,0,0,0,0,0
goat14_jpg.rf.c7a0fe576e8a4417bae7a4b0a6fa5a1a.jpg,0,0,0,0,0,0,0,0
goat14_jpg.rf.ec32b0a57c9a474785722ca2fe0d1d74.jpg,0,0,0,0,0,0,0,0
goat14_jpg.rf.f2a26c973ced0f172021ee6e1d06ea57.jpg,0,0,0,0,0,0,0,0
goat15_jpg.rf.06fc83c03e9f8bc38eeb9e0a961fdca0.jpg,0,0,0,0,0,0,0,0
goat15_jpg.rf.08f0ae8151bce250b25e502badd77de8.jpg,0,0,0,0,0,0,0,0
goat15_jpg.rf.35c955796e8ffef6d9e5772bcd982040.jpg,0,0,0,0,0,0,0,0
goat15_jpg.rf.728ad406931b6e539ed9a47ff36b5934.jpg,0,0,0,0,0,0,0,0
goat15_jpg.rf.efb9815928c36c5de4f5d7d347d8419a.jpg,0,0,0,0,0,0,0,0
goat15_jpg.rf.fede6acf4a0b029ced6ec44d8f6b00fa.jpg,0,0,0,0,0,0,0,0
goat16_jpg.rf.3be3a11fd72cdfde99f49690fa1594b9.jpg,0,0,0,0,0,0,0,0
goat17_jpg.rf.2d3620d2712513ed160f3ed7aad0078a.jpg,0,0,0,0,0,0,0,0
goat17_jpg.rf.322a616ac7b98b4cfcb8d6e78a518e5d.jpg,0,0,0,0,0,0,0,0
goat17_jpg.rf.e564fc0d3a22e97a60c8f83a84becd9a.jpg,0,0,0,0,0,0,0,0
goat18_jpg.rf.817ee8ad547d594aa0b5aabf0de4f5da.jpg,0,0,0,0,0,0,0,0
goat19_jpg.rf.127702bb5f4deb1f2c436761931ac942.jpg,0,0,0,0,0,0,0,0
goat19_jpg.rf.71abc4f4802e6737cd20ba266862b57a.jpg,0,0,0,0,0,0,0,0
goat19_jpg.rf.760eea0b558fcf236eb66f4807d9e90d.jpg,0,0,0,0,0,0,0,0
goat19_jpg.rf.93a6c0a868cd3e1b433b1224918f2c12.jpg,0,0,0,0,0,0,0,0
goat1_jpg.rf.44c71c3cdff815f9bf85fcbbc50223d2.jpg,0,0,0,0,0,0,0,0
goat1_jpg.rf.5d28544d2d2379cc5583892854020055.jpg,0,0,0,0,0,0,0,0
goat1_jpg.rf.bdb3ddb3b8d179350e8bd2e6e35625d0.jpg,0,0,0,0,0,0,0,0
goat1_jpg.rf.e439a3870ee195c516636a839739a941.jpg,0,0,0,0,0,0,0,0
goat21_jpg.rf.1ba515c580e4f66615bc415b170452fa.jpg,0,0,0,0,0,0,0,0
goat21_jpg.rf.38c2b49692f06f90bb7d5518c840e4ec.jpg,0,0,0,0,0,0,0,0
goat21_jpg.rf.c0626130bcde2b14d6ed15f2227c3a8b.jpg,0,0,0,0,0,0,0,0
goat21_jpg.rf.cde07b41ad5d5e89ae8040600b8ea7b7.jpg,0,0,0,0,0,0,0,0
goat22_jpg.rf.07c1a8874fb274ef430436707fefc312.jpg,0,0,0,0,0,0,0,0
goat22_jpg.rf.2ea39144b4afb122cf9aced914cb07d4.jpg,0,0,0,0,0,0,0,0
goat22_jpg.rf.7bf8561b127d068f2f1edb7c20239fef.jpg,0,0,0,0,0,0,0,0
goat22_jpg.rf.aded34eb0a918c3fde93dfee994514d4.jpg,0,0,0,0,0,0,0,0
goat23_jpg.rf.1afb635fe411f2510a719001ac5a1e31.jpg,0,0,0,0,0,0,0,0
goat23_jpg.rf.674fcfa42531761c5607a9599ecf94ba.jpg,0,0,0,0,0,0,0,0
goat23_jpg.rf.73ffe7b6571a9e1c921877eeca4f3189.jpg,0,0,0,0,0,0,0,0
goat23_jpg.rf.c88a099862334deb632ed8697ee0a5cf.jpg,0,0,0,0,0,0,0,0
goat23_jpg.rf.f787fb80699b9f10e2cf5e3a21694728.jpg,0,0,0,0,0,0,0,0
goat23_jpg.rf.f9a7db9cc4dff8d8121ae29246f5d8f7.jpg,0,0,0,0,0,0,0,0
goat24_jpg.rf.18bedf3258fd94bb4e6ecd11ea951976.jpg,0,0,0,0,0,0,0,0
goat24_jpg.rf.20ea8ea0c306c3d27e6fb95caaedd3bb.jpg,0,0,0,0,0,0,0,0
goat24_jpg.rf.35511e5340468dd18131a95750eb8117.jpg,0,0,0,0,0,0,0,0
goat25_jpg.rf.3fef8282363d8c0e522b17effaab1bfe.jpg,0,0,0,0,0,0,0,0
goat25_jpg.rf.5f64f65f2c0711ec433dc4ffcefe71c6.jpg,0,0,0,0,0,0,0,0
goat26_jpg.rf.9cf11176ffd7c76a1d544cc5e8b76b61.jpg,0,0,0,0,0,0,0,0
goat26_jpg.rf.c44d80f1323278287349ca655bcfcbeb.jpg,0,0,0,0,0,0,0,0
goat26_jpg.rf.cf3fc8f085c51284e0a1627476423aeb.jpg,0,0,0,0,0,0,0,0
goat27_jpg.rf.44946278a4e4f82eaefd09a3a1c8d3fb.jpg,0,0,0,0,0,0,0,0
goat27_jpg.rf.4ac5beea474f264b6b3b7d1dc2b8ba41.jpg,0,0,0,0,0,0,0,0
goat27_jpg.rf.74cf2d20ed0369c65a19e92bd2a4e8be.jpg,0,0,0,0,0,0,0,0
goat27_jpg.rf.9ed1333ca6b6afe78c037f9aba73e2aa.jpg,0,0,0,0,0,0,0,0
goat28_jpg.rf.635ef2f09d39d969cee1009fa7640b63.jpg,0,0,0,0,0,0,0,0
goat28_jpg.rf.90a8a24cf00cdcd93bbf76660d98e10f.jpg,0,0,0,0,0,0,0,0
goat28_jpg.rf.db9a1cbf8e48b330d4635c645c722b16.jpg,0,0,0,0,0,0,0,0
goat28_jpg.rf.f285865a1898229ed2a8cff11715db8f.jpg,0,0,0,0,0,0,0,0
goat29_jpg.rf.cd94ea472fafcdbdb2277c98a9514204.jpg,0,0,0,0,0,0,0,0
goat2_jpg.rf.b6f21c2e77cfbc525e77f6e5771ada0e.jpg,0,0,0,0,0,0,0,0
goat30-1-_jpg.rf.9c32fce9ab84f23ea8cc7473c77d6f0c.jpg,0,0,0,0,0,0,0,0
goat30-1-_jpg.rf.bb57d6c23bdcae2068361f0232d99f82.jpg,0,0,0,0,0,0,0,0
goat30-1-_jpg.rf.de7fd0f5fb83cb0c93c233c9661a1b8f.jpg,0,0,0,0,0,0,0,0
goat30_jpg.rf.0df7b3cc5c1f0b44b73636233fd2d122.jpg,0,0,0,0,0,0,0,0
goat30_jpg.rf.17c48f81a5e63236179199d1601f0558.jpg,0,0,0,0,0,0,0,0
goat30_jpg.rf.c53a37d30f18840222d953cf7ac677ff.jpg,0,0,0,0,0,0,0,0
goat30_jpg.rf.cc78a7e13294cc3c363d7a53b76ab0f7.jpg,0,0,0,0,0,0,0,0
goat30_jpg.rf.de60442b54766ba82a91c9b56c6dccc7.jpg,0,0,0,0,0,0,0,0
goat30_jpg.rf.fc9042bfc030e34038aa33dd8603c516.jpg,0,0,0,0,0,0,0,0
goat32_jpg.rf.212316dea4d6fce2e3c592642247b308.jpg,0,0,0,0,0,0,0,0
goat32_jpg.rf.402c6726748028aefcc92a6d1c2280fd.jpg,0,0,0,0,0,0,0,0
goat32_jpg.rf.f513153362858785f3a86ea76dd602d4.jpg,0,0,0,0,0,0,0,0
goat33_jpg.rf.4a29b64f4493ded4e18d73d9bb5360d8.jpg,0,0,0,0,0,0,0,0
goat33_jpg.rf.c3adb0fea2ff7d9cdaf023f108b23071.jpg,0,0,0,0,0,0,0,0
goat33_jpg.rf.e4486622b8582d8602f9d01bbfba7533.jpg,0,0,0,0,0,0,0,0
goat34_jpg.rf.6631fc9256697ad112e11ba209ebae23.jpg,0,0,0,0,0,0,0,0
goat34_jpg.rf.9a22125219099427df27a976d2fe49c9.jpg,0,0,0,0,0,0,0,0
goat34_jpg.rf.ae0c37dc2ffe4cb1d2536bdaa2338699.jpg,0,0,0,0,0,0,0,0
goat35_jpg.rf.59b8c0877bb609d744cdd3434e6ac29c.jpg,0,0,0,0,0,0,0,0
goat35_jpg.rf.b231e253e8b9dac44211e97bd115aadc.jpg,0,0,0,0,0,0,0,0
goat35_jpg.rf.f95be3def75d092ddc9986f0f1161845.jpg,0,0,0,0,0,0,0,0
goat3_jpg.rf.0e080f5cd5b5dd3392905577425c2c79.jpg,0,0,0,0,0,0,0,0
goat3_jpg.rf.6aa89c31d9f12b0df0f5fd07eee53f38.jpg,0,0,0,0,0,0,0,0
goat3_jpg.rf.834eed4be64e76cbd13e49c4d52dafaf.jpg,0,0,0,0,0,0,0,0
goat3_jpg.rf.ae7b97210644c98eb503831d9e35e7bf.jpg,0,0,0,0,0,0,0,0
goat3_jpg.rf.bbdc573d6aa3887926d22b174ae1a737.jpg,0,0,0,0,0,0,0,0
goat3_jpg.rf.f7e030a4eee2e9a1b11de9a7c796066f.jpg,0,0,0,0,0,0,0,0
goat5_jpg.rf.27b1aaae55bff74b0a183c3b51171d84.jpg,0,0,0,0,0,0,0,0
goat5_jpg.rf.3f8e0f89561d5aad1cee8ed32722a3af.jpg,0,0,0,0,0,0,0,0
goat5_jpg.rf.c7693b34c0fe1f7b63f640b58656d996.jpg,0,0,0,0,0,0,0,0
goat6_jpg.rf.3a800a2f03d238909d43c2f817ac1c83.jpg,0,0,0,0,0,0,0,0
goat6_jpg.rf.47d2f007a0dc2dc0f5239f217f6876ee.jpg,0,0,0,0,0,0,0,0
goat6_jpg.rf.5d51b77c556ed67824f46ddc9522650a.jpg,0,0,0,0,0,0,0,0
goat6_jpg.rf.619eace9a58af392f52b34801624e7cb.jpg,0,0,0,0,0,0,0,0
goat7_jpg.rf.0d2fe8f6e02d8e68fbb946c9710e3cee.jpg,0,0,0,0,0,0,0,0
goat7_jpg.rf.7e0222d8aed6eaf92234ab1261a49780.jpg,0,0,0,0,0,0,0,0
goat7_jpg.rf.7ec2775c70098e4b50505ad5b9496cc0.jpg,0,0,0,0,0,0,0,0
goat7_jpg.rf.a001e7d58b892ec9920da3b3adf09fe3.jpg,0,0,0,0,0,0,0,0
goat7_jpg.rf.dbe9c6da435d79f58bb79cb440252f6e.jpg,0,0,0,0,0,0,0,0
goat7_jpg.rf.eb4d68370b5bfdd821dc056bda720eeb.jpg,0,0,0,0,0,0,0,0
goat8_jpg.rf.44ea03981b3eea74ce9de81f4ca53d5a.jpg,0,0,0,0,0,0,0,0
goat8_jpg.rf.7b69c9e5d9eeb2e1a76a5c7dc805ab71.jpg,0,0,0,0,0,0,0,0
goat8_jpg.rf.c32df434445310305c03b75df05874bc.jpg,0,0,0,0,0,0,0,0
goat8_jpg.rf.d9ef7191ebb98766c17cdd28efffafd1.jpg,0,0,0,0,0,0,0,0
goat9_jpg.rf.480be8998d86091d0623b52154e48e78.jpg,0,0,0,0,0,0,0,0
goat9_jpg.rf.61c7b6ab9f296b694ed28edac1b2b10b.jpg,0,0,0,0,0,0,0,0
goat9_jpg.rf.6a31fb899f7c12dddda539d0e2854948.jpg,0,0,0,0,0,0,0,0
goat9_jpg.rf.ce511f36d5ad4e19fded6a14dc8162c2.jpg,0,0,0,0,0,0,0,0
img1000.jpg,0,0,0,0,1,0,0,0
img1001.jpg,0,0,0,0,1,0,0,0
img1002.jpg,0,0,0,0,1,0,0,0
img1003.jpg,0,0,0,0,1,0,0,0
img1004.jpg,0,0,0,0,1,0,0,0
img1005.jpg,0,0,0,0,1,0,0,0
img1006.jpg,0,0,0,0,1,0,0,0
img1007.jpg,0,0,0,0,1,0,0,0
img1008.jpg,0,0,0,0,1,0,0,0
img1009.jpg,0,0,0,0,1,0,0,0
img1010.jpg,0,0,0,0,1,0,0,0
img1011.jpg,0,0,0,0,1,0,0,0
img1012.jpg,0,0,0,0,1,0,0,0
img1013.jpg,0,0,0,0,1,0,0,0
img1014.jpg,0,0,0,0,1,0,0,0
img1015.jpg,0,0,0,0,1,0,0,0
img1016.jpg,0,0,0,0,1,0,0,0
img1017.jpg,0,0,0,0,1,0,0,0
img1018.jpg,0,0,0,0,1,0,0,0
img1019.jpg,0,0,0,0,1,0,0,0
img1020.jpg,0,0,0,0,1,0,0,0
img1021.jpg,0,0,0,0,1,0,0,0
img1022.jpg,0,0,0,0,1,0,0,0
img1023.jpg,0,0,0,0,1,0,0,0
img1024.jpg,0,0,0,0,1,0,0,0
img1025.jpg,0,0,0,0,1,0,0,0
img1026.jpg,0,0,0,0,1,0,0,0
img1027.jpg,0,0,0,0,1,0,0,0
img1028.jpg,0,0,0,0,1,0,0,0
img1029.jpg,0,0,0,0,1,0,0,0
img1030.jpg,0,0,0,0,1,0,0,0
img1031.jpg,0,0,0,0,1,0,0,0
img1032.jpg,0,0,0,0,1,0,0,0
img1033.jpg,0,0,0,0,1,0,0,0
img1034.jpg,0,0,0,0,1,0,0,0
img1035.jpg,0,0,0,0,1,0,0,0
img1036.jpg,0,0,0,0,1,0,0,0
img1037.jpg,0,0,0,0,1,0,0,0
img1038.jpg,0,0,0,0,1,0,0,0
img1039.jpg,0,0,0,0,1,0,0,0
img1040.jpg,0,0,0,0,1,0,0,0
img1041.jpg,0,0,0,0,1,0,0,0
img1042.jpg,0,0,0,0,1,0,0,0
img1043.jpg,0,0,0,0,1,0,0,0
img1044.jpg,0,0,0,0,1,0,0,0
img1045.jpg,0,0,0,0,1,0,0,0
img1046.jpg,0,0,0,0,1,0,0,0
img1047.jpg,0,0,0,0,1,0,0,0
img1048.jpg,0,0,0,0,1,0,0,0
img1049.jpg,0,0,0,0,1,0,0,0
img1050.jpg,0,0,0,0,1,0,0,0
img1051.jpg,0,0,0,0,1,0,0,0
img1052.jpg,0,0,0,0,1,0,0,0
img1053.jpg,0,0,0,0,1,0,0,0
img1054.jpg,0,0,0,0,1,0,0,0
img1055.jpg,0,0,0,0,1,0,0,0
img1056.jpg,0,0,0,0,1,0,0,0
img1057.jpg,0,0,0,0,1,0,0,0
img1058.jpg,0,0,0,0,1,0,0,0
img1059.jpg,0,0,0,0,1,0,0,0
img1060.jpg,0,0,0,0,1,0,0,0
img1061.jpg,0,0,0,0,1,0,0,0
img1062.jpg,0,0,0,0,1,0,0,0
img1063.jpg,0,0,0,0,1,0,0,0
img1064.jpg,0,0,0,0,1,0,0,0
img1065.jpg,0,0,0,0,1,0,0,0
img1066.jpg,0,0,0,0,1,0,0,0
img1067.jpg,0,0,0,0,1,0,0,0
img1068.jpg,0,0,0,0,1,0,0,0
img1069.jpg,0,0,0,0,1,0,0,0
img1070.jpg,0,0,0,0,1,0,0,0
img1071.jpg,0,0,0,0,1,0,0,0
img1072.jpg,0,0,0,0,1,0,0,0
img1073.jpg,0,0,0,0,1,0,0,0
img1074.jpg,0,0,0,0,1,0,0,0
img1075.jpg,0,0,0,0,1,0,0,0
img1076.jpg,0,0,0,0,1,0,0,0
img1077.jpg,0,0,0,0,1,0,0,0
img1078.jpg,0,0,0,0,1,0,0,0
img1079.jpg,0,0,0,0,1,0,0,0
img1080.jpg,0,0,0,0,1,0,0,0
img1081.jpg,0,0,0,0,1,0,0,0
img1082.jpg,0,0,0,0,1,0,0,0
img1083.jpg,0,0,0,0,1,0,0,0
img1084.jpg,0,0,0,0,1,0,0,0
img1085.jpg,0,0,0,0,1,0,0,0
img1086.jpg,0,0,0,0,1,0,0,0
img1087.jpg,0,0,0,0,1,0,0,0
img1088.jpg,0,0,0,0,1,0,0,0
img1089.jpg,0,0,0,0,1,0,0,0
img1090.jpg,0,0,0,0,1,0,0,0
img1091.jpg,0,0,0,0,1,0,0,0
img1092.jpg,0,0,0,0,1,0,0,0
img1093.jpg,0,0,0,0,1,0,0,0
img1094.jpg,0,0,0,0,1,0,0,0
img1095.jpg,0,0,0,0,1,0,0,0
img1096.jpg,0,0,0,0,1,0,0,0
img1097.jpg,0,0,0,0,1,0,0,0
img1098.jpg,0,0,0,0,1,0,0,0
img1099.jpg,0,0,0,0,1,0,0,0
img1100.jpg,0,0,0,0,1,0,0,0
img1101.jpg,0,0,0,0,1,0,0,0
img1102.jpg,0,0,0,0,1,0,0,0
img1103.jpg,0,0,0,0,1,0,0,0
img1104.jpg,0,0,0,0,1,0,0,0
img1105.jpg,0,0,0,0,1,0,0,0
img1106.jpg,0,0,0,0,1,0,0,0
img1107.jpg,0,0,0,0,1,0,0,0
img1108.jpg,0,0,0,0,1,0,0,0
img1109.jpg,0,0,0,0,1,0,0,0
img1110.jpg,0,0,0,0,1,0,0,0
img1111.jpg,0,0,0,0,1,0,0,0
img1112.jpg,0,0,0,0,1,0,0,0
img1113.jpg,0,0,0,0,1,0,0,0
img1114.jpg,0,0,0,0,1,0,0,0
img1115.jpg,0,0,0,0,1,0,0,0
img1116.jpg,0,0,0,0,1,0,0,0
img1117.jpg,0,0,0,0,1,0,0,0
img1118.jpg,0,0,0,0,1,0,0,0
img1119.jpg,0,0,0,0,1,0,0,0
img1120.jpg,0,0,0,0,1,0,0,0
img1121.jpg,0,0,0,0,1,0,0,0
img1122.jpg,0,0,0,0,1,0,0,0
img1123.jpg,0,0,0,0,1,0,0,0
img1124.jpg,0,0,0,0,1,0,0,0
img1125.jpg,0,0,0,0,1,0,0,0
img1126.jpg,0,0,0,0,1,0,0,0
img1127.jpg,0,0,0,0,1,0,0,0
img1128.jpg,0,0,0,0,1,0,0,0
img1129.jpg,0,0,0,0,1,0,0,0
img1130.jpg,0,0,0,0,1,0,0,0
img1131.jpg,0,0,0,0,1,0,0,0
img1132.jpg,0,0,0,0,1,0,0,0
img1133.jpg,0,0,0,0,1,0,0,0
img1134.jpg,0,0,0,0,1,0,0,0
img1135.jpg,0,0,0,0,1,0,0,0
img1136.jpg,0,0,0,0,1,0,0,0
img1137.jpg,0,0,0,0,1,0,0,0
img1138.jpg,0,0,0,0,1,0,0,0
img1139.jpg,0,0,0,0,1,0,0,0
img1140.jpg,0,0,0,0,1,0,0,0
img1141.jpg,0,0,0,0,1,0,0,0
img1142.jpg,0,0,0,0,1,0,0,0
img1143.jpg,0,0,0,0,1,0,0,0
img1144.jpg,0,0,0,0,1,0,0,0
img1145.jpg,0,0,0,0,1,0,0,0
img1146.jpg,0,0,0,0,1,0,0,0
img1147.jpg,0,0,0,0,1,0,0,0
img1148.jpg,0,0,0,0,1,0,0,0
img1149.jpg,0,0,0,0,1,0,0,0
img1150.jpg,0,0,0,0,1,0,0,0
img1151.jpg,0,0,0,0,1,0,0,0
img1152.jpg,0,0,0,0,1,0,0,0
img1153.jpg,0,0,0,0,1,0,0,0
img1154.jpg,0,0,0,0,1,0,0,0
img1155.jpg,0,0,0,0,1,0,0,0
img1156.jpg,0,0,0,0,1,0,0,0
img1157.jpg,0,0,0,0,1,0,0,0
img1158.jpg,0,0,0,0,1,0,0,0
img1159.jpg,0,0,0,0,1,0,0,0
img1160.jpg,0,0,0,0,1,0,0,0
img1161.jpg,0,0,0,0,1,0,0,0
img1162.jpg,0,0,0,0,1,0,0,0
img1163.jpg,0,0,0,0,1,0,0,0
img1164.jpg,0,0,0,0,1,0,0,0
img1165.jpg,0,0,0,0,1,0,0,0
img1166.jpg,0,0,0,0,1,0,0,0
img1167.jpg,0,0,0,0,1,0,0,0
img1168.jpg,0,0,0,0,1,0,0,0
img1169.jpg,0,0,0,0,1,0,0,0
img1170.jpg,0,0,0,0,1,0,0,0
img1171.jpg,0,0,0,0,1,0,0,0
img1172.jpg,0,0,0,0,1,0,0,0
img1173.jpg,0,0,0,0,1,0,0,0
img1174.jpg,0,0,0,0,1,0,0,0
img1175.jpg,0,0,0,0,1,0,0,0
img1176.jpg,0,0,0,0,1,0,0,0
img1177.jpg,0,0,0,0,1,0,0,0
img1178.jpg,0,0,0,0,1,0,0,0
img1179.jpg,0,0,0,0,1,0,0,0
img1180.jpg,0,0,0,0,1,0,0,0
img1181.jpg,0,0,0,0,1,0,0,0
img1182.jpg,0,0,0,0,1,0,0,0
img1183.jpg,0,0,0,0,1,0,0,0
img1184.jpg,0,0,0,0,1,0,0,0
img1185.jpg,0,0,0,0,1,0,0,0
img1186.jpg,0,0,0,0,1,0,0,0
img1187.jpg,0,0,0,0,1,0,0,0
img1188.jpg,0,0,0,0,1,0,0,0
img1189.jpg,0,0,0,0,1,0,0,0
img1190.jpg,0,0,0,0,1,0,0,0
img1191.jpg,0,0,0,0,1,0,0,0
img1192.jpg,0,0,0,0,1,0,0,0
img1193.jpg,0,0,0,0,1,0,0,0
img1194.jpg,0,0,0,0,1,0,0,0
img1195.jpg,0,0,0,0,1,0,0,0
img1196.jpg,0,0,0,0,1,0,0,0
img1197.jpg,0,0,0,0,1,0,0,0
img1198.jpg,0,0,0,0,1,0,0,0
img1199.jpg,0,0,0,0,1,0,0,0
img1200.jpg,0,0,0,0,1,0,0,0
img1201.jpg,0,0,0,0,1,0,0,0
img1202.jpg,0,0,0,0,1,0,0,0
img1203.jpg,0,0,0,0,1,0,0,0
img1204.jpg,0,0,0,0,1,0,0,0
img1205.jpg,0,0,0,0,1,0,0,0
img1206.jpg,0,0,0,0,1,0,0,0
img1207.jpg,0,0,0,0,1,0,0,0
img1208.jpg,0,0,0,0,1,0,0,0
img1209.jpg,0,0,0,0,1,0,0,0
img1210.jpg,0,0,0,0,1,0,0,0
img1211.jpg,0,0,0,0,1,0,0,0
img1212.jpg,0,0,0,0,1,0,0,0
img1213.jpg,0,0,0,0,1,0,0,0
img1214.jpg,0,0,0,0,1,0,0,0
img1215.jpg,0,0,0,0,1,0,0,0
img1216.jpg,0,0,0,0,1,0,0,0
img1217.jpg,0,0,0,0,1,0,0,0
img1218.jpg,0,0,0,0,1,0,0,0
img1219.jpg,0,0,0,0,1,0,0,0
img1220.jpg,0,0,0,0,1,0,0,0
img1221.jpg,0,0,0,0,1,0,0,0
img1222.jpg,0,0,0,0,1,0,0,0
img1223.jpg,0,0,0,0,1,0,0,0
img1224.jpg,0,0,0,0,1,0,0,0
img1225.jpg,0,0,0,0,1,0,0,0
img1226.jpg,0,0,0,0,1,0,0,0
img1227.jpg,0,0,0,0,1,0,0,0
img1228.jpg,0,0,0,0,1,0,0,0
img1229.jpg,0,0,0,0,1,0,0,0
img1230.jpg,0,0,0,0,1,0,0,0
img1231.jpg,0,0,0,0,1,0,0,0
img1232.jpg,0,0,0,0,1,0,0,0
img1233.jpg,0,0,0,0,1,0,0,0
img1234.jpg,0,0,0,0,1,0,0,0
img1235.jpg,0,0,0,0,1,0,0,0
img1236.jpg,0,0,0,0,1,0,0,0
img1237.jpg,0,0,0,0,1,0,0,0
img1238.jpg,0,0,0,0,1,0,0,0
img1239.jpg,0,0,0,0,1,0,0,0
img1240.jpg,0,0,0,0,1,0,0,0
img1241.jpg,0,0,0,0,1,0,0,0
img1242.jpg,0,0,0,0,1,0,0,0
img1243.jpg,0,0,0,0,1,0,0,0
img1244.jpg,0,0,0,0,1,0,0,0
img1245.jpg,0,0,0,0,1,0,0,0
img1246.jpg,0,0,0,0,1,0,0,0
img1247.jpg,0,0,0,0,1,0,0,0
img1248.jpg,0,0,0,0,1,0,0,0
img1249.jpg,0,0,0,0,1,0,0,0
img1250.jpg,0,0,0,0,1,0,0,0
img1251.jpg,0,0,0,0,1,0,0,0
img1252.jpg,0,0,0,0,1,0,0,0
img1253.jpg,0,0,0,0,1,0,0,0
img1254.jpg,0,0,0,0,1,0,0,0
img1255.jpg,0,0,0,0,1,0,0,0
img1256.jpg,0,0,0,0,1,0,0,0
img1257.jpg,0,0,0,0,1,0,0,0
img1258.jpg,0,0,0,0,1,0,0,0
img1259.jpg,0,0,0,0,1,0,0,0
img1260.jpg,0,0,0,0,1,0,0,0
img1261.jpg,0,0,0,0,1,0,0,0
img1262.jpg,0,0,0,0,1,0,0,0
img1263.jpg,0,0,0,0,1,0,0,0
img1264.jpg,0,0,0,0,1,0,0,0
img1265.jpg,0,0,0,0,1,0,0,0
img1266.jpg,0,0,0,0,1,0,0,0
img1267.jpg,0,0,0,0,1,0,0,0
img1268.jpg,0,0,0,0,1,0,0,0
img1269.jpg,0,0,0,0,1,0,0,0
img1270.jpg,0,0,0,0,1,0,0,0
img1271.jpg,0,0,0,0,1,0,0,0
img1272.jpg,0,0,0,0,1,0,0,0
img1273.jpg,0,0,0,0,1,0,0,0
img1274.jpg,0,0,0,0,1,0,0,0
img1275.jpg,0,0,0,0,1,0,0,0
img1276.jpg,0,0,0,0,1,0,0,0
img1277.jpg,0,0,0,0,1,0,0,0
img1278.jpg,0,0,0,0,1,0,0,0
img1279.jpg,0,0,0,0,1,0,0,0
img1280.jpg,0,0,0,0,1,0,0,0
img1281.jpg,0,0,0,0,1,0,0,0
img1282.jpg,0,0,0,0,1,0,0,0
img1283.jpg,0,0,0,0,1,0,0,0
img1284.jpg,0,0,0,0,1,0,0,0
img1285.jpg,0,0,0,0,1,0,0,0
img1286.jpg,0,0,0,0,1,0,0,0
img1287.jpg,0,0,0,0,1,0,0,0
img1288.jpg,0,0,0,0,1,0,0,0
img1289.jpg,0,0,0,0,1,0,0,0
img1290.jpg,0,0,0,0,1,0,0,0
img1291.jpg,0,0,0,0,1,0,0,0
img1292.jpg,0,0,0,0,1,0,0,0
img1293.jpg,0,0,0,0,1,0,0,0
img1294.jpg,0,0,0,0,1,0,0,0
img1295.jpg,0,0,0,0,1,0,0,0
img1296.jpg,0,0,0,0,1,0,0,0
img1297.jpg,0,0,0,0,1,0,0,0
img1298.jpg,0,0,0,0,1,0,0,0
img1299.jpg,0,0,0,0,1,0,0,0
img1300.jpg,0,0,0,0,1,0,0,0
img1301.jpg,0,0,0,0,1,0,0,0
img1302.jpg,0,0,0,0,1,0,0,0
img1303.jpg,0,0,0,0,1,0,0,0
img1304.jpg,0,0,0,0,1,0,0,0
img1305.jpg,0,0,0,0,1,0,0,0
img1306.jpg,0,0,0,0,1,0,0,0
img1307.jpg,0,0,0,0,1,0,0,0
img1308.jpg,0,0,0,0,1,0,0,0
img1309.jpg,0,0,0,0,1,0,0,0
img1310.jpg,0,0,0,0,1,0,0,0
img1311.jpg,0,0,0,0,1,0,0,0
img1312.jpg,0,0,0,0,1,0,0,0
img1313.jpg,0,0,0,0,1,0,0,0
img1314.jpg,0,0,0,0,1,0,0,0
img1315.jpg,0,0,0,0,1,0,0,0
img1316.jpg,0,0,0,0,1,0,0,0
img1317.jpg,0,0,0,0,1,0,0,0
img1318.jpg,0,0,0,0,1,0,0,0
img1319.jpg,0,0,0,0,1,0,0,0
img1320.jpg,0,0,0,0,1,0,0,0
img1321.jpg,0,0,0,0,1,0,0,0
img1322.jpg,0,0,0,0,1,0,0,0
img1323.jpg,0,0,0,0,1,0,0,0
img1324.jpg,0,0,0,0,1,0,0,0
img1325.jpg,0,0,0,0,1,0,0,0
img1326.jpg,0,0,0,0,1,0,0,0
img1327.jpg,0,0,0,0,1,0,0,0
img1328.jpg,0,0,0,0,1,0,0,0
img1329.jpg,0,0,0,0,1,0,0,0
img1330.jpg,0,0,0,0,1,0,0,0
img1331.jpg,0,0,0,0,1,0,0,0
img1332.jpg,0,0,0,0,1,0,0,0
img1333.jpg,0,0,0,0,1,0,0,0
img1334.jpg,0,0,0,0,1,0,0,0
img1335.jpg,0,0,0,0,1,0,0,0
img1336.jpg,0,0,0,0,1,0,0,0
img1337.jpg,0,0,0,0,1,0,0,0
img1338.jpg,0,0,0,0,1,0,0,0
img1339.jpg,0,0,0,0,1,0,0,0
img1340.jpg,0,0,0,0,1,0,0,0
img1341.jpg,0,0,0,0,1,0,0,0
img1342.jpg,0,0,0,0,1,0,0,0
img1343.jpg,0,0,0,0,1,0,0,0
img1344.jpg,0,0,0,0,1,0,0,0
img1345.jpg,0,0,0,0,1,0,0,0
img1346.jpg,0,0,0,0,1,0,0,0
img1347.jpg,0,0,0,0,1,0,0,0
img1348.jpg,0,0,0,0,1,0,0,0
img1349.jpg,0,0,0,0,1,0,0,0
img1350.jpg,0,0,0,0,1,0,0,0
img1351.jpg,0,0,0,0,1,0,0,0
img1352.jpg,0,0,0,0,1,0,0,0
img1353.jpg,0,0,0,0,1,0,0,0
img1354.jpg,0,0,0,0,1,0,0,0
img1355.jpg,0,0,0,0,1,0,0,0
img1356.jpg,0,0,0,0,1,0,0,0
img1357.jpg,0,0,0,0,1,0,0,0
img1358.jpg,0,0,0,0,1,0,0,0
img1359.jpg,0,0,0,0,1,0,0,0
img1360.jpg,0,0,0,0,1,0,0,0
img1361.jpg,0,0,0,0,1,0,0,0
img1362.jpg,0,0,0,0,1,0,0,0
img1363.jpg,0,0,0,0,1,0,0,0
img1364.jpg,0,0,0,0,1,0,0,0
img1365.jpg,0,0,0,0,1,0,0,0
img1366.jpg,0,0,0,0,1,0,0,0
img1367.jpg,0,0,0,0,1,0,0,0
img1368.jpg,0,0,0,0,1,0,0,0
img1369.jpg,0,0,0,0,1,0,0,0
img1370.jpg,0,0,0,0,1,0,0,0
img1371.jpg,0,0,0,0,1,0,0,0
img1372.jpg,0,0,0,0,1,0,0,0
img1373.jpg,0,0,0,0,1,0,0,0
img1374.jpg,0,0,0,0,1,0,0,0
img1375.jpg,0,0,0,0,1,0,0,0
img1376.jpg,0,0,0,0,1,0,0,0
img1377.jpg,0,0,0,0,1,0,0,0
img1378.jpg,0,0,0,0,1,0,0,0
img1379.jpg,0,0,0,0,1,0,0,0
img1380.jpg,0,0,0,0,1,0,0,0
img1381.jpg,0,0,0,0,1,0,0,0
img1382.jpg,0,0,0,0,1,0,0,0
img1383.jpg,0,0,0,0,1,0,0,0
img1384.jpg,0,0,0,0,1,0,0,0
img1385.jpg,0,0,0,0,1,0,0,0
img1386.jpg,0,0,0,0,1,0,0,0
img1387.jpg,0,0,0,0,1,0,0,0
img1388.jpg,0,0,0,0,1,0,0,0
img1389.jpg,0,0,0,0,1,0,0,0
img1390.jpg,0,0,0,0,1,0,0,0
img1391.jpg,0,0,0,0,1,0,0,0
img1392.jpg,0,0,0,0,1,0,0,0
img1393.jpg,0,0,0,0,1,0,0,0
img1394.jpg,0,0,0,0,1,0,0,0
img1395.jpg,0,0,0,0,1,0,0,0
img1396.jpg,0,0,0,0,1,0,0,0
img1397.jpg,0,0,0,0,1,0,0,0
img1398.jpg,0,0,0,0,1,0,0,0
img1399.jpg,0,0,0,0,1,0,0,0
img1400.jpg,0,0,0,0,1,0,0,0
img1401.jpg,0,0,0,0,1,0,0,0
img1402.jpg,0,0,0,0,1,0,0,0
img1403.jpg,0,0,0,0,1,0,0,0
img1404.jpg,0,0,0,0,1,0,0,0
img1405.jpg,0,0,0,0,1,0,0,0
img1406.jpg,0,0,0,0,1,0,0,0
img1407.jpg,0,0,0,0,1,0,0,0
img1408.jpg,0,0,0,0,1,0,0,0
img1409.jpg,0,0,0,0,1,0,0,0
img1410.jpg,0,0,0,0,1,0,0,0
img1411.jpg,0,0,0,0,1,0,0,0
img1412.jpg,0,0,0,0,1,0,0,0
img1413.jpg,0,0,0,0,1,0,0,0
img1414.jpg,0,0,0,0,1,0,0,0
img1415.jpg,0,0,0,0,1,0,0,0
img1416.jpg,0,0,0,0,1,0,0,0
img1417.jpg,0,0,0,0,1,0,0,0
img1418.jpg,0,0,0,0,1,0,0,0
img1419.jpg,0,0,0,0,1,0,0,0
img1420.jpg,0,0,0,0,1,0,0,0
img1437_jpg.rf.2bd7731528e6db69679a3dbec78ef6fc.jpg,0,0,0,0,1,0,0,0
img1442_jpg.rf.e3651b62e02b87ed282cf11dc15caabf.jpg,0,0,0,0,1,0,0,0
img1488_jpg.rf.47220a76e8cc12b1b820592196a1fb95.jpg,0,0,0,0,1,0,0,0
img1492_jpg.rf.d25a58af7cbf787c389df536d17fa4d3.jpg,0,0,0,0,1,0,0,0
img1504_jpg.rf.3ee8ee46e76d55cc6693702cbb319a61.jpg,0,0,0,0,1,0,0,0
img1521_jpg.rf.2115a4688c9012e152915ebd3da3ca95.jpg,0,0,0,0,1,0,0,0
img1527_jpg.rf.002b325766147a74dfa382e4aac681cf.jpg,0,0,0,0,1,0,0,0
img1530_jpg.rf.6cc90fb5a3d814a2c6df231a11652d7d.jpg,0,0,0,0,1,0,0,0
img1532_jpg.rf.b21feefb7ba84a0499ec87cd9674c4ad.jpg,0,0,0,0,1,0,0,0
img1562_jpg.rf.2b4380940e40315b8868c8d4d886d78e.jpg,0,0,0,0,1,0,0,0
img1630_jpg.rf.7aa71b648df111dc02fb5299bfdbbd8b.jpg,0,0,0,0,1,0,0,0
img1637_jpg.rf.7e07256e6afbf4d6d5d826ff84fe773b.jpg,0,0,0,0,1,0,0,0
img1672_jpg.rf.e8afd8d633fa3373d4c359a925437e12.jpg,0,0,0,0,1,0,0,0
img1680_jpg.rf.1526c1d24ec922a8c895eefa09aa9b3f.jpg,0,0,0,0,1,0,0,0
img1695_jpg.rf.b51c03ee1f52001d8c131b89563ec406.jpg,0,0,0,0,1,0,0,0
img1719_jpg.rf.4d8c9e3076620dd92cb8320eff97d73a.jpg,0,0,0,0,1,0,0,0
img1723_jpg.rf.b69d53cc31849ec9bceb155cfd35cfd9.jpg,0,0,0,0,1,0,0,0
img1739_jpg.rf.975363fe1fd8d0f3bb1ff37bf754826a.jpg,0,0,0,0,1,0,0,0
img1745_jpg.rf.a33f04240bf07fd448e0f5be7418fdaf.jpg,0,0,0,0,1,0,0,0
img1756_jpg.rf.edfb053c7ced1ad5f8d7b7efa734c280.jpg,0,0,0,0,1,0,0,0
img1760_jpg.rf.7c45c7c54dfb2bfa6a5a90ca7ec33c11.jpg,0,0,0,0,1,0,0,0
img1771_jpg.rf.b43d53e94c2cb34c2a136c04eff33b26.jpg,0,0,0,0,1,0,0,0
img1806_jpg.rf.3608b4c1c38efa4ad9937af9169bbff4.jpg,0,0,0,0,1,0,0,0
img1824_jpg.rf.406d58f0a462c992e77e4ac78bf56a89.jpg,0,0,0,0,1,0,0,0
img1825_jpg.rf.6fbd39f17cb7a4be2ac219957bab8884.jpg,0,0,0,0,1,0,0,0
img1858_jpg.rf.ad15d0c67bdc5faeda7d05bbd0a8f598.jpg,0,0,0,0,1,0,0,0
img1888_jpg.rf.64cf1121cedcc5718aafe491934c6f00.jpg,0,0,0,0,1,0,0,0
img1901_jpg.rf.39fc65553dfa84fd00edd639bbd45016.jpg,0,0,0,0,1,0,0,0
img1925_jpg.rf.ac5d3eb8a0d4241f55169fd7f8ad661f.jpg,0,0,0,0,1,0,0,0
img1932_jpg.rf.9761b195a255040f00754ddba5bbada1.jpg,0,0,0,0,1,0,0,0
img1937_jpg.rf.c9ed4440224bb82c4e630cae8c9d85e7.jpg,0,0,0,0,0,0,0,0
img1944_jpg.rf.093bc0f73a39e3226dc483fda51ea84a.jpg,0,0,0,0,0,0,0,0
img1999_jpg.rf.5c1bf34cb1b3cf4aec69623436a36f34.jpg,0,0,0,0,0,0,0,0
img2001_jpg.rf.30ce847cb5eb4f3713cbab249f19f056.jpg,0,0,0,0,0,0,0,0
img2002_jpg.rf.ef6df87badfef396b7d944db16f2b1af.jpg,0,0,0,0,0,0,0,0
img2004_jpg.rf.6ca3ea3a95f5348686866f804dd56c7d.jpg,0,0,0,0,1,0,0,0
img2005_jpg.rf.859559a225f2fcef9b11e862ef865f2a.jpg,0,0,0,0,1,0,0,0
img2011_jpg.rf.58f0f8ce1a576121f1cadcb1c1384449.jpg,0,0,0,0,0,0,0,0
img2014_jpg.rf.4fbe35c761f563d714537d005329ab93.jpg,0,0,0,0,1,0,0,0
img2024_jpg.rf.fc23152890b375da768fc15a4f11068a.jpg,0,0,0,0,0,0,0,0
img2028_jpg.rf.55648d937dd43138465c7164f0229989.jpg,0,0,0,0,0,0,0,0
img2075_jpg.rf.2fbf010c8cad867d268fd73a421d353c.jpg,0,0,0,0,0,0,0,0
img2089_jpg.rf.59e8578e2be63347c451f14d836c9dc9.jpg,0,0,0,0,0,0,0,0
img2131_jpg.rf.ce7b5910430f81e0bd81451eb9828ae8.jpg,0,0,0,0,0,0,0,0
img2134_jpg.rf.84ed4ff5fd87cc4fbdb57a0bc13c4488.jpg,0,0,0,0,1,0,0,0
img2152_jpg.rf.6a41978107818565574f873c7fd0dbdd.jpg,0,0,0,0,1,0,0,0
img2158_jpg.rf.dcf0c6293f831a696af05b4528a3830e.jpg,0,0,0,0,1,0,0,0
img2180_jpg.rf.757cb51dd317c24488acea78a40c8b7a.jpg,0,0,0,0,0,0,0,0
img2214_jpg.rf.223c65b75a1deb0577bdfa12a2cd43bb.jpg,0,0,0,0,1,0,0,0
img2215_jpg.rf.63e05df21005017a09c9cc3885cca262.jpg,0,0,0,0,0,0,0,0
img2219_jpg.rf.6645b92afc774af9a83e777e5737e5fc.jpg,0,0,0,0,0,0,0,0
img2258_jpg.rf.527cdba523682538bb2f2d582308eab8.jpg,0,0,0,0,0,0,0,0
img2272_jpg.rf.5af3725ce3e5c94b7b27f231e9e943df.jpg,0,0,0,0,0,0,0,0
img2283_jpg.rf.c1ddc8e17093dfcdd93cd598e91e330c.jpg,0,0,0,0,0,0,0,0
img2309_jpg.rf.feeb6c448b70112301522b2d0f2abfd0.jpg,0,0,0,0,0,0,0,0
img2323_jpg.rf.7a05ca93329ef443ea537608758c4035.jpg,0,0,0,0,0,0,0,0
img2340_jpg.rf.9ec6fd6b8b2033e1ff297ea13713806b.jpg,0,0,0,0,0,0,0,0
img2345_jpg.rf.02d823b4d9828f2e15f7f7671a4e35be.jpg,0,0,0,0,0,0,0,0
img2364_jpg.rf.77880072dc99904b82af793da1bc0e63.jpg,0,0,0,0,0,0,0,0
img2373_jpg.rf.b56a1de9baa4be91eae083741e9b5576.jpg,0,0,0,0,0,0,0,0
img2396_jpg.rf.7652aead112def63b1a92c4af28a2757.jpg,0,0,0,0,0,0,0,0
img2405_jpg.rf.7451f845ed45a66ad21eab530fae5006.jpg,0,0,0,0,0,0,0,0
img2414_jpg.rf.a7a3a0b7e7c135e3a0cfc4029017a054.jpg,0,0,0,0,0,0,0,0
madagascar-hero_jpg.rf.3a2eb39f72ce9a00000abd578d3b2804.jpg,0,0,0,0,0,0,0,1
pic1_jpg.rf.01dec6054f7a9ed38bf832e3b702b61d.jpg,0,0,0,1,0,0,0,0
pic1_jpg.rf.1694cdcfa66fc0d7882f837a413d079a.jpg,0,0,0,1,0,0,0,0
pic1_jpg.rf.420807e2a4f575d189c5725cd10c92f2.jpg,0,0,0,1,0,0,0,0
pic1_jpg.rf.8b4f61c12c25b3e6666395cfa6f21fa0.jpg,0,0,0,1,0,0,0,0
pic1_jpg.rf.ed7f8be1bab10938c4d8f7d7763c1b33.jpg,0,0,0,1,0,0,0,0
pic2_jpg.rf.10ff58d788e4f1fb9450a7e0b5879de9.jpg,0,0,0,1,0,0,0,0
pic2_jpg.rf.1a2146845293c5ee013b16897b56c113.jpg,0,0,0,1,0,0,0,0
pic2_jpg.rf.212b7889a992fe3cce5dfbfe04c9823c.jpg,0,0,0,1,0,0,0,0
pic2_jpg.rf.25da7d23fcb21dc63c948b51a9c407ca.jpg,0,0,0,1,0,0,0,0
pic2_jpg.rf.2f38e4d4a09318c6c7b9a8055af3b72f.jpg,0,0,0,1,0,0,0,0
pic2_jpg.rf.31b9bf00c3463f5522fdda8e57a94850.jpg,0,0,0,1,0,0,0,0
pic2_jpg.rf.322631fef95244989c926f145cb8b2fd.jpg,0,0,0,1,0,0,0,0
pic2_jpg.rf.37722caa33edb05bcd4be2a63c649ed9.jpg,0,0,0,1,0,0,0,0
pic2_jpg.rf.41edc8e889e5fd5b25e3189f9f23e149.jpg,0,0,0,1,0,0,0,0
pic2_jpg.rf.5d900f88a0f6112840dc120a51cb602f.jpg,0,0,0,1,0,0,0,0
pic2_jpg.rf.63795e477a51302db64b563d15b19948.jpg,0,0,0,1,0,0,0,0
pic2_jpg.rf.64e72507b99ed61fba132d973cfb8dec.jpg,0,0,1,0,0,0,0,0
pic2_jpg.rf.70f71b66648f63c2a34b899d540f4cfc.jpg,0,0,0,1,0,0,0,0
pic2_jpg.rf.88679c98c2ad4b702d537f214a0d9dc1.jpg,0,0,0,1,0,0,0,0
pic2_jpg.rf.939af03fcb8b1a9c0e759c18bdcc856a.jpg,0,0,0,1,0,0,0,0
pic2_jpg.rf.9ee437ef7720ca23b986ef89a1abcff5.jpg,0,0,0,1,0,0,0,0
pic2_jpg.rf.a2e194b753844e4969891d439a2ca7a5.jpg,0,0,0,1,0,0,0,0
pic2_jpg.rf.aa64fc4b35a0b3452dd70dcef8a54fc3.jpg,0,0,0,1,0,0,0,0
pic2_jpg.rf.ac9221e0c380f8a84b2b57b1d177bd5d.jpg,0,0,0,1,0,0,0,0
pic2_jpg.rf.b08b0a50e4568b6ee72bbb8346f9501e.jpg,0,0,0,1,0,0,0,0
pic2_jpg.rf.b958934ae43815ac9e34b5fe553535e6.jpg,0,0,0,1,0,0,0,0
pic2_jpg.rf.c470d22c5611fcbe5e488492f4e7a4f8.jpg,0,0,0,1,0,0,0,0
pic2_jpg.rf.c5060b59bf2dc1c0931daad259c410d0.jpg,0,0,0,1,0,0,0,0
pic2_jpg.rf.c87b7dd261bf202a29bd033e67af7990.jpg,0,0,0,1,0,0,0,0
pic2_jpg.rf.c9cf5c36c661b7450de7ad7c07d1be87.jpg,0,0,0,1,0,0,0,0
pic2_jpg.rf.e644d2644f1328ad686c4879e2047fa1.jpg,0,0,0,1,0,0,0,0
pic2_jpg.rf.f8d61b8c6ed5ef1e3277ce3f811ce4ca.jpg,0,0,0,1,0,0,0,0
pic2_jpg.rf.fa2bdce10e9b5e3103555bbfd8d7d3d2.jpg,0,0,0,1,0,0,0,0
pic3_jpg.rf.014cceec63cf93d0c14c7f8c1a4a48e4.jpg,0,0,0,0,0,0,0,0
pic3_jpg.rf.046c26442c46f105971a225c0be3e508.jpg,0,0,1,0,0,0,0,0
pic3_jpg.rf.063a8eb2e982250c85c475befcd8997f.jpg,0,0,1,0,0,0,0,0
pic3_jpg.rf.0b07bec1e904111c73c0135cc1434ceb.jpg,0,0,0,1,0,0,0,0
pic3_jpg.rf.0eda0bb0853184726a0681b118d41e0c.jpg,0,0,0,1,0,0,0,0
pic3_jpg.rf.10ccf7bb34e9b7f1025470e101b3da29.jpg,0,0,1,0,0,0,0,0
pic3_jpg.rf.13d94ddff4fe787f9a141060f16451e7.jpg,0,0,0,0,0,0,0,0
pic3_jpg.rf.1cd1a0bb988a2f8772ee14ec50ba1d2e.jpg,0,0,0,1,0,0,0,0
pic3_jpg.rf.1d194800b72a11a4c77f65d3a4940e56.jpg,0,0,1,0,0,0,0,0
pic3_jpg.rf.1da677a55e52344427ea24a3c319df9e.jpg,0,0,0,0,0,0,0,0
pic3_jpg.rf.1e9daa6cbd005e1237d26824be34438f.jpg,0,0,0,0,0,0,0,0
pic3_jpg.rf.1f38e93e4a3ed8274406f62ec2401d86.jpg,0,0,0,0,0,0,0,0
pic3_jpg.rf.208fc5c94bb2f3c3b4c7c246e5fbb10e.jpg,0,0,0,1,0,0,0,0
pic3_jpg.rf.20d27ff0da951b8f742d412b25ef8a3e.jpg,0,0,1,0,0,0,0,0
pic3_jpg.rf.22641af2d8564669617111ed1a619a2a.jpg,0,0,0,1,0,0,0,0
pic3_jpg.rf.241c7e227ae5cca90c1396b0d8daf29a.jpg,0,0,0,0,0,0,0,0
pic3_jpg.rf.24b6d19abb26d998d9649a99921e826b.jpg,0,0,0,0,0,0,0,0
pic3_jpg.rf.2b4616935c273f1ffc15959da67e3c65.jpg,0,0,0,1,0,0,0,0
pic3_jpg.rf.2fe83cff5c941a4cbc6fa231893b0e2d.jpg,0,0,0,1,0,0,0,0
pic3_jpg.rf.3033101e885468be84b5bcda92b09fb6.jpg,0,0,0,0,0,0,0,0
pic3_jpg.rf.320d84dc728138410f5364b41b907fd3.jpg,0,0,0,0,0,0,0,0
pic3_jpg.rf.341cfb6529548a1ec9c060da11a320e1.jpg,0,0,0,1,0,0,0,0
pic3_jpg.rf.342078c93c4dd8076dbd3b484aef04ca.jpg,0,0,0,0,0,0,0,0
pic3_jpg.rf.388602e8f2e42265faa525567a6fa2cb.jpg,0,0,1,0,0,0,0,0
pic3_jpg.rf.3c16e3a018fe568e44299718e9b30736.jpg,0,0,1,0,0,0,0,0
pic3_jpg.rf.3d53c976d9bdf4e40b75989a00f0878c.jpg,0,0,1,0,0,0,0,0
pic3_jpg.rf.3f1821fd9b43acabb5b6de6be81aa6c2.jpg,0,0,0,1,0,0,0,0
pic3_jpg.rf.473432a5ce5e0800c63e6630fcb2be5a.jpg,0,0,1,0,0,0,0,0
pic3_jpg.rf.4abc076d1f8807777064b28ed023bdc4.jpg,0,0,1,0,0,0,0,0
pic3_jpg.rf.4b87969a13b8c67a463f54e66f3a59c5.jpg,0,0,0,0,0,0,0,0
pic3_jpg.rf.4e1dfae1444e0b5331db37742b5020af.jpg,0,0,0,1,0,0,0,0
pic3_jpg.rf.521ec86c547454143b3e9ad135887cbd.jpg,0,0,0,1,0,0,0,0
pic3_jpg.rf.55e2e147be4fc2ef52b87fa41f8f79ad.jpg,0,0,0,0,0,0,0,0
pic3_jpg.rf.58528aa4ca901d11c3c891afaacfe832.jpg,0,0,1,0,0,0,0,0
pic3_jpg.rf.5e770b8d33c7989ba768e1fb33b120c7.jpg,0,0,0,1,0,0,0,0
pic3_jpg.rf.622b6415d4f594df345ba9ce9af0fb0c.jpg,0,0,1,0,0,0,0,0
pic3_jpg.rf.6847986f4a6ba18ba6203d45392f8698.jpg,0,0,1,0,0,0,0,0
pic3_jpg.rf.71279dc0b3fbd8e7e5fbdd683d296267.jpg,0,0,1,0,0,0,0,0
pic3_jpg.rf.7289e1291e73ceb2654b411513db2fec.jpg,0,0,1,0,0,0,0,0
pic3_jpg.rf.7821b436c2145dd54fbce5540e24cc1f.jpg,0,0,1,0,0,0,0,0
pic3_jpg.rf.7eb33b71379e896010aec5b60d50845d.jpg,0,0,0,1,0,0,0,0
pic3_jpg.rf.80464177bc6e32e3171b16380372ebdb.jpg,0,0,0,1,0,0,0,0
pic3_jpg.rf.8ac7d8b1642975a3a4e7fd39a6593db0.jpg,0,0,0,0,0,0,0,0
pic3_jpg.rf.a079be31b012cfcc5bbf76ced5122e71.jpg,0,0,1,0,0,0,0,0
pic3_jpg.rf.a4b203e7a5c264ecdaac637d133dad53.jpg,0,0,1,0,0,0,0,0
pic3_jpg.rf.a660cfdad8951b13cbc20cbf6028b457.jpg,0,0,1,0,0,0,0,0
pic3_jpg.rf.a667d019f3821515a3b1ecee81b6738f.jpg,0,0,1,0,0,0,0,0
pic3_jpg.rf.aafeacab1971656b34d13c4e41e12ed9.jpg,0,0,0,0,0,0,0,0
pic3_jpg.rf.ac414f812ef5f70297162b026ceddf01.jpg,0,0,0,0,0,0,0,0
pic3_jpg.rf.b1936cd783afd39110ae89e12f949d01.jpg,0,0,0,1,0,0,0,0
pic3_jpg.rf.b6a16baebf16d210fe4f5e94223a067a.jpg,0,0,0,1,0,0,0,0
pic3_jpg.rf.b8860b8672d339e3ad44f96c0af3eb39.jpg,0,0,1,0,0,0,0,0
pic3_jpg.rf.b89707f38f5eb5c83b6fd7437f638cee.jpg,0,0,0,0,0,0,0,0
pic3_jpg.rf.b9b247fa4fdd70b11b62fe5a89f6feaf.jpg,0,0,1,0,0,0,0,0
pic3_jpg.rf.bd38cdb1c2e36a0c67fe0cb7a11c88dd.jpg,0,0,1,0,0,0,0,0
pic3_jpg.rf.be9cd00d8443e54f76dbc9dc5073ff30.jpg,0,0,1,0,0,0,0,0
pic3_jpg.rf.c1d3bf10b5f26281e51614e1c44abef5.jpg,0,0,0,0,0,0,0,0
pic3_jpg.rf.c26811ba5b54ae127b0c56ff7aa57b04.jpg,0,0,1,0,0,0,0,0
pic3_jpg.rf.c27cdd9e99a1fdf73f038a098bff15bb.jpg,0,0,0,0,0,0,0,0
pic3_jpg.rf.c2f5c59d0d81e73ae11544e6921cb7fd.jpg,0,0,1,0,0,0,0,0
pic3_jpg.rf.c3718aff59f6f341473417cac629b619.jpg,0,0,0,0,0,0,0,0
pic3_jpg.rf.c614b8b07e05e256bf2bfa5c21a3a3fc.jpg,0,0,0,0,0,0,0,0
pic3_jpg.rf.c8fd44e541b9f1aa74edd53116e6a9b8.jpg,0,0,0,0,0,0,0,0
pic3_jpg.rf.c9d26818dfecd7d12022e1ea3d4dccdb.jpg,0,0,0,1,0,0,0,0
pic3_jpg.rf.cd583628bd93b32ee486aff7ed9e918e.jpg,0,0,1,0,0,0,0,0
pic3_jpg.rf.ce8664b3192a1e08480fa5c115cc426c.jpg,0,0,0,1,0,0,0,0
pic3_jpg.rf.d0e86e63bf833702f207f7629fd26248.jpg,0,0,0,0,0,0,0,0
pic3_jpg.rf.d235a4288e7706a13b75261743ce96db.jpg,0,0,0,1,0,0,0,0
pic3_jpg.rf.d92e313da44dbdbad832cbe42adce6a9.jpg,0,0,1,0,0,0,0,0
pic3_jpg.rf.da1fb2fcbc976c27f9f8e46accb743a5.jpg,0,0,0,1,0,0,0,0
pic3_jpg.rf.dd545037902fd8c9b067459257cb21e3.jpg,0,0,1,0,0,0,0,0
pic3_jpg.rf.ebe6c20bc79240cfbbce8069fb2d77ea.jpg,0,0,0,0,0,0,0,0
pic3_jpg.rf.ed1e3805805586871f268a672901e4ec.jpg,0,0,0,1,0,0,0,0
pic3_jpg.rf.ee4d436e4ebac6b45f7d1a922bce1dc0.jpg,0,0,0,1,0,0,0,0
pic3_jpg.rf.eedae972b9751e590e62cef74d6174d0.jpg,0,0,0,0,0,0,0,0
pic3_jpg.rf.ef1288ef35a3b64653943904a40060e9.jpg,0,0,1,0,0,0,0,0
pic3_jpg.rf.f0cf0c0f027290c8b3a73ef3b91b497a.jpg,0,0,1,0,0,0,0,0
pic3_jpg.rf.f40b5734091afbd34f1ce12c5ffc76fa.jpg,0,0,0,1,0,0,0,0
pic3_jpg.rf.f677034cc927fe478c3c11824fe97e16.jpg,0,0,1,0,0,0,0,0
pic3_jpg.rf.ff25357d67514f44f45a92ea5f480011.jpg,0,0,1,0,0,0,0,0
pic4_jpg.rf.0afea64c0d11f366bc0798d8492b214c.jpg,0,0,1,0,0,0,0,0
pic4_jpg.rf.0d787f7e8603068ee3a841fbe2830223.jpg,0,0,0,1,0,0,0,0
pic4_jpg.rf.1220c703c18ef92a3d807b2b1c736f4f.jpg,0,0,1,0,0,0,0,0
pic4_jpg.rf.14860da05ded77cb2820fb861c66310b.jpg,0,0,0,1,0,0,0,0
pic4_jpg.rf.18eda69be2a6125922ef438b42c0e690.jpg,0,0,0,1,0,0,0,0
pic4_jpg.rf.1d3aed5350417f4e33f1ec5fb9df15bd.jpg,0,0,0,1,0,0,0,0
pic4_jpg.rf.1ddfdfeeb29f9a743700c9996acab68c.jpg,0,0,1,0,0,0,0,0
pic4_jpg.rf.21a74e3e27972b7180ec6f9783081ea6.jpg,0,0,0,1,0,0,0,0
pic4_jpg.rf.243e3b368e528b34b486f7fa07a72f56.jpg,0,0,1,0,0,0,0,0
pic4_jpg.rf.2482ddccd72eccacc554cfa06d47a572.jpg,0,0,1,0,0,0,0,0
pic4_jpg.rf.298abafbbc428faa7748ff699e27f110.jpg,0,0,1,0,0,0,0,0
pic4_jpg.rf.2c57a19f5130cc803d2709bbfd2e6610.jpg,0,0,0,0,0,0,0,0
pic4_jpg.rf.2e09ae4887d468d7773f078f0c4e0698.jpg,0,0,1,0,0,0,0,0
pic4_jpg.rf.2f0a4e9775c28d60da7b15e4a1ae3284.jpg,0,0,1,0,0,0,0,0
pic4_jpg.rf.3188c3c033d6583d8be6bacf17e04b4b.jpg,0,0,0,0,0,0,0,0
pic4_jpg.rf.31f8eed1f7fed8943ecb6290f2528c5d.jpg,0,0,0,1,0,0,0,0
pic4_jpg.rf.3514726137c263bb54c2af161a6230c3.jpg,0,0,1,0,0,0,0,0
pic4_jpg.rf.37bebd858b3951710c9adc22fbc6a442.jpg,0,0,0,0,0,0,0,0
pic4_jpg.rf.37d61edb1a93b46af6d9452da54f400e.jpg,0,0,1,0,0,0,0,0
pic4_jpg.rf.38766946f7bb01c5cb3f2e33723aa474.jpg,0,0,0,0,0,0,0,0
pic4_jpg.rf.3a4728b6b3e905d1ac76bb329ffb9830.jpg,0,0,1,0,0,0,0,0
pic4_jpg.rf.3d1e97630b753f041dac8b2127442faa.jpg,0,0,0,0,0,0,0,0
pic4_jpg.rf.3d6baebfb35bb41ba5c8dc7a6491dccd.jpg,0,0,0,0,0,0,0,0
pic4_jpg.rf.46486ce8fd0f9b22ab4ac0de2e7d9046.jpg,0,0,0,0,0,0,0,0
pic4_jpg.rf.489defba37a9f1eebc9d9f9189f29f3b.jpg,0,0,0,0,0,0,0,0
pic4_jpg.rf.49b2cd45165611878efeff0f53bdae8c.jpg,0,0,0,1,0,0,0,0
pic4_jpg.rf.49f07954d5a75e897cfff05fe103bd77.jpg,0,0,0,1,0,0,0,0
pic4_jpg.rf.4aa9314ac72297b70fd9bd7b0f9e95cf.jpg,0,0,0,1,0,0,0,0
pic4_jpg.rf.4b207262dacd6169043374dbfcb154ce.jpg,0,0,0,0,0,0,0,0
pic4_jpg.rf.515e3c9b7581fdd62bde32876d838a48.jpg,0,0,1,0,0,0,0,0
pic4_jpg.rf.52d82d067ea667d7fd345167866c17b5.jpg,0,0,0,1,0,0,0,0
pic4_jpg.rf.544ba655a45ca52a71939067c607d288.jpg,0,0,0,1,0,0,0,0
pic4_jpg.rf.548d3bc1e725070e0935fd43655124f5.jpg,0,0,0,0,0,0,0,0
pic4_jpg.rf.57dff1148947a52bcc817317d00ff2fd.jpg,0,0,1,0,0,0,0,0
pic4_jpg.rf.6187ec1793fe1b43693252a6ba8fd7bb.jpg,0,0,1,0,0,0,0,0
pic4_jpg.rf.675ccc79c3c6ad0df68e604fe4111277.jpg,0,0,0,1,0,0,0,0
pic4_jpg.rf.684fee234f16c77075a3a5379db0413f.jpg,0,0,0,1,0,0,0,0
pic4_jpg.rf.6bfe7a713c4e3df501715ebf1a1c63cb.jpg,0,0,0,0,0,0,0,0
pic4_jpg.rf.7196113f5415c23f14263014dd0079c7.jpg,0,0,0,1,0,0,0,0
pic4_jpg.rf.720881bab916d13520bb38ac7fd3bf80.jpg,0,0,0,1,0,0,0,0
pic4_jpg.rf.782e0da4c5a628b038cea4a5f6ea699b.jpg,0,0,0,1,0,0,0,0
pic4_jpg.rf.7bd9490df3c328017ce73f527e0544b4.jpg,0,0,0,1,0,0,0,0
pic4_jpg.rf.84ecaf76762cdd245e30b4e131c8c4ae.jpg,0,0,0,0,0,0,0,0
pic4_jpg.rf.8707b09d8be9dfca607b9fec6da8dd07.jpg,0,0,1,0,0,0,0,0
pic4_jpg.rf.8802d31cdd423048f8b55f380e1a12df.jpg,0,0,1,0,0,0,0,0
pic4_jpg.rf.8ebef028c7efafc3a3bebf3d59e35693.jpg,0,0,1,0,0,0,0,0
pic4_jpg.rf.922239e17681047d3d10dd9edb3f1757.jpg,0,0,0,1,0,0,0,0
pic4_jpg.rf.9cf72573a2c34df089e43d65d9b55d85.jpg,0,0,0,0,0,0,0,0
pic4_jpg.rf.a31cd21ebc76be2ae9edac7b8c622732.jpg,0,0,0,0,0,0,0,0
pic4_jpg.rf.a32ca7111267bce9b12dacbbb06cef29.jpg,0,0,0,0,0,0,0,0
pic4_jpg.rf.a72c69893b58c6c71d0f0ffea0ef3b6d.jpg,0,0,0,1,0,0,0,0
pic4_jpg.rf.abc5b10a0af3f51a92676ff8161bc7cc.jpg,0,0,0,0,0,0,0,0
pic4_jpg.rf.b0c32ec3fa40f3f45e780a9248ecc529.jpg,0,0,0,1,0,0,0,0
pic4_jpg.rf.b1bf0827b26d075c1fe5e080d2dc5853.jpg,0,0,1,0,0,0,0,0
pic4_jpg.rf.b8da91e66ec68e8722e3f19136ca5fd0.jpg,0,0,0,0,0,0,0,0
pic4_jpg.rf.bc296b7a803bad8aa30f0c0c863cdb12.jpg,0,0,0,0,0,0,0,0
pic4_jpg.rf.bce33b832e57927a484073e696eabc25.jpg,0,0,1,0,0,0,0,0
pic4_jpg.rf.be78af73fb440da9618e201dac42c01d.jpg,0,0,0,1,0,0,0,0
pic4_jpg.rf.c20681a1d62f0fa4a80cd08c5b4266e5.jpg,0,0,1,0,0,0,0,0
pic4_jpg.rf.c2d9daed9acbe4ba861558e0ca568ea5.jpg,0,0,1,0,0,0,0,0
pic4_jpg.rf.c2fd7d457d6aee070bedf065bb7bf985.jpg,0,0,1,0,0,0,0,0
pic4_jpg.rf.c3cc6b8d4c5a397f572782850749641d.jpg,0,0,1,0,0,0,0,0
pic4_jpg.rf.c513262bbd84c9a562935912d500374b.jpg,0,0,0,0,0,0,0,0
pic4_jpg.rf.c662f70080e9de7b568f31b35ec97ea9.jpg,0,0,0,0,0,0,0,0
pic4_jpg.rf.c6ee6b8a9538ca8dd0091856840f8ff7.jpg,0,0,1,0,0,0,0,0
pic4_jpg.rf.c70799405b5434056470472d40ed2673.jpg,0,0,1,0,0,0,0,0
pic4_jpg.rf.c7d31243e32abc803f3cd8a9d900ca92.jpg,0,0,0,1,0,0,0,0
pic4_jpg.rf.cfaafa51e8d9d89482ed30ce2207946e.jpg,0,0,0,0,0,0,0,0
pic4_jpg.rf.d652171a7e67ca4b1cf453be4792efd7.jpg,0,0,0,0,0,0,0,0
pic4_jpg.rf.db8706f6bd46ed89484b45cf5558bb6b.jpg,0,0,0,1,0,0,0,0
pic4_jpg.rf.dbda8c67099b810a117a9d2dcec0c128.jpg,0,0,0,1,0,0,0,0
pic4_jpg.rf.e22d466eee1517ee20e5091490d16269.jpg,0,0,0,0,0,0,0,0
pic4_jpg.rf.e501262345ca545e31cb2724175fbf2f.jpg,0,0,0,1,0,0,0,0
pic4_jpg.rf.eda845221293d1837772a57262733e3b.jpg,0,0,0,1,0,0,0,0
pic4_jpg.rf.f161ca188b28f1dd5022ab0010947816.jpg,0,0,0,1,0,0,0,0
pic4_jpg.rf.f6f2f4710312fc6b742b03f279560ecd.jpg,0,0,1,0,0,0,0,0
pic4_jpg.rf.f85f3541cf1bc986617d22aa7649acff.jpg,0,0,0,0,0,0,0,0
pic4_jpg.rf.f9e080a036361dbc0554b82688fbdda5.jpg,0,0,0,0,0,0,0,0
pic4_jpg.rf.fc70226a39b7367cbb1b2214eb06e58e.jpg,0,0,0,0,0,0,0,0
pic4_jpg.rf.febab368901f4cc4570de15b4edaf3d3.jpg,0,0,0,0,0,0,0,0
pic5_jpg.rf.0c42854dee80bc40063a85a776685942.jpg,0,1,0,0,0,0,0,0
pic5_jpg.rf.0de67881ab385f3bb8e7a458309958d8.jpg,0,0,1,0,0,0,0,0
pic5_jpg.rf.0ee88c0fea4e9106953407fb4b4769e7.jpg,0,0,0,1,0,0,0,0
pic5_jpg.rf.0f7b6d17863ab3ab4266e66b555c7772.jpg,0,1,0,0,0,0,0,0
pic5_jpg.rf.11d1a1c35e057ea113b52b25e161236f.jpg,0,0,0,1,0,0,0,0
pic5_jpg.rf.129bc4dfbe21e9e52af90cf6dcb0dea3.jpg,0,1,0,0,0,0,0,0
pic5_jpg.rf.161a6199901a99d36dc202603a4236b8.jpg,0,1,0,0,0,0,0,0
pic5_jpg.rf.1661dcc218b18035639000f709ea81df.jpg,0,0,1,0,0,0,0,0
pic5_jpg.rf.17f14fba581496a43c8a3cdbb75a7a25.jpg,0,0,1,0,0,0,0,0
pic5_jpg.rf.1b0f96be5ed6f87032603a486c57552d.jpg,0,0,0,1,0,0,0,0
pic5_jpg.rf.1bbb5945db823324e45930fb00f3843f.jpg,0,1,0,0,0,0,0,0
pic5_jpg.rf.200ee6add6029513ab29b07a9ed517a7.jpg,0,0,0,0,0,0,0,0
pic5_jpg.rf.207d6e297c6fec0a643fa776c4867851.jpg,0,1,0,0,0,0,0,0
pic5_jpg.rf.2159dd9f2407d2fc718d507fc1081abf.jpg,0,0,0,1,0,0,0,0
pic5_jpg.rf.22a81808d4c5680b312271a823b714b7.jpg,0,1,0,0,0,0,0,0
pic5_jpg.rf.22b5d00b62fe58245cf0e4362c04805b.jpg,0,0,1,0,0,0,0,0
pic5_jpg.rf.25c07664b046fc0706fb7924df10b365.jpg,0,0,0,0,0,0,0,0
pic5_jpg.rf.2dc4a469776fb634ecdacab23047df23.jpg,0,0,1,0,0,0,0,0
pic5_jpg.rf.2fc2c69d59b36a9c26ec829d15660869.jpg,0,1,0,0,0,0,0,0
pic5_jpg.rf.332be22b862c13b8e220245868883160.jpg,0,0,0,1,0,0,0,0
pic5_jpg.rf.36076735f129a5dc940253c9e51e2cb4.jpg,0,1,0,0,0,0,0,0
pic5_jpg.rf.38f536c7fd7052600f6b8ec28c58341f.jpg,0,0,0,1,0,0,0,0
pic5_jpg.rf.393573ffebe4776203569ff9d5be8f6b.jpg,0,0,0,0,0,0,0,0
pic5_jpg.rf.399161983f0a40ad58e9e4d5014c3a4d.jpg,0,1,0,0,0,0,0,0
pic5_jpg.rf.3b293ca5a572edb1380d802769955893.jpg,0,1,0,0,0,0,0,0
pic5_jpg.rf.3dac4c1cd693a2aebc7270d00532cdd3.jpg,0,1,0,0,0,0,0,0
pic5_jpg.rf.3e998d1d5b071c49c3704b0e40015838.jpg,0,1,0,0,0,0,0,0
pic5_jpg.rf.42758e64be9407e39e1be5630817befb.jpg,0,0,1,0,0,0,0,0
pic5_jpg.rf.4478658945abf529aa9df3a8ef10ec4f.jpg,0,1,0,0,0,0,0,0
pic5_jpg.rf.4709362c34a067fd11b70367fc0bbaa8.jpg,0,0,0,0,0,0,0,0
pic5_jpg.rf.479b8341830e53a5b3d3f5aeae482dfb.jpg,0,1,0,0,0,0,0,0
pic5_jpg.rf.4e5068d6c998f65639b3c9cd12a2c1ab.jpg,0,1,0,0,0,0,0,0
pic5_jpg.rf.504a4c31af86ecee587c0df27dda5a95.jpg,0,1,0,0,0,0,0,0
pic5_jpg.rf.5109af9a42ccc72eef17774275a6dafc.jpg,0,0,1,0,0,0,0,0
pic5_jpg.rf.51985c2ca914fcc79f5f5e409e08d810.jpg,0,1,0,0,0,0,0,0
pic5_jpg.rf.544c2bacd23406ccf0d4e10d5aaba093.jpg,0,0,0,1,0,0,0,0
pic5_jpg.rf.5a777e8b63b9a598ac945b1e89b0aebc.jpg,0,0,0,1,0,0,0,0
pic5_jpg.rf.5eb8bc02717838972c7efa0a2f497921.jpg,0,0,0,0,0,0,0,0
pic5_jpg.rf.5feb657c415f1eb9058d68fbf0aa0ac8.jpg,0,0,1,0,0,0,0,0
pic5_jpg.rf.617c81d49033fb6cf67f351ce8145b26.jpg,0,1,0,0,0,0,0,0
pic5_jpg.rf.62684cf71ca692ea2b2082d7aedea999.jpg,0,0,0,0,0,0,0,0
pic5_jpg.rf.658ec6c84ec2c307520d9018c019a8ab.jpg,0,0,0,0,0,0,0,0
pic5_jpg.rf.67ae1dbc6ce65bb8d58f74f77376bd0a.jpg,0,0,0,1,0,0,0,0
pic5_jpg.rf.6b5dff9ffb9da6c8a026a6b24fb5ac06.jpg,0,0,0,0,0,0,0,0
pic5_jpg.rf.6ed91a3831bfd21cdb8e4d56010494e1.jpg,0,0,0,1,0,0,0,0
pic5_jpg.rf.70e70e5cdd81cec802a61e558d969eb1.jpg,0,0,0,1,0,0,0,0
pic5_jpg.rf.73759fedfdb2095644076d32557509d4.jpg,0,1,0,0,0,0,0,0
pic5_jpg.rf.75d7644e449a1857de39ac99d4567237.jpg,0,0,1,0,0,0,0,0
pic5_jpg.rf.762babd0a1a9b7c81e6cf9e6391af3c2.jpg,0,0,0,0,0,0,0,0
pic5_jpg.rf.785c4fbad5eaec4d4f230d1bbdca2e84.jpg,0,1,0,0,0,0,0,0
pic5_jpg.rf.792f727f6a86991c76a74be89f15165d.jpg,0,1,0,0,0,0,0,0
pic5_jpg.rf.7addb6cc13a9db7583233868ea5e3575.jpg,0,0,0,0,0,0,0,0
pic5_jpg.rf.7b8cdec1be063fa6257cb4291e0eb716.jpg,0,1,0,0,0,0,0,0
pic5_jpg.rf.7c015020997059a52e04f7835b6ab890.jpg,0,1,0,0,0,0,0,0
pic5_jpg.rf.7e7eefa1e737ecf21ea2a41b9f6731c5.jpg,0,0,0,0,0,0,0,0
pic5_jpg.rf.856d4ee6eb77391aa69ad0113e8e12d2.jpg,0,1,0,0,0,0,0,0
pic5_jpg.rf.86b0ca71b26812ca66a9d54ff87a6227.jpg,0,0,1,0,0,0,0,0
pic5_jpg.rf.8ab719846a35ca19470301fa242e80eb.jpg,0,0,0,0,0,0,0,0
pic5_jpg.rf.931fea0c80135016f07d98a42d9bfa7d.jpg,0,0,0,1,0,0,0,0
pic5_jpg.rf.95ce47b7fe451b1aea8019e11472b13d.jpg,0,0,0,0,0,0,0,0
pic5_jpg.rf.9f6dd61c2e0b2a7ca538465938b66e78.jpg,0,0,0,0,0,0,0,0
pic5_jpg.rf.a0aaa5721f08055f3ef838555db0b622.jpg,0,0,0,0,0,0,0,0
pic5_jpg.rf.a245d4a11cef303f7eeedde7d370320a.jpg,0,0,0,1,0,0,0,0
pic5_jpg.rf.a3ec5f97db2f707980ac1b9050a563af.jpg,0,0,1,0,0,0,0,0
pic5_jpg.rf.a86bffd7d5afedd70869654341d50061.jpg,0,1,0,0,0,0,0,0
pic5_jpg.rf.a91608c618fe8d000d8c048577c76dba.jpg,0,0,1,0,0,0,0,0
pic5_jpg.rf.abf289f38bd9c324a4a26ae2d7aca58d.jpg,0,1,0,0,0,0,0,0
pic5_jpg.rf.ac051f0c4e6690169ad5d196906ffbef.jpg,0,1,0,0,0,0,0,0
pic5_jpg.rf.ad88653537fd84acace4c2d52e78d9c0.jpg,0,0,1,0,0,0,0,0
pic5_jpg.rf.b8b90482e0eac8809f97e543bc0b94e2.jpg,0,1,0,0,0,0,0,0
pic5_jpg.rf.c15dc3f1aada3c42a27ba81008b6aede.jpg,0,0,0,0,0,0,0,0
pic5_jpg.rf.c17c8763fb3828c092f206eab0bf56f7.jpg,0,0,1,0,0,0,0,0
pic5_jpg.rf.c18c82a7e02f3b3d22a79b1dc591e2b3.jpg,0,1,0,0,0,0,0,0
pic5_jpg.rf.c33a892760771a8552f2119206450367.jpg,0,0,1,0,0,0,0,0
pic5_jpg.rf.c5c188290efcf54778dc18e410243f44.jpg,0,0,0,0,0,0,0,0
pic5_jpg.rf.c644e4bfeec4d8291792784624da019a.jpg,0,0,0,0,0,0,0,0
pic5_jpg.rf.c74a92846a5a817f4c9990ed63e8c0af.jpg,0,0,0,1,0,0,0,0
pic5_jpg.rf.c817c0a6fa77c03543d1329d85337001.jpg,0,0,1,0,0,0,0,0
pic5_jpg.rf.cb3844470a09fc051d9be9e441af575d.jpg,0,0,0,0,0,0,0,0
pic5_jpg.rf.ce08262e633e09a965cf1141654ac1a3.jpg,0,0,0,0,0,0,0,0
pic5_jpg.rf.d2cbbf6a8c9dcfba00fb8928ab1b3a87.jpg,0,1,0,0,0,0,0,0
pic5_jpg.rf.d4c1e87794564f83c13153ef249822b9.jpg,0,0,0,0,0,0,0,0
pic5_jpg.rf.d5248874b09cc37c2d8cedff88acd577.jpg,0,0,0,0,0,0,0,0
pic5_jpg.rf.d7dc1f04f887873288e0a8039fd152ef.jpg,0,0,0,1,0,0,0,0
pic5_jpg.rf.da756297bb94adeab48d848ed335a3b0.jpg,0,1,0,0,0,0,0,0
pic5_jpg.rf.ddaf2cdee3cfcedd135e47ba963f6209.jpg,0,0,0,0,0,0,0,0
pic5_jpg.rf.df56782f12bbfe7a90b01284b9ceb497.jpg,0,0,0,1,0,0,0,0
pic5_jpg.rf.e334eba3529c83ea83b08dc54c65027b.jpg,0,1,0,0,0,0,0,0
pic5_jpg.rf.e39790511d2cfc4e83bc8a8fbef37622.jpg,0,0,0,1,0,0,0,0
pic5_jpg.rf.e48fb3e52718a3c1b59ef97aa3543693.jpg,0,1,0,0,0,0,0,0
pic5_jpg.rf.e5a94b8c2540984de3953faad15683f8.jpg,0,1,0,0,0,0,0,0
pic5_jpg.rf.e69ef47723cacb7a886aaf8cd3b06b8a.jpg,0,0,0,0,0,0,0,0
pic5_jpg.rf.e8796d834c2d532bee89a6c465d2de2a.jpg,0,0,1,0,0,0,0,0
pic5_jpg.rf.eb131f764bf618986300e7103d0c87af.jpg,0,1,0,0,0,0,0,0
pic5_jpg.rf.eeecd931acb6e73b74a6365d7e9c1fc1.jpg,0,0,0,0,0,0,0,0
pic5_jpg.rf.ef241a22208a5cd0d30621e185b862d8.jpg,0,1,0,0,0,0,0,0
pic5_jpg.rf.f144f20446cdbe57945623a279193935.jpg,0,1,0,0,0,0,0,0
pic5_jpg.rf.f8d4038f217295d0a334c01ff449617b.jpg,0,0,1,0,0,0,0,0
pic5_jpg.rf.f8e62561b4cd17102bc364ae2e7233b9.jpg,0,1,0,0,0,0,0,0
pic5_jpg.rf.f9151b95dfdb552a0e609921a6ca93c8.jpg,0,0,1,0,0,0,0,0
pic5_jpg.rf.f937daba610a60bdd50f17fccbf2be95.jpg,0,1,0,0,0,0,0,0
pic5_jpg.rf.fa16ae7634d75c637bdaeb888685cc31.jpg,0,1,0,0,0,0,0,0
pic5_jpg.rf.fda2f4bda6f52020582b9ba0333e6cf6.jpg,0,0,0,1,0,0,0,0
pic5_jpg.rf.fe2b31d2acecd0fc47050a918be3fc12.jpg,0,1,0,0,0,0,0,0
pic5_jpg.rf.ff9bc451cdfd46bab4a07db85a2dd856.jpg,0,0,0,0,0,0,0,0
th-1-_jpg.rf.d4753da411c1d837b432ad23c4db2e5d.jpg,0,1,0,0,0,0,0,0
th-1-_jpg.rf.f0e0c81105fd4a6e5cf64538d04d70ea.jpg,0,0,0,0,0,0,0,1
th-2-_jpg.rf.ba7625274f968d0bc3104b9c9b88ff52.jpg,0,1,0,0,0,0,0,0
th_jpg.rf.2cfe7d31c5fe228a74c53ea810dc5e15.jpg,0,0,0,0,0,0,0,1
vlcsnap-2022-09-13-14h27m03s620_png_jpg.rf.5cbea424b0ecbf1b33d597eef5d068c0.jpg,0,0,0,0,1,0,0,0
vlcsnap-2022-09-13-14h30m12s997_png_jpg.rf.985e3b5ed97a15ab9ee46c72b5615db9.jpg,0,0,0,0,1,0,0,0
normal5-e1515369559545-400x284_jpg.rf.6b6240cb5f212a6077b166b129f07b53.jpg,0,1,0,0,0,0,0,0
hyp23-e1515374144420-1024x787-1-400x284_jpg.rf.3f0fdba8a398515f795353cccda2d4a2.jpg,1,0,0,0,0,0,0,0
1-698-_jpg.rf.9984ec1cd598c9c3cbc2a2839f92140d.jpg,0,1,0,0,0,0,0,0
Mastitis-12-_jpg.rf.66e15c683308ee410c2202d3bd683c80.jpg,1,0,0,0,0,0,0,0
Mastitis-50-_jpg.rf.22b905f8926817fd07bf5aea53ae4766.jpg,1,0,0,0,0,0,0,0
2-127-_jpg.rf.b46bf9abdd5e9a21e2e450a8bf21349e.jpg,0,1,0,0,0,0,0,0
hyp25-1024x683-1-400x284_jpg.rf.cdc03d6ed1f732d4191d2f216b6c404b.jpg,1,0,0,0,0,0,0,0
AdobeStock_346113562_Preview_jpeg.rf.9b6cb2a54202fb368cea036edd5dafdf.jpg,0,1,0,0,0,0,0,0
exfol3-400x284_jpg.rf.4c78f734cfac4dfee4902c3625a21aa1.jpg,1,0,0,0,0,0,0,0
Picture24-1-400x284_jpg.rf.3934b1ea8dd53a34c7a55f9e9aeae32f.jpg,1,0,0,0,0,0,0,0
AdobeStock_415572885_Preview_jpeg.rf.449c487e955e67af5942de03b1ad4903.jpg,0,1,0,0,0,0,0,0
udder-19_jpg.rf.8939e15d491465bcbeb7558f675e3835.jpg,0,1,0,0,0,0,0,0
Mastitis-32-_jpg.rf.ce7a9be06f1ff756ccc802d39c9f60a9.jpg,1,0,0,0,0,0,0,0
Mastitis-57-_jpg.rf.de6e455b224cd61d1357a698b91226ad.jpg,1,0,0,0,0,0,0,0
2025-01-18-14-18-57-29908_jpg.rf.d3df2810ddc01cb6d91d207be3b7d74c.jpg,0,1,0,0,0,0,0,0
Mastitis-42-_jpg.rf.45142cf3254aa962dab31f3f3c4b6175.jpg,1,0,0,0,0,0,0,0
AdobeStock_93804337_Video_HD_Preview_mov-0022_jpg.rf.83e7f6542febfd2c1ee83574c7275b3b.jpg,0,1,0,0,0,0,0,0
AdobeStock_93804337_Video_HD_Preview_mov-0013_jpg.rf.dde3a181f19d095df320b0eedcf9826f.jpg,0,1,0,0,0,0,0,0
Mastitis-59-_jpg.rf.c8ee2a0636bd855834547c377cf3ee5e.jpg,1,0,0,0,0,0,0,0
Mastitis-17-_jpg.rf.0a25403b3daf5203506782d5da360a35.jpg,1,0,0,0,0,0,0,0
AdobeStock_93804337_Video_HD_Preview_mov-0000_jpg.rf.f710510c87132c212465fe2c057b5345.jpg,0,1,0,0,0,0,0,0
00000173_jpg.rf.70c155e77449293c0fac6f189cff7aa4.jpg,0,1,0,0,0,0,0,0
1-672-_jpg.rf.c54420f1e19d89d26ba44ca17e670e5e.jpg,0,1,0,0,0,0,0,0
Picture18-400x284_jpg.rf.df908ce7b6f78f3c985bde5bd0b52c5e.jpg,1,0,0,0,0,0,0,0
imgs206_jpg.rf.b40ddc133e7fc557eb25b64e6e4ca26e.jpg,0,1,0,0,0,0,0,0
Picture52-400x284_jpg.rf.846205af2e4b50cd3b7855cd50c229a2.jpg,1,0,0,0,0,0,0,0
00000186_jpg.rf.1ffa580f9a50e6d940c52dab79ad444e.jpg,0,1,0,0,0,0,0,0
Mastitis-52-_jpg.rf.90df3f355598df9e6ba29cfa112a8bac.jpg,1,0,0,0,0,0,0,0
mastitis_jpeg.rf.ba584f9b3fda031eb307c3ae9569e50f.jpg,1,0,0,0,0,0,0,0
Mastitis-43-_jpg.rf.68ee8d0069fc929b759141fd11c81f0a.jpg,1,0,0,0,0,0,0,0
1-664-_jpg.rf.41fa60b90435c2a8499fb8d05854e6ea.jpg,0,1,0,0,0,0,0,0
AdobeStock_281905547_Preview_jpeg.rf.d08374f24cfea4d32df24614b1c47350.jpg,0,1,0,0,0,0,0,0
ring10-400x284_jpg.rf.e61bf59720e1d8438625666c23ea033b.jpg,1,0,0,0,0,0,0,0
AdobeStock_336719294_Preview_jpeg.rf.3cb92170828cf9af31ca0d249b4beace.jpg,0,1,0,0,0,0,0,0
hyp13-e1515373816135-1024x738-1-400x284_jpg.rf.5b2e11bb3f7894861e72fa904975626b.jpg,1,0,0,0,0,0,0,0
GRZ_76_jpg.rf.a6f04c48ff23fdb48ca147736b8147b7.jpg,0,1,0,0,0,0,0,0
IMG_20250118_144310_jpg.rf.cc20cd2a0ffaa33de46ec3b3633f3f1e.jpg,0,1,0,0,0,0,0,0
Mastitis-30-_jpg.rf.29c039a1d7d4b0113baec45c547284ee.jpg,1,0,0,0,0,0,0,0
AdobeStock_394830772_Preview_jpeg.rf.4b5bf2fb74ed59a507de2a42fbb362e3.jpg,0,1,0,0,0,0,0,0
AdobeStock_109023981_Preview_jpeg.rf.699185131cd1ba88286ba4a658d1d01e.jpg,0,1,0,0,0,0,0,0
2025-01-18-14-34-24-41d84_mp4-0030_jpg.rf.9c6c037cff077bb1b8fa5b17a528846a.jpg,0,1,0,0,0,0,0,0
AdobeStock_14812751_Preview_jpeg.rf.988d9a6920595ae34746767047dbc768.jpg,0,1,0,0,0,0,0,0
AdobeStock_556562712_Video_HD_Preview_mov-0003_jpg.rf.86b4fe4b86ead7ab4b88b194247e90cd.jpg,0,1,0,0,0,0,0,0
Mastitis-68-_jpg.rf.adf16a6fff4d66f140d74ffb32ac3946.jpg,1,0,0,0,0,0,0,0
1-138-_jpg.rf.977fa0393e9cc3d16331992d76517c12.jpg,0,1,0,0,0,0,0,0
Mastitis-49-_jpg.rf.a5d4323963f00a7c77337fec71d228b0.jpg,1,0,0,0,0,0,0,0
1-38-_jpg.rf.6c993ee5f2e6e7b5d7103f98d4d64066.jpg,0,1,0,0,0,0,0,0
mastitis-2_jpeg.rf.5c823c246ae9a50441386f428eedb100.jpg,1,0,0,0,0,0,0,0
dry-skin-eo5-400x284_jpg.rf.f5a14c9b94c738a873832626adda1da2.jpg,1,0,0,0,0,0,0,0
1-749-_jpg.rf.6328e3190bdee1d1f9f2ab32b91d4ac4.jpg,0,1,0,0,0,0,0,0
AdobeStock_23228077_Preview_jpeg.rf.ca02f82ef5f2b7c8c47c0bf2d864175a.jpg,0,1,0,0,0,0,0,0
00000020_jpg.rf.8bba652509500ef07c42375797e25efe.jpg,0,1,0,0,0,0,0,0
Picture29-1-400x284_jpg.rf.4a7b022509e2ba812b89540040c66623.jpg,1,0,0,0,0,0,0,0
IMG_20250118_144303_jpg.rf.60a6afe94a5b0a4965267d6aef483e05.jpg,0,1,0,0,0,0,0,0
Picture15-400x284_jpg.rf.6086aed09b3e644f1ce27dc299974bee.jpg,1,0,0,0,0,0,0,0
2-94-_jpg.rf.6f5f31124a1465a3804377eccd7f5c12.jpg,0,1,0,0,0,0,0,0
AdobeStock_209933484_Preview_jpeg.rf.a77a80179cb392cb66a96682b30fce99.jpg,0,1,0,0,0,0,0,0
1-38-_jpg.rf.814b774270ca5fcd695e246bef842a37.jpg,0,1,0,0,0,0,0,0
Picture27-400x284_jpg.rf.39e23a884938f2cdb8e7ab53d68aa3e2.jpg,1,0,0,0,0,0,0,0
1-646-_jpg.rf.9b46cf3f60b5fd09f24672e4d71235b7.jpg,0,1,0,0,0,0,0,0
AdobeStock_220015949_Preview_jpeg.rf.25e57c6628be05abcdafaf1e6e9ea531.jpg,0,1,0,0,0,0,0,0
AdobeStock_209933484_Preview_jpeg.rf.41a9c471bd5f44f6a21ab45b09f52019.jpg,0,1,0,0,0,0,0,0
Mastitis-43-_jpg.rf.437ca78a5143ff41a03a55565a917a3d.jpg,1,0,0,0,0,0,0,0
AdobeStock_544941447_Preview_jpeg.rf.340fcf87b5ada07f9fc7aabb40e0f40d.jpg,0,1,0,0,0,0,0,0
Picture49-1-400x284_jpg.rf.a268ae3b18a6839e10ad2682af8c3932.jpg,1,0,0,0,0,0,0,0
AdobeStock_360140155_Preview_jpeg.rf.52914611eed9078d513922195c6b1122.jpg,0,1,0,0,0,0,0,0
AdobeStock_408874034_Preview_jpeg.rf.ac2e14a0f15ecb210231bf052e769e56.jpg,0,1,0,0,0,0,0,0
IMG_20250118_143944_jpg.rf.ffb3168bf675622adc78b8d178b75941.jpg,1,0,0,0,0,0,0,0
1-749-_jpg.rf.50adfa0d5e9574930806ff7548b9ebb2.jpg,0,1,0,0,0,0,0,0
AdobeStock_14812751_Preview_jpeg.rf.f81989243ea0781e5d04b9226d1c46e3.jpg,0,1,0,0,0,0,0,0
IMG_20250118_144245_jpg.rf.2530802135f20c1ed2062d92bda17795.jpg,0,1,0,0,0,0,0,0
IMG_20250118_143826_jpg.rf.d1fec1590f2ac673a95cea7e6a5337b2.jpg,0,1,0,0,0,0,0,0
IMG_20250118_144441_jpg.rf.b248aacad2cb0df1494f9937d17823e1.jpg,0,1,0,0,0,0,0,0
normal18-e1515370070827-400x284_jpg.rf.3e6a5d9b162eb28e4ddc90389d46f631.jpg,0,1,0,0,0,0,0,0
6_jpeg.rf.b901b14b22c813eae9e7c20095daed15.jpg,1,0,0,0,0,0,0,0
pseudo-pox1-e1515356634396-400x284_jpg.rf.569bbecaa2cf262cfa362eae8d5c4060.jpg,1,0,0,0,0,0,0,0
2025-01-18-14-34-24-41d84_mp4-0037_jpg.rf.a8d4f544f48ed64748966939e1c9270e.jpg,0,1,0,0,0,0,0,0
2025-01-18-14-34-24-41d84_mp4-0034_jpg.rf.ed8bfc316aa15fd522193e96f4a87bc8.jpg,0,1,0,0,0,0,0,0
IMG_20250118_143826_jpg.rf.da76f9ef243557f93861011639982746.jpg,0,1,0,0,0,0,0,0
Picture23-400x284_jpg.rf.ee837eb763f68155a615ab08ef7bf277.jpg,1,0,0,0,0,0,0,0
Picture2-400x284_jpg.rf.7968d3ff289f15fd591ce9b02ed265cd.jpg,1,0,0,0,0,0,0,0
AdobeStock_556562712_Video_HD_Preview_mov-0004_jpg.rf.b6176f9635618472f190617b9c25f961.jpg,0,1,0,0,0,0,0,0
normal15-e1515369788421-400x284_jpg.rf.9470fc4647a6c28246aea18eae376c07.jpg,0,1,0,0,0,0,0,0
Picture23-400x284_jpg.rf.0346aace63ccfae227d9e057c17ba84e.jpg,1,0,0,0,0,0,0,0
Mastitis-4-_jpg.rf.c9ac89f63c7dad9724f0ed101f136c9c.jpg,1,0,0,0,0,0,0,0
AdobeStock_556562712_Video_HD_Preview_mov-0003_jpg.rf.6fedcecb1fc1c878aed5f80e3af806ce.jpg,0,1,0,0,0,0,0,0
00000069_jpg.rf.eb0583654212c3c9926fa390aa9ecac2.jpg,0,1,0,0,0,0,0,0
chaps-5_1_orifice-400x284_png.rf.5496553beeccc8e5796c6f4e94f9f9e3.jpg,1,0,0,0,0,0,0,0
Papilloma-400x284_jpg.rf.66294f5d82da87e325ed6bb5ac52ef8f.jpg,1,0,0,0,0,0,0,0
Mastitis-47-_jpg.rf.ccc7719bed9ebd04713fac95611e78eb.jpg,1,0,0,0,0,0,0,0
1-613-_jpg.rf.bc9e46ab0ded99cf91abfcc712cf7ddc.jpg,0,1,0,0,0,0,0,0
Drying-chemical-barrier-dip-build-up-build-up-e1515286053269_jpg.rf.1247126faf90de2cf08a4c41e1e21696.jpg,1,0,0,0,0,0,0,0
Purple-Teats-with-wedging-overmilking-400x284_jpg.rf.eefcf27218ca7870ba252fc1a0fe3dc2.jpg,1,0,0,0,0,0,0,0
Purple-Teats-with-wedging-overmilking-400x284_jpg.rf.502b883c9e1808f732585971c064454d.jpg,1,0,0,0,0,0,0,0
Mastitis-47-_jpg.rf.ee9ea189d8585daabee67c8880be7b0c.jpg,1,0,0,0,0,0,0,0
2-26-_jpg.rf.ae1d590f121634b44f1c73a9e051b8ea.jpg,0,1,0,0,0,0,0,0
1-713-_jpg.rf.e0d99d23a399ef54af1cac55555eb1c6.jpg,0,1,0,0,0,0,0,0
23_jpeg.rf.ada319489317450d31095fe77189d762.jpg,1,0,0,0,0,0,0,0
1-1241-_jpg.rf.a28769536edf975449f442fec616d6bf.jpg,0,1,0,0,0,0,0,0
2-26-_jpg.rf.bb1dc0b4d6c522b2b9d0034cb1242f03.jpg,0,1,0,0,0,0,0,0
Mastitis-61-_jpg.rf.457b11f7394b175d69e43373869c5958.jpg,1,0,0,0,0,0,0,0
AdobeStock_93804337_Video_HD_Preview_mov-0006_jpg.rf.77682e1c611e2dff10ffe157f08ff987.jpg,0,1,0,0,0,0,0,0
Mastitis-3-_jpg.rf.2708642e7d589e25071134259addbca3.jpg,1,0,0,0,0,0,0,0
Mastitis-58-_jpg.rf.795d1e410a54aeef6399bb00075a63e9.jpg,1,0,0,0,0,0,0,0
Mastitis-3-_jpg.rf.891cbef6b013e840746685c4aa02b319.jpg,1,0,0,0,0,0,0,0
AdobeStock_93804337_Video_HD_Preview_mov-0008_jpg.rf.99f21c01c3bfa5f155c9c2f2df156d59.jpg,0,1,0,0,0,0,0,0
Mastitis-58-_jpg.rf.b1b7335a863e413a73ae834522fd129f.jpg,1,0,0,0,0,0,0,0
AdobeStock_93804337_Video_HD_Preview_mov-0004_jpg.rf.e19a37a73a6d5c692f54c27c954a6484.jpg,0,1,0,0,0,0,0,0
2-26-_jpg.rf.8f223ad586ac3cd4b9890f09720b0e86.jpg,0,1,0,0,0,0,0,0
00000020_jpg.rf.81b2194890c678021ea3aba82ab49644.jpg,0,1,0,0,0,0,0,0
Mastitis-58-_jpg.rf.356b06428ad544244a41bd22d75affad.jpg,1,0,0,0,0,0,0,0
AdobeStock_93804337_Video_HD_Preview_mov-0004_jpg.rf.2ac6a38583f16b62c67374c822729ae2.jpg,0,1,0,0,0,0,0,0
Picture29-1-400x284_jpg.rf.8ceec66ef3dbe40884b9341284b07f09.jpg,1,0,0,0,0,0,0,0
AdobeStock_93804337_Video_HD_Preview_mov-0004_jpg.rf.b7cd71f71d236d7a08a9cf7e107930a7.jpg,0,1,0,0,0,0,0,0
Papilloma-400x284_jpg.rf.b9d92c595e2335c68ed4448d832f2218.jpg,1,0,0,0,0,0,0,0
chaps-5_1_orifice-400x284_png.rf.38061b5190ef9025c79ff0a3a43a7282.jpg,1,0,0,0,0,0,0,0
1-613-_jpg.rf.61c2b69786e9fcf94fe3b72a7a3af85e.jpg,0,1,0,0,0,0,0,0
dry-skin-eo5-400x284_jpg.rf.887fc8621142ab52c7f8d94c5d8ecfb6.jpg,1,0,0,0,0,0,0,0
GRZ_76_jpg.rf.eb81b90649efa9c2995c83f3af686a7a.jpg,0,1,0,0,0,0,0,0
AdobeStock_93804337_Video_HD_Preview_mov-0008_jpg.rf.4619e4026dc8ebdcdf7f12c34880aba5.jpg,0,1,0,0,0,0,0,0
AdobeStock_386516879_Preview_jpeg.rf.dea7873411bb8e8609b5708131a4d06d.jpg,0,1,0,0,0,0,0,0
Mastitis-36-_jpg.rf.50bcc736316fa836f4ffb9c62e241947.jpg,1,0,0,0,0,0,0,0
1-697-_jpg.rf.4c1f7413fb464b28248ce68442d76a10.jpg,0,1,0,0,0,0,0,0
Mastitis-45-_jpg.rf.eccb191208a8e59840ed8da7b22c2435.jpg,1,0,0,0,0,0,0,0
Purple-Teats-with-wedging-overmilking-400x284_jpg.rf.9751c0b8d2992f2c50f7d3362c382648.jpg,1,0,0,0,0,0,0,0
00000020_jpg.rf.ee5ae300a3364ca50060c391c82d449d.jpg,0,1,0,0,0,0,0,0
2025-01-18-14-33-04-733df_jpg.rf.f8bc00297032c2af9cea839ebc90db8a.jpg,0,1,0,0,0,0,0,0
Picture51-400x284_jpg.rf.506d5e1342c61f377b840cb7c14b789c.jpg,1,0,0,0,0,0,0,0
26_jpeg.rf.bea20332c40ca64659e670bfc9bb6a97.jpg,1,0,0,0,0,0,0,0
Mastitis-43-_jpg.rf.abf88047df827541b0aabd318de38b79.jpg,1,0,0,0,0,0,0,0
Picture2-400x284_jpg.rf.0542e8fe838e2c71ee6ec2a33456d098.jpg,1,0,0,0,0,0,0,0
Mastitis-20-_jpg.rf.44b468c29d3fb838fac6a04bc8d91c31.jpg,1,0,0,0,0,0,0,0
1-674-_jpg.rf.2ad8cfacca00f76e9257a39c4f9f178a.jpg,0,1,0,0,0,0,0,0
26_jpeg.rf.91040432211f65330c22c98c933334f1.jpg,1,0,0,0,0,0,0,0
AdobeStock_93804337_Video_HD_Preview_mov-0011_jpg.rf.321387e66452e001b0ad9a4f42d89aef.jpg,0,1,0,0,0,0,0,0
1-657-_jpg.rf.0a306a561de0f1c656917160ae32aeba.jpg,0,1,0,0,0,0,0,0
AdobeStock_93804337_Video_HD_Preview_mov-0019_jpg.rf.082f0b440ed31984bed8178834558759.jpg,0,1,0,0,0,0,0,0
Picture40-400x284_jpg.rf.3f1afac926381124c6c66536d6009bd6.jpg,1,0,0,0,0,0,0,0
AdobeStock_8645586_Preview_jpeg.rf.d3be018fc672ece0d47a3874755a7465.jpg,0,1,0,0,0,0,0,0
dry-skin-eo5-400x284_jpg.rf.22a59bc98d67d57f9467d89177a7908e.jpg,1,0,0,0,0,0,0,0
Picture29-1-400x284_jpg.rf.aca5ae5ab651a2d6af18292b4a8f05ef.jpg,1,0,0,0,0,0,0,0
AdobeStock_512779360_Preview_jpeg.rf.edfc7b577dc4e0a99a428a2f5c740acc.jpg,0,1,0,0,0,0,0,0
AdobeStock_556562712_Video_HD_Preview_mov-0003_jpg.rf.eaae0adf31dfed051ce0c2f6cf76cf67.jpg,0,1,0,0,0,0,0,0
2025-01-18-14-33-04-733df_jpg.rf.1ea353e4a1695345a8e36c386c078365.jpg,0,1,0,0,0,0,0,0
AdobeStock_512779360_Preview_jpeg.rf.539835a74ecde7ba5252ab862473d322.jpg,0,1,0,0,0,0,0,0
GRZ_76_jpg.rf.0167f3a020b1b87f416f7c98cf3ca922.jpg,0,1,0,0,0,0,0,0
chaps-5_1_orifice-400x284_png.rf.293cca2a2723e05732ded8c7e6b09468.jpg,1,0,0,0,0,0,0,0
Papilloma-400x284_jpg.rf.00cc0562ec6ddfa92c0a910b9032e255.jpg,1,0,0,0,0,0,0,0
Mastitis-47-_jpg.rf.88fad3be146f7a6e62cc6f5b39f09e09.jpg,1,0,0,0,0,0,0,0
Mastitis-10-_jpg.rf.59fa6614021f36fe0cb31382a540d900.jpg,1,0,0,0,0,0,0,0
1-613-_jpg.rf.1195548e6cc97a380c7f509dd41740b0.jpg,0,1,0,0,0,0,0,0
AdobeStock_113101054_Preview_jpeg.rf.e565bc3119b216a8d44ad7f6487917f4.jpg,0,1,0,0,0,0,0,0
AdobeStock_69320056_Preview_jpeg.rf.f297f2479eab5fb1cded0e4bf3ec5e1c.jpg,0,1,0,0,0,0,0,0
hyp17-e1515373911728-1024x894-1-400x284_jpg.rf.7e458a16ebd9b2bfc4c6132ba27e4fa5.jpg,1,0,0,0,0,0,0,0
Mastitis-26-_jpg.rf.5b556bfec97be4b94e0282a49c6a2c1a.jpg,1,0,0,0,0,0,0,0
Picture40-400x284_jpg.rf.8192446d58f97d6a6c7951ae331ebfed.jpg,1,0,0,0,0,0,0,0
IMG_20250118_143855_jpg.rf.6978f14706855e8617d6948bb0fa0a66.jpg,0,1,0,0,0,0,0,0
1-697-_jpg.rf.968ccd57673f477b3d440f428c9312a5.jpg,0,1,0,0,0,0,0,0
AdobeStock_93804337_Video_HD_Preview_mov-0008_jpg.rf.8a05f313d9e45addd498749bf7885507.jpg,0,1,0,0,0,0,0,0
AdobeStock_93804337_Video_HD_Preview_mov-0011_jpg.rf.43a7ff2ac8d542e0994f3e1e8bd3ba55.jpg,0,1,0,0,0,0,0,0
Mastitis-41-_jpg.rf.496241f2257c7ae6bda608b55e7a9181.jpg,1,0,0,0,0,0,0,0
wet-teat6-1-e1515287995479-400x284_jpg.rf.35ecd25aac1b3340e6855bea17331431.jpg,1,0,0,0,0,0,0,0
2025-01-18-14-34-24-41d84_mp4-0032_jpg.rf.1e053b028f4e4c1c1664a1067d0b0fb8.jpg,0,1,0,0,0,0,0,0
exfol2-400x284_jpg.rf.4ed829f32fac5008a0c2e79ef1476226.jpg,1,0,0,0,0,0,0,0
Mastitis-17-_jpg.rf.cc579ddfb4604ede72a0c23fda01dd5c.jpg,1,0,0,0,0,0,0,0
2-11-_jpg.rf.e83048da8babee24d98253363b88cdf8.jpg,0,1,0,0,0,0,0,0
Mastitis-13-_jpg.rf.55d96dc307e2ca36dd3ec62955ec8a8a.jpg,1,0,0,0,0,0,0,0
2025-01-18-14-34-24-41d84_mp4-0032_jpg.rf.4922f0aa34edbf3eb031f3f85226ac39.jpg,0,1,0,0,0,0,0,0
AdobeStock_85250161_Preview_jpeg.rf.cd016225f7964bdc3d8988b0a3a07dd2.jpg,0,1,0,0,0,0,0,0
AdobeStock_93804337_Video_HD_Preview_mov-0026_jpg.rf.747e315307591e4baf685658d18f421c.jpg,0,1,0,0,0,0,0,0
AdobeStock_411229317_Preview_jpeg.rf.4252befa50023309197e8cd985e965de.jpg,0,1,0,0,0,0,0,0
IMG_20250118_144326_jpg.rf.915e290a13d0171bdcd2e626b6d84e1a.jpg,0,1,0,0,0,0,0,0
AdobeStock_113101054_Preview_jpeg.rf.5453bded9e667a047e4a3c5df77071c0.jpg,0,1,0,0,0,0,0,0
Mastitis-33-_jpg.rf.5485a832166a6f5322f869cb67b4e163.jpg,1,0,0,0,0,0,0,0
AdobeStock_93804337_Video_HD_Preview_mov-0019_jpg.rf.effa7407cd6425b4fb085e763bdb100f.jpg,0,1,0,0,0,0,0,0
AdobeStock_331856846_Preview_jpeg.rf.7c5875ae8afbc50361286bff6638c675.jpg,0,1,0,0,0,0,0,0
AdobeStock_251420633_Preview_jpeg.rf.6dccb415bd9d513865c29ed29b32fb50.jpg,0,1,0,0,0,0,0,0
udder10_jpg.rf.cbe2c1cc32fc053c6ef62feb33730edc.jpg,0,1,0,0,0,0,0,0
1-40-_jpg.rf.0a0be60594d677eac820c1f931dced43.jpg,0,1,0,0,0,0,0,0
Mastitis-29-_jpg.rf.5f328a2fddd309df5160ff82c96ddb5c.jpg,1,0,0,0,0,0,0,0
2025-01-18-14-34-24-41d84_mp4-0042_jpg.rf.3925dafe6dac8d16968c4e5046f3e66b.jpg,0,1,0,0,0,0,0,0
AdobeStock_333517445_Preview_jpeg.rf.2e6e619fa1b1db5a6b3bc7da7a039711.jpg,0,1,0,0,0,0,0,0
Chemcial-burn4-e1515283733588-400x284_jpg.rf.25e1d34f056b38baba380428f882505b.jpg,1,0,0,0,0,0,0,0
Mastitis-21-_jpg.rf.858afa77dc470ffe3fc7124127760af0.jpg,1,0,0,0,0,0,0,0
Mastitis-38-_jpg.rf.8ec49b70e5784bd53cb003ee6881df15.jpg,1,0,0,0,0,0,0,0
hyp20-e1515373975164-1024x749-1-400x284_jpg.rf.8595137b6aa010d3868aaea25deaf789.jpg,1,0,0,0,0,0,0,0
Picture34-400x284_jpg.rf.d81712013ac59ea99ae8f60a0d02b3bc.jpg,1,0,0,0,0,0,0,0
AdobeStock_556562712_Video_HD_Preview_mov-0002_jpg.rf.1d8ea47f65c53edf62e971095c53b463.jpg,0,1,0,0,0,0,0,0
00000166_jpg.rf.f7549caf82315ad9a1a4853cf0ebb607.jpg,0,1,0,0,0,0,0,0
Mastitis-49-_jpg.rf.6af7bfd0966ce98d8d3c8519cee3a246.jpg,1,0,0,0,0,0,0,0
IMG_20250118_143855_jpg.rf.a3c032c13d70e783a7a229547a30e8e7.jpg,0,1,0,0,0,0,0,0
Mastitis-10-_jpg.rf.703a8e9fbf436794706b19658c8d4b48.jpg,1,0,0,0,0,0,0,0
normal1-e1515368903681-400x284_jpg.rf.ee010f688727ac0042a657c01fdf7aef.jpg,0,1,0,0,0,0,0,0
Mastitis-54-_jpg.rf.7648321a23714cfe473cab5d520f3e54.jpg,1,0,0,0,0,0,0,0
00000132_jpg.rf.06f1ec2ae10f97d15d1254ace93f1b0f.jpg,0,1,0,0,0,0,0,0
00000080_jpg.rf.0b69fc1bbe5c05e60c80e3a253b1d48d.jpg,0,1,0,0,0,0,0,0
Picture19-400x284_jpg.rf.9e020c5d5e917c8aef8d0af6aa1f81e3.jpg,1,0,0,0,0,0,0,0
severe-hemm3-e1515364758805-400x284_jpg.rf.11c195ce8096a146f059c23a0c5b8657.jpg,1,0,0,0,0,0,0,0
AdobeStock_57701541_Preview_jpeg.rf.f67feaa7535a5780f3f87a3fc0c8b854.jpg,0,1,0,0,0,0,0,0
Mastitis-12-_jpg.rf.45e5886342b34ec706e48a4f9c431e72.jpg,1,0,0,0,0,0,0,0
udder-9_jpg.rf.025379dba9b34c9bd2536fff5da93c4f.jpg,0,1,0,0,0,0,0,0
Picture28-400x284_jpg.rf.6fa657f421ad01da8baa281effc1378c.jpg,1,0,0,0,0,0,0,0
IMG_20250118_144345_jpg.rf.6fe6400e30d22c5205a5567eab176df9.jpg,0,1,0,0,0,0,0,0
1-642-_jpg.rf.6eebf4fa0a5829a5b120da076c8eaf1f.jpg,0,1,0,0,0,0,0,0
ibk-75833_jpeg.rf.1a0adc684d35a0a6cee76c564af54407.jpg,0,1,0,0,0,0,0,0
Mastitis-44-_jpg.rf.137189a3f78e1e2e7e6b263bac7a84a9.jpg,1,0,0,0,0,0,0,0
normal2-e1515369386480-400x284_jpg.rf.09557b42d66b35b8062c7b7709d5791a.jpg,0,1,0,0,0,0,0,0
00000143_jpg.rf.5aa39df4afbd43dac4235717d6a465a8.jpg,0,1,0,0,0,0,0,0
Mastitis-47-_jpg.rf.f8c6257b40661c0501b1a7b3150d4ee6.jpg,1,0,0,0,0,0,0,0
2025-01-18-14-34-24-41d84_mp4-0031_jpg.rf.e32c4a6196b6031631c26115471e9521.jpg,0,1,0,0,0,0,0,0
hyp2-e1515373564252-729x1024-1-400x284_jpg.rf.2a375f3205435d387809d7b7d2e75376.jpg,1,0,0,0,0,0,0,0
Mastitis-4-_jpg.rf.2983397620d34682cc5d2e5118637b79.jpg,1,0,0,0,0,0,0,0
chemical-burn2-e1515284193990-400x284_jpg.rf.b6f8bbe0c3c4ec948d4d31faaf86caab.jpg,1,0,0,0,0,0,0,0
IMG_20250118_144025_jpg.rf.528b04e92747e21b2d5006a33742f0aa.jpg,1,0,0,0,0,0,0,0
Mastitis-20-_jpg.rf.2719f79df19ab05edbae79a1ecbcc318.jpg,1,0,0,0,0,0,0,0
bullingcows_jpeg.rf.08266b95b62aecc47a36bfa7b7e34223.jpg,0,1,0,0,0,0,0,0
AdobeStock_543199813_Preview_jpeg.rf.c44b3cfb70e661482a4d0d6fe66f9ef2.jpg,0,1,0,0,0,0,0,0
cattle-at-mating-season-2CBWAN3_jpeg.rf.b2c0dcbe83dc61b774ab709ac79cd060.jpg,0,1,0,0,0,0,0,0
1-638-_jpg.rf.efcd4c75abdabd2b7b6d7c567dcfc0ba.jpg,0,1,0,0,0,0,0,0
AdobeStock_222240436_Preview_jpeg.rf.24c70bc5c44748e1831ad08f1e6a78e5.jpg,0,1,0,0,0,0,0,0
wet-teat2-400x284_jpg.rf.2f1fe05d507c0a66839aa3f8f4fc7d4d.jpg,1,0,0,0,0,0,0,0
1-125-_jpg.rf.072222a3a6020762dadfd7c3f11a6a3e.jpg,0,1,0,0,0,0,0,0
2025-01-18-14-20-30-c4dde_jpg.rf.c2c63986bb1584a89c45323f5d925b5e.jpg,0,1,0,0,0,0,0,0
1-88-_jpg.rf.23e5046967d3c5339c2238e7729f0015.jpg,0,1,0,0,0,0,0,0
AdobeStock_382914829_Preview_jpeg.rf.2e033a9d9c18952a17bec40268d4d5ea.jpg,0,1,0,0,0,0,0,0
Chemical-burn-7-e1515283936872-400x284_jpg.rf.1a420f75a324f6ce4fc13979d3ec9f9f.jpg,1,0,0,0,0,0,0,0
hyp3-e1515373586855-1024x864-1-400x284_jpg.rf.c3a94358a7f9b91dcea0612cca8517ec.jpg,1,0,0,0,0,0,0,0
2025-01-18-14-17-38-66a59_jpg.rf.ee63223e73605402a4046aabaa2a7a64.jpg,0,1,0,0,0,0,0,0
1-220-_jpg.rf.45b6a87cd2c08d035f493533095c500b.jpg,0,1,0,0,0,0,0,0
Mastitis-35-_jpg.rf.0b0979f052dfc8f011098f04d9565958.jpg,1,0,0,0,0,0,0,0
udder-6_jpg.rf.f2000b1c6cd6ce59f8b7cf3ed2f90c00.jpg,0,1,0,0,0,0,0,0
AdobeStock_310686148_Preview_jpeg.rf.b270372946668a47ee107f9180acb294.jpg,0,1,0,0,0,0,0,0
Mastitis-61-_jpg.rf.4f9df26fa1e2382914d035dbada266b9.jpg,1,0,0,0,0,0,0,0
2025-01-18-14-20-30-c4dde_jpg.rf.ec611a5369c2c27b54bd42afcdad6798.jpg,0,1,0,0,0,0,0,0
Mastitis-61-_jpg.rf.28c329b7d17ec8086060c618dd0980d9.jpg,1,0,0,0,0,0,0,0
1-638-_jpg.rf.e5c149f00e0c0248c82dbbbf77aede98.jpg,0,1,0,0,0,0,0,0
Mastitis-14-_jpg.rf.1b82b1c91df6e3f3ec01d0915e0ec922.jpg,1,0,0,0,0,0,0,0
hyp23-e1515374144420-1024x787-1-400x284_jpg.rf.e95c7913bdcd6bc0d27aedbe7d747967.jpg,1,0,0,0,0,0,0,0
Mastitis-57-_jpg.rf.cd6e7c18b65ea40d53066455c1883451.jpg,1,0,0,0,0,0,0,0
udder-19_jpg.rf.e4568e2545346c3cd4ee34d4109cfb29.jpg,0,1,0,0,0,0,0,0
Mastitis-9-_jpg.rf.be786e1355f9f2344fe7758493d67ee1.jpg,1,0,0,0,0,0,0,0
AdobeStock_415572885_Preview_jpeg.rf.8684fde2778ef4b3385b916d8f81107b.jpg,0,1,0,0,0,0,0,0
Mastitis-14-_jpg.rf.f38545ce8371d9b1b5a546ac5466d146.jpg,1,0,0,0,0,0,0,0
AdobeStock_111798658_Preview_jpeg.rf.08d16b91ef6ea00ad9d22a0e68921429.jpg,0,1,0,0,0,0,0,0
AdobeStock_346113562_Preview_jpeg.rf.697ca35eee7c8c8d73a6c4a35604e1c8.jpg,0,1,0,0,0,0,0,0
hyp3-e1515373586855-1024x864-1-400x284_jpg.rf.40d33fab710937b9f3a91a94f046471f.jpg,1,0,0,0,0,0,0,0
AdobeStock_217884496_Preview_jpeg.rf.7db24634e214f0a7899139be32649fe0.jpg,0,1,0,0,0,0,0,0
Mastitis-52-_jpg.rf.8d8e459519f18d369624262bab75140c.jpg,1,0,0,0,0,0,0,0
AdobeStock_493193259_Preview_jpeg.rf.187bd0bbd39217dd303473df10e04641.jpg,0,1,0,0,0,0,0,0
1-220-_jpg.rf.fc28c0f5f88e1f9833fd01045e843e30.jpg,0,1,0,0,0,0,0,0
imgs206_jpg.rf.37dd2570f4b97150773016563f71be95.jpg,0,1,0,0,0,0,0,0
normal12-e1515369630614-400x284_jpg.rf.5fdd033161e95499e104cd701239bb94.jpg,0,1,0,0,0,0,0,0
AdobeStock_93804337_Video_HD_Preview_mov-0002_jpg.rf.2505ca01a41c9ef945aba9abaac5cd35.jpg,0,1,0,0,0,0,0,0
Picture9-400x284_jpg.rf.eb93ddad39eaddbaf9333e2b927ce3ce.jpg,1,0,0,0,0,0,0,0
Picture36-400x284_jpg.rf.0fa1a9e5fb7de12fe6f6a014aafbfb53.jpg,1,0,0,0,0,0,0,0
AdobeStock_894010741_Preview_jpeg.rf.f837c7f2a47edb50b2200569fa9c6c7a.jpg,0,1,0,0,0,0,0,0
udder-15_jpg.rf.204c0d5a9f364dee0fdb22d2d361f3f5.jpg,0,1,0,0,0,0,0,0
AdobeStock_310686148_Preview_jpeg.rf.4e2cf7b970c842d8d16c743374d96780.jpg,0,1,0,0,0,0,0,0
chaps-3_1whole-teat_soiled-400x284_png.rf.2481713c35447e21e4239697bb47a6a1.jpg,1,0,0,0,0,0,0,0
AdobeStock_686808903_Preview_jpeg.rf.d31ffbc1d7c3caa4757bd5ad8dd52e3b.jpg,0,1,0,0,0,0,0,0
AdobeStock_93804337_Video_HD_Preview_mov-0020_jpg.rf.6a130f86558a55126e3d3957d824e6c8.jpg,0,1,0,0,0,0,0,0
red13-e1515365056736-735x1024-1-400x284_jpg.rf.22eb4181bc607cac5c27286a96e7e07f.jpg,1,0,0,0,0,0,0,0
dry-skin-1-400x284_jpg.rf.c5b7b21001c4d67b1d439b5c2793ebce.jpg,1,0,0,0,0,0,0,0
1-163-_jpg.rf.f545a702aafc3149f7b7b6c89dc0b836.jpg,0,1,0,0,0,0,0,0
Mastitis-29-_jpg.rf.c7d2cf65686f198d43b0911251edb516.jpg,1,0,0,0,0,0,0,0
2025-01-18-14-31-45-c3b84_jpg.rf.d37f5aef59fd9c6bc849941118fded2a.jpg,0,1,0,0,0,0,0,0
Picture1-400x284_jpg.rf.7415f10400a067e5c71dda812eea0ffd.jpg,1,0,0,0,0,0,0,0
pox1-e1515354008404-400x284_jpg.rf.bbf3253b8a1f295b0217a8ba6e0fe2f9.jpg,1,0,0,0,0,0,0,0
1-711-_jpg.rf.5b3988a42ba07fabd5cd7861ee9b3dbf.jpg,0,1,0,0,0,0,0,0
1-31-_jpg.rf.62dc03e507318b71e6fa14ac9a2f0c36.jpg,0,1,0,0,0,0,0,0
red8-e1515364929848-1024x997-1-400x284_jpg.rf.45543a7294a3fe0189a18bf43ee910b9.jpg,1,0,0,0,0,0,0,0
Mastitis-36-_jpg.rf.b06fe98ab2aff41a1e446ed3df97beef.jpg,1,0,0,0,0,0,0,0
AdobeStock_97991595_Preview_jpeg.rf.8ab7207bfe38904d2aebba7f36305f23.jpg,0,1,0,0,0,0,0,0
Mastitis-17-_jpg.rf.4718ea60ffd5c7eb84e23c6867867830.jpg,1,0,0,0,0,0,0,0
pet-hem3-e1515364562702-400x284_jpg.rf.3a048dac1931f1ba948032bebf7918f0.jpg,1,0,0,0,0,0,0,0
AdobeStock_346074240_Preview_jpeg.rf.aec63460d8aa12293da78097556bff7c.jpg,0,1,0,0,0,0,0,0
2025-01-18-14-23-49-c22dd_jpg.rf.69f820a61379efe41cd56eb41a0bcfa4.jpg,0,1,0,0,0,0,0,0
AdobeStock_49233136_Preview_jpeg.rf.f226f34be4d44439dbf150d8f7ed19c9.jpg,0,1,0,0,0,0,0,0
Picture24-1-400x284_jpg.rf.4c4323cc3c35890dea5edb18278cc941.jpg,1,0,0,0,0,0,0,0
Mastitis-28-_jpg.rf.87b3966291d89746507e8aa638abd27f.jpg,1,0,0,0,0,0,0,0
Picture18-400x284_jpg.rf.f65c6976ce9ec6173758e41ebe36b5ae.jpg,1,0,0,0,0,0,0,0
Mastitis-61-_jpg.rf.c32f1dfeff9f38e9cb5eb63f1f825ede.jpg,1,0,0,0,0,0,0,0
chaps-6_1_mouthpiece-400x284_png.rf.8bf7e51753a91ea5e5d7a28d3d62d4a5.jpg,1,0,0,0,0,0,0,0
2-127-_jpg.rf.89ece4a5addf90ba6566a8e02e6d544a.jpg,0,1,0,0,0,0,0,0
Mastitis-35-_jpg.rf.cb7a9f8c38cc569313ceef9a37b1914d.jpg,1,0,0,0,0,0,0,0
Picture44-1-400x284_jpg.rf.b053611ef2b2832a91d73de9d5ee519a.jpg,1,0,0,0,0,0,0,0
AdobeStock_650846322_Preview_jpeg.rf.83d8b0fed06908a093b03f4cf885326a.jpg,0,1,0,0,0,0,0,0
Picture31-400x284_jpg.rf.6d4c992ff03ebf65a915ba852af09608.jpg,1,0,0,0,0,0,0,0
Mastitis-30-_jpg.rf.cdc57c3e5dc7df2afdbc74f2afde1c68.jpg,1,0,0,0,0,0,0,0
1-108-_jpg.rf.ac9e687a5f391d95fa8ccd1028c9c12b.jpg,0,1,0,0,0,0,0,0
Mastitis-28-_jpg.rf.874de93fdbc8c279f5bd8d2f1aae1d13.jpg,1,0,0,0,0,0,0,0
AdobeStock_65291716_Preview_jpeg.rf.f09e83890dc7d134cdd7ab382e7fa54c.jpg,0,1,0,0,0,0,0,0
Mastitis-14-_jpg.rf.3fedf3cca9b5fef49099451e553616f9.jpg,1,0,0,0,0,0,0,0
1-698-_jpg.rf.740fa9e12df4a7cb008de7b46e4f0c47.jpg,0,1,0,0,0,0,0,0
AdobeStock_894010741_Preview_jpeg.rf.b48e003273703589eb0f30b1900d4a04.jpg,0,1,0,0,0,0,0,0
Chemical-damage-e1515285856612-356x284_jpg.rf.98759b6e763d2782e73947d055eaa34a.jpg,1,0,0,0,0,0,0,0
Mastitis-4-_jpg.rf.40fc9e2448f23fe305e29d808c2f8e79.jpg,1,0,0,0,0,0,0,0
1-597-_jpg.rf.a0492080c047088ead7e3dbcec61f2b5.jpg,0,1,0,0,0,0,0,0
dry-skin-crack2-400x284_jpg.rf.1fa7de7418f4eda0f64ad5e5133b4002.jpg,1,0,0,0,0,0,0,0
AdobeStock_111798658_Preview_jpeg.rf.891413decabc447bf8cb136699b74758.jpg,0,1,0,0,0,0,0,0
Picture21-400x284_jpg.rf.0418d1698f8ff48f285152e6e6ff914d.jpg,1,0,0,0,0,0,0,0
hyp25-1024x683-1-400x284_jpg.rf.8067cc8d894596c80336145346a77917.jpg,1,0,0,0,0,0,0,0
2025-01-18-14-18-22-b95c6_jpg.rf.e710d15415a7d5035eb9e16ee949908d.jpg,0,1,0,0,0,0,0,0
AdobeStock_81533120_Preview_jpeg.rf.e4f14d5c14dcc5f4c4f341e0a922535d.jpg,0,1,0,0,0,0,0,0
AdobeStock_222240436_Preview_jpeg.rf.c188ab50b395a44562053e726ab0827a.jpg,0,1,0,0,0,0,0,0
2025-01-18-14-17-38-66a59_jpg.rf.68f8738bd1fd49c4ce8db15483b498f7.jpg,0,1,0,0,0,0,0,0
Mastitis-42-_jpg.rf.ea97900516035083fc16a6da0cb203bc.jpg,1,0,0,0,0,0,0,0
Mastitis-50-_jpg.rf.a30061b351bacc5e8d88d44943554477.jpg,1,0,0,0,0,0,0,0
Mastitis-13-_jpg.rf.62ecafc465da55f7a3fff043940d4dc3.jpg,1,0,0,0,0,0,0,0
2025-01-18-14-18-57-29908_jpg.rf.f5861e719bf5d788a0d52a3f9fe1285b.jpg,0,1,0,0,0,0,0,0
00000173_jpg.rf.49eb248460fa11f686b72720e999f67f.jpg,0,1,0,0,0,0,0,0
normal5-e1515369559545-400x284_jpg.rf.c5ae9d9c142d489d684ae8406634c45d.jpg,0,1,0,0,0,0,0,0
AdobeStock_93804337_Video_HD_Preview_mov-0013_jpg.rf.def508df648ffecac43c541384bb30de.jpg,0,1,0,0,0,0,0,0
IMG_20250118_144130_jpg.rf.523b4d3bc28ba1738cc1bbe8c2fd7426.jpg,0,1,0,0,0,0,0,0
AdobeStock_93804337_Video_HD_Preview_mov-0000_jpg.rf.12fa2aeabe983d33b9ec8f0eb6a9084c.jpg,0,1,0,0,0,0,0,0
AdobeStock_331856859_Preview_jpeg.rf.6f4e46554612fb7574d06b968b9439bc.jpg,0,1,0,0,0,0,0,0
wet-teat2-400x284_jpg.rf.693485bf5facfeb9d85315cf87aad7e1.jpg,1,0,0,0,0,0,0,0
cattle-at-mating-season-2CBWAN3_jpeg.rf.524d3e5eb489eb5307e464aea67a9f80.jpg,0,1,0,0,0,0,0,0
1-88-_jpg.rf.9c5f967352d6f6d9e7cb32206e24efb2.jpg,0,1,0,0,0,0,0,0
Chemical-burn-7-e1515283936872-400x284_jpg.rf.d1834fd791fb0c474844eb2364bd4677.jpg,1,0,0,0,0,0,0,0
27_jpeg.rf.0b91d8e3c68ec921328eea9e8c24d91c.jpg,1,0,0,0,0,0,0,0
1-680-_jpg.rf.69ef143f7daef3bd95388207568bbe81.jpg,0,1,0,0,0,0,0,0
00000072_jpg.rf.3f176786a5cc4b10191e44f2761b5aec.jpg,0,1,0,0,0,0,0,0
AdobeStock_382914829_Preview_jpeg.rf.f51df6729a5068d7dcfce63c2abdbb4b.jpg,0,1,0,0,0,0,0,0
1-639-_jpg.rf.7681e68327633ed2cd88a8107be394a3.jpg,0,1,0,0,0,0,0,0
Mastitis-14-_jpg.rf.8c38a1527e1bd9ecbe15be3699dfcc3d.jpg,1,0,0,0,0,0,0,0
Mastitis-12-_jpg.rf.93e3091f09c1e41474e0c5954b0dcb9e.jpg,1,0,0,0,0,0,0,0
AdobeStock_377978682_Preview_jpeg.rf.4e6a733927df22d1bebe5bf0f1beb788.jpg,0,1,0,0,0,0,0,0
Large-Ring-2-2-e1515371633565-400x284_jpg.rf.64ecefbe51ecf6870d904b5cb8806743.jpg,1,0,0,0,0,0,0,0
exfol3-400x284_jpg.rf.c7396dee60c1b68d68329b251c9cd84f.jpg,1,0,0,0,0,0,0,0
Picture12-400x284_jpg.rf.515ac35fa655257819bb9e351a2b2143.jpg,1,0,0,0,0,0,0,0
AdobeStock_159261631_Preview_jpeg.rf.2cca93a98347dcfe2df23e27b95e3306.jpg,0,1,0,0,0,0,0,0
1-125-_jpg.rf.9b6ed415cb82ecf1334bab1ee2582cea.jpg,0,1,0,0,0,0,0,0
Mastitis-61-_jpg.rf.5f065dc893f6ed10391cb4acdbd3351a.jpg,1,0,0,0,0,0,0,0
1-96-_jpg.rf.cc229a92d29ab9744d300b02de1c5d51.jpg,0,1,0,0,0,0,0,0
pox4-e1515354347181-400x284_jpg.rf.679ee0b091ae21579d2589087a737b08.jpg,1,0,0,0,0,0,0,0
Picture45-400x284_jpg.rf.f29ce7310f0a11f9a5446b09c905d268.jpg,1,0,0,0,0,0,0,0
AdobeStock_237691723_Preview_jpeg.rf.055e9e623a85a7819deefbfa4604c6bc.jpg,0,1,0,0,0,0,0,0
AdobeStock_493193242_Preview_jpeg.rf.b5093b301e41f05565b4dcb796aca7a6.jpg,0,1,0,0,0,0,0,0
Mastitis-20-_jpg.rf.76636ebd45f752d6f5d590d194a857da.jpg,1,0,0,0,0,0,0,0
AdobeStock_93804337_Video_HD_Preview_mov-0022_jpg.rf.c7d60f87145fd107f8d39d71c8417679.jpg,0,1,0,0,0,0,0,0
Mastitis-27-_jpg.rf.50714a45c58da4e4d102c8eee93b9df5.jpg,1,0,0,0,0,0,0,0
Picture52-400x284_jpg.rf.88987474102119a08ae64c179221d44e.jpg,1,0,0,0,0,0,0,0
bullingcows_jpeg.rf.2a02538be5f21007c56ff0712450382a.jpg,0,1,0,0,0,0,0,0
Mastitis-32-_jpg.rf.4e0eceb2bec6f6acf82901cda828c7df.jpg,1,0,0,0,0,0,0,0
1-672-_jpg.rf.78af130906e744071f6fcd3f86991ace.jpg,0,1,0,0,0,0,0,0
Mastitis-59-_jpg.rf.79a5e8a7b2a5084e5665b9e1d01d946e.jpg,1,0,0,0,0,0,0,0
udder-6_jpg.rf.b6d41a530532d862fd3a78e4dd30cffb.jpg,0,1,0,0,0,0,0,0
AdobeStock_346113562_Preview_jpeg.rf.0582de6ab9c7011e4077c1d440f9478c.jpg,0,1,0,0,0,0,0,0
00000186_jpg.rf.7142ca817c59e4a4bc664c6f88c49ff7.jpg,0,1,0,0,0,0,0,0
imgs206_jpg.rf.92843b1dc5d8fcfaa8d0e3ecadfecb48.jpg,0,1,0,0,0,0,0,0
1-638-_jpg.rf.9a80426cde3156c7d6b1273e3a7b10a5.jpg,0,1,0,0,0,0,0,0
AdobeStock_543199813_Preview_jpeg.rf.691d6192a125c087580999b2ed62c617.jpg,0,1,0,0,0,0,0,0
hyp23-e1515374144420-1024x787-1-400x284_jpg.rf.677da3f3a48db2545277029c41b9252a.jpg,1,0,0,0,0,0,0,0
hyp3-e1515373586855-1024x864-1-400x284_jpg.rf.794432af2b64f9134bfa2e13a1c5c124.jpg,1,0,0,0,0,0,0,0
AdobeStock_217884496_Preview_jpeg.rf.1e6be2bf4634d30df901bb7c5a2d0ca7.jpg,0,1,0,0,0,0,0,0
2025-01-18-14-20-30-c4dde_jpg.rf.24b25c8e54613404d90a14e0ab3ef4e2.jpg,0,1,0,0,0,0,0,0
udder-19_jpg.rf.ee7bef7bc28cf8a3a625176ee5fd7085.jpg,0,1,0,0,0,0,0,0
Mastitis-57-_jpg.rf.f882c82089523e9ee775ae8d199f1f1a.jpg,1,0,0,0,0,0,0,0
AdobeStock_415572885_Preview_jpeg.rf.85776dbc22f2a95977c3dfa9f93c54bb.jpg,0,1,0,0,0,0,0,0
Picture36-400x284_jpg.rf.a33e57f317d071b78ccd1a23addd4574.jpg,1,0,0,0,0,0,0,0
AdobeStock_310686148_Preview_jpeg.rf.0817b903c6e6d010446b7a34eed25097.jpg,0,1,0,0,0,0,0,0
dry-skin-1-400x284_jpg.rf.5117d6d73e5211b65bc28a14fbc99c79.jpg,1,0,0,0,0,0,0,0
1-220-_jpg.rf.90a8e0384b73b3f2304776169b003b0e.jpg,0,1,0,0,0,0,0,0
Mastitis-9-_jpg.rf.31b549627d7520cb68aa567a90dbfa36.jpg,1,0,0,0,0,0,0,0
1-163-_jpg.rf.755a8bdab0302902595a548c52237922.jpg,0,1,0,0,0,0,0,0
red13-e1515365056736-735x1024-1-400x284_jpg.rf.5c11a4926ec575ebc28239b9212cde96.jpg,1,0,0,0,0,0,0,0
chaps-3_1whole-teat_soiled-400x284_png.rf.2011e628bc59996dafddd370681d718b.jpg,1,0,0,0,0,0,0,0
1-711-_jpg.rf.f3c9bd55bd110bba0a2f111f0d236f80.jpg,0,1,0,0,0,0,0,0
AdobeStock_93804337_Video_HD_Preview_mov-0020_jpg.rf.0f780996efc90a1a94c08bab91207c96.jpg,0,1,0,0,0,0,0,0
IMG_20250118_144025_jpg.rf.0dc46a4b5e640461c5aa4ba199bbe167.jpg,1,0,0,0,0,0,0,0
hyp22-e1515374029867-1024x742-1-400x284_jpg.rf.6c867ddabf87631613051343008582cc.jpg,1,0,0,0,0,0,0,0
AdobeStock_49233136_Preview_jpeg.rf.e361f20d5e604617d9b43f635687fa32.jpg,0,1,0,0,0,0,0,0
udder-15_jpg.rf.c9fddf803ebfd7ea25dd05e4402dc41e.jpg,0,1,0,0,0,0,0,0
hyp25-1024x683-1-400x284_jpg.rf.7ea3c2df12d6d04be8d14c7403fb1754.jpg,1,0,0,0,0,0,0,0
1-698-_jpg.rf.60279323741988d6fdea76d545cf24cb.jpg,0,1,0,0,0,0,0,0
Picture9-400x284_jpg.rf.fe42a2e9c608927291ef52f423434954.jpg,1,0,0,0,0,0,0,0
chaps-6_1_mouthpiece-400x284_png.rf.c9985afd61c2cedbdf6d3a45d458216b.jpg,1,0,0,0,0,0,0,0
AdobeStock_93804337_Video_HD_Preview_mov-0002_jpg.rf.e3e6e7aea432e7a0c445f81ad5f4315f.jpg,0,1,0,0,0,0,0,0
AdobeStock_391273292_Preview_jpeg.rf.682122a82d13ac0dfc3fed4e02ad3fb2.jpg,0,1,0,0,0,0,0,0
Mastitis-28-_jpg.rf.c4088983984074d9d137ce2cae7df18a.jpg,1,0,0,0,0,0,0,0
Mastitis-36-_jpg.rf.9170b20e79a8bad1182dd03718661585.jpg,1,0,0,0,0,0,0,0
images-1-_jpeg.rf.929cd76d1554c89ecb4d08dd157eec50.jpg,0,1,0,0,0,0,0,0
Mastitis-61-_jpg.rf.4d43bd811b886d16a03e933dc7fc7f75.jpg,1,0,0,0,0,0,0,0
1-597-_jpg.rf.11cbdcdcf9d60aa0078f11412fff7d55.jpg,0,1,0,0,0,0,0,0
Mastitis-35-_jpg.rf.930c140ac26ba5a50512954a607d5251.jpg,1,0,0,0,0,0,0,0
Mastitis-14-_jpg.rf.431373d8b27eb38f677d93ad91086811.jpg,1,0,0,0,0,0,0,0
normal12-e1515369630614-400x284_jpg.rf.f06c556a2c985af83b2797772236bf12.jpg,0,1,0,0,0,0,0,0
AdobeStock_222240436_Preview_jpeg.rf.e0271fe022c0c0fe8753d834797596fc.jpg,0,1,0,0,0,0,0,0
dry-skin-crack2-400x284_jpg.rf.20c4f3e4fc91398dc7cc0f9a15572bc0.jpg,1,0,0,0,0,0,0,0
AdobeStock_346074240_Preview_jpeg.rf.60d3ad8db3026d1014a0bc0f6c67dd46.jpg,0,1,0,0,0,0,0,0
AdobeStock_894010741_Preview_jpeg.rf.d4afbbef84b4b7087c29cdfc32ef006b.jpg,0,1,0,0,0,0,0,0
red8-e1515364929848-1024x997-1-400x284_jpg.rf.ae47db8f4f7c58887290d149ee90405b.jpg,1,0,0,0,0,0,0,0
AdobeStock_111798658_Preview_jpeg.rf.45a9ae4f5ecf655b9fcecd86e8ff0dd4.jpg,0,1,0,0,0,0,0,0
normal5-e1515369559545-400x284_jpg.rf.bbb8bef689c75f3b3fdb4674d488b5c9.jpg,0,1,0,0,0,0,0,0
2025-01-18-14-23-49-c22dd_jpg.rf.bf0047d345def7c60dc4cba487d8273c.jpg,0,1,0,0,0,0,0,0
Mastitis-42-_jpg.rf.3768b36641925802a444286c6055be6a.jpg,1,0,0,0,0,0,0,0
2-127-_jpg.rf.1449ab8a22b33b524f69b42705a536ba.jpg,0,1,0,0,0,0,0,0
1-108-_jpg.rf.5fe526b1af5def8ca26afff706025072.jpg,0,1,0,0,0,0,0,0
2025-01-18-14-17-38-66a59_jpg.rf.667ec0cc0e875a8dce2858615e00ceb6.jpg,0,1,0,0,0,0,0,0
Mastitis-45-_jpg.rf.f664c4abc589cb9d18ec8f75aca454e9.jpg,1,0,0,0,0,0,0,0
00000173_jpg.rf.2ed406e1c71ea1c06e8573f884e4be0d.jpg,0,1,0,0,0,0,0,0
1-24-_jpg.rf.aa5901e12fca5752020cd53c584aa7d6.jpg,0,1,0,0,0,0,0,0
Picture24-1-400x284_jpg.rf.0c625f41f58bd6771b6d875f2111c6ca.jpg,1,0,0,0,0,0,0,0
Large-Ring-1-1-e1515371355481-400x284_jpg.rf.9b88a82c248d1fef83b732ca95701cb0.jpg,1,0,0,0,0,0,0,0
ring16-e1515291521268-400x284_jpg.rf.5070ad45e56aeb6bd3319327ff6359fc.jpg,1,0,0,0,0,0,0,0
Mastitis-17-_jpg.rf.f6bee3a3c09e7bc7104e49a768dfbd4e.jpg,1,0,0,0,0,0,0,0
Mastitis-50-_jpg.rf.7ec9ff2d4a183fa64856911265ccfe6c.jpg,1,0,0,0,0,0,0,0
AdobeStock_93804337_Video_HD_Preview_mov-0013_jpg.rf.4ed684040f3b3accb74e86b511da1a76.jpg,0,1,0,0,0,0,0,0
Picture44-1-400x284_jpg.rf.b75b00ed4d5f7201117979d014363805.jpg,1,0,0,0,0,0,0,0
AdobeStock_120372303_Preview_jpeg.rf.21447a9bace0726ae8554a1a4b3674a1.jpg,0,1,0,0,0,0,0,0
2025-01-18-14-18-22-b95c6_jpg.rf.f2670df450ef992ec9456b88eaf0370a.jpg,0,1,0,0,0,0,0,0
udder-6_jpg.rf.09fc684de311ed660c2d4d870d6a9d37.jpg,0,1,0,0,0,0,0,0
2025-01-18-14-18-57-29908_jpg.rf.d94bafd6cb7c7b217d54d825d9e4764d.jpg,0,1,0,0,0,0,0,0
Mastitis-13-_jpg.rf.607710c950a2ba2eebab4907b14fd4fb.jpg,1,0,0,0,0,0,0,0
Mastitis-28-_jpg.rf.8522fec82838c0cff2396f73c3cdfaff.jpg,1,0,0,0,0,0,0,0
AdobeStock_93804337_Video_HD_Preview_mov-0000_jpg.rf.4e67e93d5f286234ec6749d63f617e5b.jpg,0,1,0,0,0,0,0,0
Picture21-400x284_jpg.rf.3f2f7d793b96591e1fa03fa08266bb40.jpg,1,0,0,0,0,0,0,0
Chemical-damage-e1515285856612-356x284_jpg.rf.a49cf0974e23aeff755c629cc091390c.jpg,1,0,0,0,0,0,0,0
Picture31-400x284_jpg.rf.be688eabc5cc85ab7bb6dac7862d65d6.jpg,1,0,0,0,0,0,0,0
Picture18-400x284_jpg.rf.c88a6c7bb0fa75e18963292834f33ac7.jpg,1,0,0,0,0,0,0,0
AdobeStock_650846322_Preview_jpeg.rf.4db4fe1b3bb35c513e9b35f916f42704.jpg,0,1,0,0,0,0,0,0
Mastitis-4-_jpg.rf.4ca528a53a8e4393c93aa2830b32fc00.jpg,1,0,0,0,0,0,0,0
AdobeStock_81533120_Preview_jpeg.rf.76cf7597a7cdf211296c384bcaffccd0.jpg,0,1,0,0,0,0,0,0
Mastitis-27-_jpg.rf.cf7837ae03010752c744f743d481dc5f.jpg,1,0,0,0,0,0,0,0
Mastitis-58-_jpg.rf.cdf75979ab0cac9407eff6dce27292c3.jpg,1,0,0,0,0,0,0,0
Mastitis-30-_jpg.rf.27c46e11cb383e4c54326ac2b2132c8f.jpg,1,0,0,0,0,0,0,0
Mastitis-59-_jpg.rf.16b0422c05e29bcb9db4421737d500b2.jpg,1,0,0,0,0,0,0,0
Chemcial-burn-e1515283477137-400x284_jpg.rf.e3ff7ee16844ee93b012547d287a8a63.jpg,1,0,0,0,0,0,0,0
1-96-_jpg.rf.0dc94bf3591e4fb54e6ffbc9eb033a6b.jpg,0,1,0,0,0,0,0,0
2025-01-18-14-28-33-1fe12_jpg.rf.81015956cc1c1dbb26591cd3c2a521cf.jpg,0,1,0,0,0,0,0,0
Mastitis-32-_jpg.rf.b8e80498906ea0fdbf61a4e6210ee93c.jpg,1,0,0,0,0,0,0,0
Mastitis-12-_jpg.rf.8c8c5314dfd3e80fd811d965000d4c8c.jpg,1,0,0,0,0,0,0,0
AdobeStock_65291716_Preview_jpeg.rf.e65f479613e716655ace4bc7503541dd.jpg,0,1,0,0,0,0,0,0
Mastitis-61-_jpg.rf.efa9cb7a64a4e1a952c37807e99d72e6.jpg,1,0,0,0,0,0,0,0
Picture42-1-400x284_jpg.rf.9ca237c9d333c1302bafb96c42e3d284.jpg,1,0,0,0,0,0,0,0
bullingcows_jpeg.rf.331efaa44b7875633e261a1b8d7fbb82.jpg,0,1,0,0,0,0,0,0
IMG_20250118_144130_jpg.rf.19b75754892cf1aa1f0d608698ce341d.jpg,0,1,0,0,0,0,0,0
AdobeStock_543199813_Preview_jpeg.rf.7e97a2b9f070dfbf9081b95b2babddc7.jpg,0,1,0,0,0,0,0,0
AdobeStock_237691723_Preview_jpeg.rf.933e2aa014f00a589465866924f4b0c7.jpg,0,1,0,0,0,0,0,0
27_jpeg.rf.643676eb1f3290b42983c439d322f14d.jpg,1,0,0,0,0,0,0,0
1-125-_jpg.rf.74a8a26e3a1ed655c7579c173ffb9a85.jpg,0,1,0,0,0,0,0,0
00000072_jpg.rf.107c2abd511a2d9c77e1ba02d9bce718.jpg,0,1,0,0,0,0,0,0
hyp20-e1515373975164-1024x749-1-400x284_jpg.rf.612d5042e8571219f5757c2d568e8609.jpg,1,0,0,0,0,0,0,0
AdobeStock_377978682_Preview_jpeg.rf.2fd2cc6cf0ae499045e9d5134577a56c.jpg,0,1,0,0,0,0,0,0
00000186_jpg.rf.5fd2f34088da31d199cd25a9e25de184.jpg,0,1,0,0,0,0,0,0
AdobeStock_548951617_Preview_jpeg.rf.63bbb3aee4d3ffb6ffedfd713448307f.jpg,0,1,0,0,0,0,0,0
1-680-_jpg.rf.fc7ce0111bf16b9c7577aa1d61d870c8.jpg,0,1,0,0,0,0,0,0
AdobeStock_331856859_Preview_jpeg.rf.64b5d54477a12c014cfe1ceeecb5c230.jpg,0,1,0,0,0,0,0,0
Picture45-400x284_jpg.rf.c3bd74467d7ebc473fa5095c35556f90.jpg,1,0,0,0,0,0,0,0
Mastitis-9-_jpg.rf.b4360663e3f58f36e40deaf4a32e4f4f.jpg,1,0,0,0,0,0,0,0
1-1069-_jpg.rf.f5a3e6740757fcbdb645bfeab8999028.jpg,0,1,0,0,0,0,0,0
AdobeStock_93804337_Video_HD_Preview_mov-0026_jpg.rf.df8cd4de050190749f4586da460f57e1.jpg,0,1,0,0,0,0,0,0
wet-teat2-400x284_jpg.rf.452920fd19e9f03f075256811fdfd16d.jpg,1,0,0,0,0,0,0,0
Picture12-400x284_jpg.rf.271caf509fb1d80d4afbb9e33267c3d3.jpg,1,0,0,0,0,0,0,0
normal1-e1515368903681-400x284_jpg.rf.b897bb6db2428e20f0502f9991f5e49f.jpg,0,1,0,0,0,0,0,0
Mastitis-12-_jpg.rf.19d58028e9d8d3083cd7ed4855571363.jpg,1,0,0,0,0,0,0,0
cattle-at-mating-season-2CBWAN3_jpeg.rf.d02c522307041fb272bc5d12f71f6357.jpg,0,1,0,0,0,0,0,0
Picture1-400x284_jpg.rf.709b70db7c7f61b6335c263711e24f78.jpg,1,0,0,0,0,0,0,0
AdobeStock_433594014_Preview_jpeg.rf.60c50de3137b565b99a0cd613c312d1c.jpg,0,1,0,0,0,0,0,0
001_30_IMG_gro174291-009-848x565_jpg.rf.71d15d07be36499e3a3ff9b27836405a.jpg,1,0,0,0,0,0,0,0
Mastitis-20-_jpg.rf.a18be42c00e28152b1e57f51143fd583.jpg,1,0,0,0,0,0,0,0
Mastitis-33-_jpg.rf.d85a58d5bfe6fa2008b01bb243e11c68.jpg,1,0,0,0,0,0,0,0
1-639-_jpg.rf.ffd677f9063bb89886bb3eab1c8ddead.jpg,0,1,0,0,0,0,0,0
udder-9_jpg.rf.bd8f9e014f7e931b64dbd5deb2164cd5.jpg,0,1,0,0,0,0,0,0
Picture28-400x284_jpg.rf.dcd41b73d360167af353b7535b7d31d0.jpg,1,0,0,0,0,0,0,0
AdobeStock_93804337_Video_HD_Preview_mov-0022_jpg.rf.5432572e810265a5e49cd365682ff0a8.jpg,0,1,0,0,0,0,0,0
Chemical-burn-7-e1515283936872-400x284_jpg.rf.042741d1c7816d952926757f60deebb6.jpg,1,0,0,0,0,0,0,0
AdobeStock_159261631_Preview_jpeg.rf.59510172ee78b035e0879226d5e78ae7.jpg,0,1,0,0,0,0,0,0
AdobeStock_493193242_Preview_jpeg.rf.781fdf19e088e5908c7ff86ad238da4b.jpg,0,1,0,0,0,0,0,0
1-88-_jpg.rf.1b8bc5b99efab9c1f143e7c561f3889f.jpg,0,1,0,0,0,0,0,0
AdobeStock_382914829_Preview_jpeg.rf.13f65565ea4f2082dcf02a43dbce64d9.jpg,0,1,0,0,0,0,0,0
Mastitis-14-_jpg.rf.2b09da715ffc9c518b41009f6e7c20b4.jpg,1,0,0,0,0,0,0,0
AdobeStock_686808903_Preview_jpeg.rf.88e7b13f9fb6de3250c6a6ce5e289f59.jpg,0,1,0,0,0,0,0,0
exfol3-400x284_jpg.rf.e49fb032b89fada94de8a2062b36e162.jpg,1,0,0,0,0,0,0,0
1-672-_jpg.rf.0ae17addae883dd026cfddbc2338630f.jpg,0,1,0,0,0,0,0,0
Picture36-400x284_jpg.rf.5abdf2d0141acf321c387da6105724da.jpg,1,0,0,0,0,0,0,0
Mastitis-45-_jpg.rf.0bf1c248c715375183459343c9da5175.jpg,1,0,0,0,0,0,0,0
Picture52-400x284_jpg.rf.519a4b8ba3edaa649a681511584382b6.jpg,1,0,0,0,0,0,0,0
1-31-_jpg.rf.53cb32c882f6727a8dc721eddb2b3fa5.jpg,0,1,0,0,0,0,0,0
Mastitis-52-_jpg.rf.4a4631d9563c28b6724fface2d9bc21e.jpg,1,0,0,0,0,0,0,0
pox4-e1515354347181-400x284_jpg.rf.d1ab16f3ea5b89297c35666802ba50e7.jpg,1,0,0,0,0,0,0,0
AdobeStock_97991595_Preview_jpeg.rf.19f4d0f36e96bc7bb2ad41f3de877032.jpg,0,1,0,0,0,0,0,0
Mastitis-43-_jpg.rf.c3beca6e979db3cf3df965ca44fe68b8.jpg,1,0,0,0,0,0,0,0
pox1-e1515354008404-400x284_jpg.rf.b360a42c19fafc1f4f8eaf71cc32a293.jpg,1,0,0,0,0,0,0,0
Mastitis-29-_jpg.rf.f343e4e879d577e2ea429350fe479ed1.jpg,1,0,0,0,0,0,0,0
AdobeStock_493193259_Preview_jpeg.rf.08c2cb82b7121fd00bafd4d43609cbbf.jpg,0,1,0,0,0,0,0,0
udder-15_jpg.rf.d95b09ad361e6dec3a6a17add53108a6.jpg,0,1,0,0,0,0,0,0
Mastitis-36-_jpg.rf.1dc75a34f368dae13c5379e9a9575131.jpg,1,0,0,0,0,0,0,0
dry-skin-1-400x284_jpg.rf.ac24cf9360d5e57c0478a9b1f93fce17.jpg,1,0,0,0,0,0,0,0
1-642-_jpg.rf.52d049550e74a19d7d1d1836ccf6eae3.jpg,0,1,0,0,0,0,0,0
Large-Ring-2-2-e1515371633565-400x284_jpg.rf.aed0c05e37209bb2acf24c2eb633b73d.jpg,1,0,0,0,0,0,0,0
Mastitis-20-_jpg.rf.5813f856934db3d0ffccfc54af09514a.jpg,1,0,0,0,0,0,0,0
2025-01-18-14-31-45-c3b84_jpg.rf.5aae59ede44253b0b1fb00b36edca24b.jpg,0,1,0,0,0,0,0,0
AdobeStock_93804337_Video_HD_Preview_mov-0020_jpg.rf.03da843bf5f4c1eae81a24a2d3666add.jpg,0,1,0,0,0,0,0,0
2025-01-18-14-23-49-c22dd_jpg.rf.e6389b948b55a83bfc9dbecb94e98a0d.jpg,0,1,0,0,0,0,0,0
IMG_20250118_144025_jpg.rf.c04cbba02c3be346dbbb1ee346116a80.jpg,1,0,0,0,0,0,0,0
Mastitis-28-_jpg.rf.9318cbe5cc21694b4c073da3f7a1925a.jpg,1,0,0,0,0,0,0,0
images-1-_jpeg.rf.22fe51fe4d2edf60ee0f2ac11d1f0e90.jpg,0,1,0,0,0,0,0,0
AdobeStock_556562712_Video_HD_Preview_mov-0005_jpg.rf.64affc88ee9ceaedec8fafca2b36e16e.jpg,0,1,0,0,0,0,0,0
pet-hem3-e1515364562702-400x284_jpg.rf.338a25533a693301b6768072d1dc5109.jpg,1,0,0,0,0,0,0,0
AdobeStock_391273292_Preview_jpeg.rf.a10789ad17624981f59c8000302cc11d.jpg,0,1,0,0,0,0,0,0
AdobeStock_386516879_Preview_jpeg.rf.448572fb60471059f6c7c3303800cf39.jpg,0,1,0,0,0,0,0,0
Picture9-400x284_jpg.rf.5ffb498e6183dc9de6b01d452832d247.jpg,1,0,0,0,0,0,0,0
Mastitis-45-_jpg.rf.5325dd53b22307a142a812eac016b0a4.jpg,1,0,0,0,0,0,0,0
AdobeStock_93804337_Video_HD_Preview_mov-0002_jpg.rf.b0ce15da8cc1f2a9ffd16da2c909b3b8.jpg,0,1,0,0,0,0,0,0
red13-e1515365056736-735x1024-1-400x284_jpg.rf.fceb798679d672d5e2271dbdd567d6b1.jpg,1,0,0,0,0,0,0,0
chaps-3_1whole-teat_soiled-400x284_png.rf.83356a09008824c7729d727d849718c3.jpg,1,0,0,0,0,0,0,0
1-674-_jpg.rf.f76b3df0096add6204e895b1e706b5bd.jpg,0,1,0,0,0,0,0,0
red8-e1515364929848-1024x997-1-400x284_jpg.rf.e67746912a99149bf19b87b257f34ff8.jpg,1,0,0,0,0,0,0,0
1-24-_jpg.rf.13bf0cfb2c5b053c6fd9f3cb86b3df86.jpg,0,1,0,0,0,0,0,0
AdobeStock_49233136_Preview_jpeg.rf.213db9e137ad01b03f28460e81205ebf.jpg,0,1,0,0,0,0,0,0
normal12-e1515369630614-400x284_jpg.rf.a1ae736b73f555470d0e670f01d532b3.jpg,0,1,0,0,0,0,0,0
Large-Ring-1-1-e1515371355481-400x284_jpg.rf.cb87ba74e30701af3a2675a61bc6b412.jpg,1,0,0,0,0,0,0,0
chaps-6_1_mouthpiece-400x284_png.rf.3f7437c88bfa1f8d2f0a08df7b933b52.jpg,1,0,0,0,0,0,0,0
1-711-_jpg.rf.d49ea25bfa94b4ad57b9b6718068b3c1.jpg,0,1,0,0,0,0,0,0
hyp22-e1515374029867-1024x742-1-400x284_jpg.rf.db084fa21be27fbcf4d53fab984436c6.jpg,1,0,0,0,0,0,0,0
1-163-_jpg.rf.ca3cb1cf190e9de0e0724184e836f95a.jpg,0,1,0,0,0,0,0,0
1-108-_jpg.rf.9561f6c76806581ba9cf390e24547826.jpg,0,1,0,0,0,0,0,0
Smooth-2-2-e1515372371349-400x284_jpg.rf.7d3a04f2d5926169e0b92e2051e82a55.jpg,1,0,0,0,0,0,0,0
00000044_jpg.rf.7e17423f1b7e0e552c7d8cbcfff652a4.jpg,0,1,0,0,0,0,0,0
Mastitis-30-_jpg.rf.e68b8bb2d3cc04a87be8ff4366e3cffc.jpg,1,0,0,0,0,0,0,0
AdobeStock_346074240_Preview_jpeg.rf.a247f02d021c8048e5181551564d6c41.jpg,0,1,0,0,0,0,0,0
Mastitis-10-_jpg.rf.91ac6821a0144537c0fa300e8d2027e1.jpg,1,0,0,0,0,0,0,0
ring16-e1515291521268-400x284_jpg.rf.a862b2179f41845070f70d91355d5920.jpg,1,0,0,0,0,0,0,0
Mastitis-52-_jpg.rf.fd9cd6248100c27e3e956e3043f07aab.jpg,1,0,0,0,0,0,0,0
dry-skin-crack2-400x284_jpg.rf.d572a8160b8050403916536649cb912a.jpg,1,0,0,0,0,0,0,0
AdobeStock_480163971_Preview_jpeg.rf.df6c464b450af2bfa5598247f374dc1e.jpg,0,1,0,0,0,0,0,0
AdobeStock_120372303_Preview_jpeg.rf.a9324dade02bd20c814d844349d6f9ac.jpg,0,1,0,0,0,0,0,0
Picture44-1-400x284_jpg.rf.94d2403b324677bdcd2e5dc530e07ee8.jpg,1,0,0,0,0,0,0,0
Mastitis-4-_jpg.rf.260447d6c5bd443e278c11b53b0701de.jpg,1,0,0,0,0,0,0,0
udder-18_jpg.rf.a3d33d2214cc1fda3958989c3b64be60.jpg,0,1,0,0,0,0,0,0
AdobeStock_144842083_Preview_jpeg.rf.fdcd4bac2be3fc48eadd67711c2215aa.jpg,0,1,0,0,0,0,0,0
Chemical-damage-e1515285856612-356x284_jpg.rf.8404a9b95bec3dace3f5437f8315b60a.jpg,1,0,0,0,0,0,0,0
2025-01-18-14-18-22-b95c6_jpg.rf.b5b5eb5143ead09d0f92ec2b9907fd0f.jpg,0,1,0,0,0,0,0,0
Picture21-400x284_jpg.rf.880f40384ffd74ad4f3409ca546d2595.jpg,1,0,0,0,0,0,0,0
2025-01-18-14-31-45-c3b84_jpg.rf.292a38407782e218f6031afa4a89d97c.jpg,0,1,0,0,0,0,0,0
Mastitis-58-_jpg.rf.a2f8b944f8b858818d59dc7792afd125.jpg,1,0,0,0,0,0,0,0
2025-01-18-14-28-33-1fe12_jpg.rf.7b2495068885e45665c151d79bb4fb19.jpg,0,1,0,0,0,0,0,0
1-597-_jpg.rf.f68fd5c819665f668c28b2d9199eb5e7.jpg,0,1,0,0,0,0,0,0
AdobeStock_217884496_Preview_jpeg.rf.56c9f2e83fb37fc1181fee425b5debf6.jpg,0,1,0,0,0,0,0,0
Mastitis-28-_jpg.rf.0f6781196b5910c74173cd990da6953d.jpg,1,0,0,0,0,0,0,0
Mastitis-13-_jpg.rf.048dcb773e06b11296e04e9cc9020947.jpg,1,0,0,0,0,0,0,0
Chemcial-burn-e1515283477137-400x284_jpg.rf.c367575d50c5c0466491fad4075f2e52.jpg,1,0,0,0,0,0,0,0
IMG_20250118_144130_jpg.rf.4a5af00ebbb992a8a748ec146d7584bd.jpg,0,1,0,0,0,0,0,0
Mastitis-47-_jpg.rf.75d42a34d6c116fa3bb989026f9437e0.jpg,1,0,0,0,0,0,0,0
Mastitis-29-_jpg.rf.86c1edf0f0bf2b479c30d8a69cd973f0.jpg,1,0,0,0,0,0,0,0
Picture1-400x284_jpg.rf.c5693ab0cbb8651a0a11a8021e13955f.jpg,1,0,0,0,0,0,0,0
1-31-_jpg.rf.55b78e0211285519d2cd452be889cc74.jpg,0,1,0,0,0,0,0,0
pet-hem3-e1515364562702-400x284_jpg.rf.ec6a5304f7ea9fb157523fba90fd43d3.jpg,1,0,0,0,0,0,0,0
AdobeStock_650846322_Preview_jpeg.rf.12f7fc3f45617435f7c3dce84baaf6d8.jpg,0,1,0,0,0,0,0,0
AdobeStock_686808903_Preview_jpeg.rf.739a4d298a46bd1f3203bfbbef1928b3.jpg,0,1,0,0,0,0,0,0
AdobeStock_493193259_Preview_jpeg.rf.7e3e716c7dcd622cbdcc839a18ab79c4.jpg,0,1,0,0,0,0,0,0
pox1-e1515354008404-400x284_jpg.rf.d284691ea14d39b78f6a8521d48ecc18.jpg,1,0,0,0,0,0,0,0
00000143_jpg.rf.be3c250deedb1225619f5bbac1f62112.jpg,0,1,0,0,0,0,0,0
Mastitis-33-_jpg.rf.d48bf8c39deb58c4266085ec5c4e12d6.jpg,1,0,0,0,0,0,0,0
AdobeStock_65291716_Preview_jpeg.rf.f0c5fcc6ce4ed6be3dcba39d1ada5972.jpg,0,1,0,0,0,0,0,0
AdobeStock_331856859_Preview_jpeg.rf.e5da40bf1b98939b2c9a944378f8f831.jpg,0,1,0,0,0,0,0,0
AdobeStock_377978682_Preview_jpeg.rf.b334085f15b277c527aed4e6e327d1ee.jpg,0,1,0,0,0,0,0,0
AdobeStock_81533120_Preview_jpeg.rf.f351cd5d6d4de72e8e4810f59f8533ac.jpg,0,1,0,0,0,0,0,0
27_jpeg.rf.b76b6832f346ade5403ca36a68e6c4eb.jpg,1,0,0,0,0,0,0,0
AdobeStock_97991595_Preview_jpeg.rf.6105d4bbb127a03cc1caf63a7e4b26a6.jpg,0,1,0,0,0,0,0,0
AdobeStock_237691723_Preview_jpeg.rf.e700222765e084d071ef3cb5b6d519e2.jpg,0,1,0,0,0,0,0,0
hyp20-e1515373975164-1024x749-1-400x284_jpg.rf.939bc0f3c6a6a30018444978f4b7e68e.jpg,1,0,0,0,0,0,0,0
AdobeStock_69320056_Preview_jpeg.rf.c6bc0f113c7ff5c1d9709fe14118e6de.jpg,0,1,0,0,0,0,0,0
Picture45-400x284_jpg.rf.1616768997eeb0218eecc3cf9565565b.jpg,1,0,0,0,0,0,0,0
Picture19-400x284_jpg.rf.7ff5bfb8c4b5b9798e6ae414142ce01f.jpg,1,0,0,0,0,0,0,0
1-642-_jpg.rf.537e21377c3cf013dd736953b19e7fad.jpg,0,1,0,0,0,0,0,0
1-1069-_jpg.rf.08d06923bba44f60030ae167a8f5f65c.jpg,0,1,0,0,0,0,0,0
chemical-burn2-e1515284193990-400x284_jpg.rf.0c9caf78419764f000e15d89878f4d0b.jpg,1,0,0,0,0,0,0,0
Picture31-400x284_jpg.rf.a24539fb37a7f3dee65ffd646329e7e1.jpg,1,0,0,0,0,0,0,0
AdobeStock_93804337_Video_HD_Preview_mov-0026_jpg.rf.ecad070b239cec7f7ca394c70cc2523e.jpg,0,1,0,0,0,0,0,0
AdobeStock_333517445_Preview_jpeg.rf.3268683696f6648beac74a525bb04731.jpg,0,1,0,0,0,0,0,0
normal1-e1515368903681-400x284_jpg.rf.81c1db344439f73bb3cd99e2dd5aec43.jpg,0,1,0,0,0,0,0,0
Picture28-400x284_jpg.rf.a1cf7671e0e610f69f1c097d2cfab43f.jpg,1,0,0,0,0,0,0,0
AdobeStock_433594014_Preview_jpeg.rf.ff0c3cf890deab3b588512400edf646c.jpg,0,1,0,0,0,0,0,0
00000072_jpg.rf.aef447cdf0ad8bb33ab1ae8cfd7d37f6.jpg,0,1,0,0,0,0,0,0
1-680-_jpg.rf.b49f6b3ca20cfff25c0ac8aa0b7d4f86.jpg,0,1,0,0,0,0,0,0
1-750-_jpg.rf.b4c9c36f857fe418f2af967f474f0965.jpg,0,1,0,0,0,0,0,0
AdobeStock_556562712_Video_HD_Preview_mov-0005_jpg.rf.4576bdfad08aea67f34440f43bff0dde.jpg,0,1,0,0,0,0,0,0
1-748-_jpg.rf.70f3135d763e3a94e8592661495f7029.jpg,0,1,0,0,0,0,0,0
2025-01-18-14-30-34-a6934_jpg.rf.1919e0185e44bdfcbec1e78da1c6eab4.jpg,0,1,0,0,0,0,0,0
hyp14-e1515373846770-1024x925-1-400x284_jpg.rf.998ea62c7127d3e45d50f618477ab02a.jpg,1,0,0,0,0,0,0,0
Mastitis-26-_jpg.rf.8765af973d4fcb26dd3f508ed44354d4.jpg,1,0,0,0,0,0,0,0
00000143_jpg.rf.8bd4252929d91f716a4e725a779806bd.jpg,0,1,0,0,0,0,0,0
AdobeStock_93804337_Video_HD_Preview_mov-0027_jpg.rf.5ba72d3299cdd7722a524fd9db54bc56.jpg,0,1,0,0,0,0,0,0
AdobeStock_209690081_Preview_jpeg.rf.17928e955b7ce4928dc99baad30e96e9.jpg,0,1,0,0,0,0,0,0
AdobeStock_16321284_Preview_jpeg.rf.f09df10a189ae6029a623e73c472c6b5.jpg,0,1,0,0,0,0,0,0
00000056_jpg.rf.f5faac90d2e63f89975bffb183c9344e.jpg,0,1,0,0,0,0,0,0
AdobeStock_26134944_Preview_jpeg.rf.266b722e800bd4d566271be30aeb4965.jpg,0,1,0,0,0,0,0,0
Mastitis-67-_jpg.rf.3e40a83f24e6bbf844f8049572464a1f.jpg,1,0,0,0,0,0,0,0
Smooth-2-2-e1515372371349-400x284_jpg.rf.47c3502399ccfa79781b14ed68a94277.jpg,1,0,0,0,0,0,0,0
Mastitis-34-_jpg.rf.799eff8edc9ace3d3db911900b02c25d.jpg,1,0,0,0,0,0,0,0
Mastitis-42-_jpg.rf.da80c5451031b4db9716bfd396710d33.jpg,1,0,0,0,0,0,0,0
Mastitis-17-_jpg.rf.4235a31c68092fc266c20b006c7be35c.jpg,1,0,0,0,0,0,0,0
Mastitis-10-_jpg.rf.e0420f6726bd41b835a8e57996afd104.jpg,1,0,0,0,0,0,0,0
AdobeStock_122288568_Preview_jpeg.rf.38db7c10e71a90b29b59f0f4cf7cc303.jpg,0,1,0,0,0,0,0,0
1-725-_jpg.rf.ec71d13f323ae6adbdfe06ec0e24d700.jpg,0,1,0,0,0,0,0,0
Mastitis-57-_jpg.rf.a2c30d4bda99753cd76b02ab2c4e4bfb.jpg,1,0,0,0,0,0,0,0
1-691-_jpg.rf.db9fb9e0fe5075d33cb7935d99c80c44.jpg,0,1,0,0,0,0,0,0
AdobeStock_386516856_Preview_jpeg.rf.1d7b50a0b60cd31c94f4e2c672ec4cbd.jpg,0,1,0,0,0,0,0,0
hyp11-e1515373777349-1024x851-1-400x284_jpg.rf.5f639047a462c87fad5f775488d752ae.jpg,1,0,0,0,0,0,0,0
AdobeStock_1079359064_Preview_jpeg.rf.74f3a368d8348be8113ff188b0e58b0a.jpg,0,1,0,0,0,0,0,0
ring11-400x284_jpg.rf.4fe0461a8ab849501014b5084d3ba62e.jpg,1,0,0,0,0,0,0,0
1-10-_jpg.rf.8ba7477c4d95a98e2e5e81f91684f1e1.jpg,0,1,0,0,0,0,0,0
AdobeStock_34851355_Preview_jpeg.rf.69b0d8507804f1d73f62f8223f63d96d.jpg,0,1,0,0,0,0,0,0
Mastitis-14-_jpg.rf.c2df419deb0c1e4f458c06604e645555.jpg,1,0,0,0,0,0,0,0
Picture34-400x284_jpg.rf.3b6f7920472ccc52ff35b097628fac4c.jpg,1,0,0,0,0,0,0,0
udder-16_jpg.rf.30bd9c3a52d8f8553524f3330bf97798.jpg,0,1,0,0,0,0,0,0
Picture19-400x284_jpg.rf.80ca0e3a6b7b11307563cf3c9768f409.jpg,1,0,0,0,0,0,0,0
hyp24-e1515374393597-1024x788-1-400x284_jpg.rf.23664764b34cdc08ae746e4f2c6e94ca.jpg,1,0,0,0,0,0,0,0
chemical-burn2-e1515284193990-400x284_jpg.rf.cc6c4ca4d2394d9a9db89e0633acea67.jpg,1,0,0,0,0,0,0,0
normal4-e1515369489318-400x284_jpg.rf.04081c50bdc0f8117cf26a3de3174b70.jpg,0,1,0,0,0,0,0,0
Picture46-1-400x284_jpg.rf.be57d08594a6593cd4c0b63c12552d98.jpg,1,0,0,0,0,0,0,0
ibk-75833_jpeg.rf.3739853ab108621ecc2e92002f04c9d2.jpg,0,1,0,0,0,0,0,0
Picture28-1-400x284_jpg.rf.35e26a104ab8388997e7cba17f8cf196.jpg,1,0,0,0,0,0,0,0
Picture50-400x284_jpg.rf.4b96ec6cd36049d912e4695f2164e20d.jpg,1,0,0,0,0,0,0,0
1-725-_jpg.rf.11ef8909dbab279ea1343ddcd550b82a.jpg,0,1,0,0,0,0,0,0
Mastitis-42-_jpg.rf.bc043bceb7463e700199e6d7ed891695.jpg,1,0,0,0,0,0,0,0
severe-hemm3-e1515364758805-400x284_jpg.rf.0bd700363e8c24c3e2bde00b0b1d0f39.jpg,1,0,0,0,0,0,0,0
red10-e1515364965265-652x1024-1-400x284_jpg.rf.30557d6cbc023726fadb56b44d7c3828.jpg,1,0,0,0,0,0,0,0
chaps-4_1scabbed-400x284_png.rf.7aeb4a4c7ce82348d4a2bd5feb0a1a7f.jpg,1,0,0,0,0,0,0,0
AdobeStock_556562712_Video_HD_Preview_mov-0002_jpg.rf.f9f666c46fff47a2169b1b140372663e.jpg,0,1,0,0,0,0,0,0
00000103_jpg.rf.9bc2a7d3a340b3e8d272d089d874ba0f.jpg,0,1,0,0,0,0,0,0
Mastitis-44-_jpg.rf.962dc45d9d51b2c6c49b033542a468e5.jpg,1,0,0,0,0,0,0,0
Cant_wait_for_the_bull_jpeg.rf.82f24c8a8da0581d2d33a3058504b344.jpg,0,1,0,0,0,0,0,0
hyp2-e1515373564252-729x1024-1-400x284_jpg.rf.350b512406cf88fc1b3f67e8ffb56eac.jpg,1,0,0,0,0,0,0,0
Mastitis-54-_jpg.rf.0ba7559136ebfbeb745385f43145c0ba.jpg,1,0,0,0,0,0,0,0
Mastitis-17-_jpg.rf.7075b8a8f8b25a32fb5f5ec81c33dfac.jpg,1,0,0,0,0,0,0,0
00000056_jpg.rf.57454edd8763f99d062ff1c1b6e51f5f.jpg,0,1,0,0,0,0,0,0
Petechail-hemoraghing-e1515364651809-400x284_jpg.rf.7da99d37cb07972978d9ce5015224f96.jpg,1,0,0,0,0,0,0,0
hyp14-e1515373846770-1024x925-1-400x284_jpg.rf.e855cca78aa52ac0fb00f98210318956.jpg,1,0,0,0,0,0,0,0
Mastitis-3-_jpg.rf.bfec3a8c0a330d57800d588d88bde50a.jpg,1,0,0,0,0,0,0,0
IMG_20250118_144032_jpg.rf.99c87352c4deb8494714e4593e9d7272.jpg,1,0,0,0,0,0,0,0
2025-01-18-14-30-34-a6934_jpg.rf.74e2998ed594e5f747c76ae3253a804b.jpg,0,1,0,0,0,0,0,0
00000132_jpg.rf.e67988853a2f68b466fa07372ec7535a.jpg,0,1,0,0,0,0,0,0
Mastitis-34-_jpg.rf.eadd8c5b279383db5d5df0b52a529b59.jpg,1,0,0,0,0,0,0,0
AdobeStock_386516856_Preview_jpeg.rf.70d0efee58a3b8882f35f0e317c3afa9.jpg,0,1,0,0,0,0,0,0
AdobeStock_16321284_Preview_jpeg.rf.2cbe94d532d1ff93dd3652f008e0500c.jpg,0,1,0,0,0,0,0,0
AdobeStock_154225591_Preview_jpeg.rf.ff71dc4ab565176d2c4fcda2e1e499b7.jpg,0,1,0,0,0,0,0,0
AdobeStock_350329238_Preview_jpeg.rf.4c937fb3d9b69df49625d28668d68acc.jpg,0,1,0,0,0,0,0,0
1-691-_jpg.rf.96f30c7155df4287a10759c229c0f7cf.jpg,0,1,0,0,0,0,0,0
udder-16_jpg.rf.7d898d9a9e9ee583d17077134f54fbf3.jpg,0,1,0,0,0,0,0,0
AdobeStock_43573914_Preview_jpeg.rf.ad2f04e85bb2e3d20fea2c18966c1571.jpg,0,1,0,0,0,0,0,0
2025-01-18-14-34-24-41d84_mp4-0031_jpg.rf.00b6cfa7b6645299966b5548d965d550.jpg,0,1,0,0,0,0,0,0
IMG_20250118_143753_jpg.rf.50dfe691002b70f92786683b7ef15229.jpg,0,1,0,0,0,0,0,0
IMG_20250118_144345_jpg.rf.0ff7e8cd933f8e236239fdccb06dc4d9.jpg,0,1,0,0,0,0,0,0
Mastitis-4-_jpg.rf.ddcae3203394739bc0f194c0adb2baf9.jpg,1,0,0,0,0,0,0,0
AdobeStock_333517445_Preview_jpeg.rf.404a2e052ec89cb0cdbccf152276e0dd.jpg,0,1,0,0,0,0,0,0
Mastitis-53-_jpg.rf.d83d017d352aff7db162e4a6825d2c61.jpg,1,0,0,0,0,0,0,0
Mastitis-26-_jpg.rf.3c24abba87cad58ae62f9aa419922bc6.jpg,1,0,0,0,0,0,0,0
Mastitis-67-_jpg.rf.8df2d3cf227795151569935393d1bce1.jpg,1,0,0,0,0,0,0,0
AdobeStock_93804337_Video_HD_Preview_mov-0027_jpg.rf.df5964a0ec44d709aae0b2f832d0daf6.jpg,0,1,0,0,0,0,0,0
walk456_jpg.rf.eb17c1098c600c7ddfef752ee2982623.jpg,0,1,0,0,0,0,0,0
Picture28-1-400x284_jpg.rf.247a26324ef9f8924081132c330d106e.jpg,1,0,0,0,0,0,0,0
AdobeStock_57701541_Preview_jpeg.rf.9cb42502002f2a49e9e45e6691939893.jpg,0,1,0,0,0,0,0,0
red5-e1515364876519-839x1024-1-400x284_jpg.rf.0de51c66231ac8a186e2be4f289f8f1e.jpg,1,0,0,0,0,0,0,0
normal2-e1515369386480-400x284_jpg.rf.60e176401e45c811fdb73677440180be.jpg,0,1,0,0,0,0,0,0
Smooth-2-1-e1515372198475-400x284_jpg.rf.51997f52483fff2fbff88b9eb5cfd638.jpg,1,0,0,0,0,0,0,0
1-748-_jpg.rf.0d4e451f42b6e48e8d90d8ef0fbf0075.jpg,0,1,0,0,0,0,0,0
Mastitis-57-_jpg.rf.b791dc0f11aa997bce36adc83ac7e43f.jpg,1,0,0,0,0,0,0,0
Picture34-400x284_jpg.rf.e97853fe6adf1b5eb0c3352e9faf8ed5.jpg,1,0,0,0,0,0,0,0
AdobeStock_1079359064_Preview_jpeg.rf.2cbfc8a44911f237e443c61f5cd27917.jpg,0,1,0,0,0,0,0,0
ring11-400x284_jpg.rf.5973aaf8b901664d9bd70fe0a40165e8.jpg,1,0,0,0,0,0,0,0
1-750-_jpg.rf.5f8203bb35d44c41eb8343df2a361fb7.jpg,0,1,0,0,0,0,0,0
AdobeStock_209690081_Preview_jpeg.rf.67faceb3f4a9b8b78fadb95cfb9bccaa.jpg,0,1,0,0,0,0,0,0
2025-01-18-14-30-31-215ce_jpg.rf.0762fa527314a750eca3fc2b0a6fd94d.jpg,0,1,0,0,0,0,0,0
Picture50-400x284_jpg.rf.9a0ca9e4bfdf2ab88d9fe59561aaaaa7.jpg,1,0,0,0,0,0,0,0
Mastitis-16-_jpg.rf.7699270fa4dd35f7ff01d88a08c8bc48.jpg,1,0,0,0,0,0,0,0
AdobeStock_93804337_Video_HD_Preview_mov-0012_jpg.rf.15016bddb23cb63210590ed2ed983353.jpg,0,1,0,0,0,0,0,0
Picture46-1-400x284_jpg.rf.59f6519ded055b448f861dffca5104cb.jpg,1,0,0,0,0,0,0,0
AdobeStock_34851355_Preview_jpeg.rf.86b145cf7eb7d2c87d48a5f2d96c6ba1.jpg,0,1,0,0,0,0,0,0
Mastitis-42-_jpg.rf.7edc20d8bd34feb26d42e31ad55de867.jpg,1,0,0,0,0,0,0,0
GRZ_71_jpg.rf.8574ca2bd383ce1a3b84fa3525f23b0e.jpg,0,1,0,0,0,0,0,0
Mastitis-14-_jpg.rf.87d62ddaa2ad6edde1676730d6367e21.jpg,1,0,0,0,0,0,0,0
2025-01-18-14-30-34-a6934_jpg.rf.eb6e8198a2488951a5fc87cfa5c4d0bd.jpg,0,1,0,0,0,0,0,0
AdobeStock_556562712_Video_HD_Preview_mov-0002_jpg.rf.0ca02c3ed5799573599b71a6b6391dce.jpg,0,1,0,0,0,0,0,0
hyp11-e1515373777349-1024x851-1-400x284_jpg.rf.fd2456bba9e65a2bb21042f9a2653b8c.jpg,1,0,0,0,0,0,0,0
00000211_jpg.rf.f9d45dd6edc65d4e640dd66a4700f7fc.jpg,0,1,0,0,0,0,0,0
hyp14-e1515373846770-1024x925-1-400x284_jpg.rf.39990c51f75cba043ae931aaa479fa71.jpg,1,0,0,0,0,0,0,0
severe-hemm3-e1515364758805-400x284_jpg.rf.5e6df8ad4f453b4ab27a2f060e5dfc57.jpg,1,0,0,0,0,0,0,0
00000103_jpg.rf.f7ec2928194de4161fc360b1c75e9fce.jpg,0,1,0,0,0,0,0,0
AdobeStock_122288568_Preview_jpeg.rf.45e77024a5112699295d6b164bd21a26.jpg,0,1,0,0,0,0,0,0
normal4-e1515369489318-400x284_jpg.rf.67f5f614b4289600b2082fc423a7e687.jpg,0,1,0,0,0,0,0,0
IMG_20250118_143753_jpg.rf.d739a01fbd359062c2084684eecbd876.jpg,0,1,0,0,0,0,0,0
hyp2-e1515373564252-729x1024-1-400x284_jpg.rf.cc4e0d3bc6ca7660605e0044a383c676.jpg,1,0,0,0,0,0,0,0
chaps-4_1scabbed-400x284_png.rf.b32dde795dc0aa9fe9231c94810491fd.jpg,1,0,0,0,0,0,0,0
hyp24-e1515374393597-1024x788-1-400x284_jpg.rf.b4d9f0c71cee1353234686fea95e4c69.jpg,1,0,0,0,0,0,0,0
Mastitis-42-_jpg.rf.aefa94fb019c581cf64850d821567b3f.jpg,1,0,0,0,0,0,0,0
Mastitis-13-_jpg.rf.d824b8436033b32c2c6c1343150fa728.jpg,1,0,0,0,0,0,0,0
Hyperkeratosis-e1515371480240-332x284_jpg.rf.fabf0b72c299d6d09d11dba6755eb2c5.jpg,1,0,0,0,0,0,0,0
1-725-_jpg.rf.fef974cc9472d14da586c7e1a066c4a3.jpg,0,1,0,0,0,0,0,0
Cant_wait_for_the_bull_jpeg.rf.abb60157cab2f020120747b9ba405512.jpg,0,1,0,0,0,0,0,0
AdobeStock_26134944_Preview_jpeg.rf.9b2cc79e697428796549647cb76c7510.jpg,0,1,0,0,0,0,0,0
AdobeStock_394830772_Preview_jpeg.rf.a6b85efee46b852a245aa2fc6613d3c5.jpg,0,1,0,0,0,0,0,0
Mastitis-17-_jpg.rf.b0a88bd03b782de6318120784fafc314.jpg,1,0,0,0,0,0,0,0
IMG_20250118_144032_jpg.rf.a134b9dc236aa52a446d7a48d6dac403.jpg,1,0,0,0,0,0,0,0
Mastitis-44-_jpg.rf.eaa9b51467d4b5baa578f83ed10bf65d.jpg,1,0,0,0,0,0,0,0
AdobeStock_109023981_Preview_jpeg.rf.78ed24af3c3c0c2a3ff89819b1704921.jpg,0,1,0,0,0,0,0,0
AdobeStock_85250161_Preview_jpeg.rf.bf3f4b150dac770661df18d3b5b4376e.jpg,0,1,0,0,0,0,0,0
hyp13-e1515373816135-1024x738-1-400x284_jpg.rf.dab9886777ca59cc2129c0c241ca3d76.jpg,1,0,0,0,0,0,0,0
AdobeStock_93804337_Video_HD_Preview_mov-0025_jpg.rf.a66f90eaa918b4593d8cdd3be8da5fa7.jpg,0,1,0,0,0,0,0,0
AdobeStock_251420633_Preview_jpeg.rf.7759054ef185a377d6b99280fab27f0a.jpg,0,1,0,0,0,0,0,0
ibk-75833_jpeg.rf.7ee043a29bd330f53b64a77a83c94b6a.jpg,0,1,0,0,0,0,0,0
1-26-_jpg.rf.20a39057ac33e08bc073ec727cc42702.jpg,0,1,0,0,0,0,0,0
IMG_20250118_144303_jpg.rf.432e97547cd3c132c69091891e7d4b52.jpg,0,1,0,0,0,0,0,0
2025-01-18-14-34-24-41d84_mp4-0042_jpg.rf.85474b624c20ad3c8a2125fbaea730a1.jpg,0,1,0,0,0,0,0,0
Mastitis-21-_jpg.rf.6ae005e3cc5aa7c55a9d6e78e44b4bd1.jpg,1,0,0,0,0,0,0,0
wet-teat6-1-e1515287995479-400x284_jpg.rf.d6746adfa5691a4cba06891660fbbdf2.jpg,1,0,0,0,0,0,0,0
AdobeStock_411229317_Preview_jpeg.rf.e888b71860235d2196bb8fdd29b96d2f.jpg,0,1,0,0,0,0,0,0
Picture20-400x284_jpg.rf.89b8b88b227b892a6b2c9eaa8451b38d.jpg,1,0,0,0,0,0,0,0
Mastitis-26-_jpg.rf.498dcf62bc0b62deb1c69fcc9205b8b0.jpg,1,0,0,0,0,0,0,0
Mastitis-38-_jpg.rf.cd46c704c3c4c760a69127862ecbb91b.jpg,1,0,0,0,0,0,0,0
red10-e1515364965265-652x1024-1-400x284_jpg.rf.665d444a5ddda4547652d4ec38f170fb.jpg,1,0,0,0,0,0,0,0
Mastitis-29-_jpg.rf.9119985397deeabb6d7768cc56b358dd.jpg,1,0,0,0,0,0,0,0
Mastitis-54-_jpg.rf.283ba173cbfe7ade55582b25929d57c5.jpg,1,0,0,0,0,0,0,0
IMG_20250118_144345_jpg.rf.4f6bf610294d8582bfe29757fda6edd6.jpg,0,1,0,0,0,0,0,0
Petechail-hemoraghing-e1515364651809-400x284_jpg.rf.0f17920516a5e8757260fa8792c301b2.jpg,1,0,0,0,0,0,0,0
00000132_jpg.rf.bfc0a5c38048cd6932ec94794310af30.jpg,0,1,0,0,0,0,0,0
udder10_jpg.rf.0e79e9c0ad1bf442a39eb7198e9681c5.jpg,0,1,0,0,0,0,0,0
walk475_jpg.rf.e107c9603fc942212444e93e7fd91df8.jpg,0,1,0,0,0,0,0,0
2-11-_jpg.rf.7bc605cb5095bcc0e5fa22017788699a.jpg,0,1,0,0,0,0,0,0
AdobeStock_113101054_Preview_jpeg.rf.0f744a36b83297a8977fc814302693ec.jpg,0,1,0,0,0,0,0,0
2-16-_jpg.rf.1ac904e8dfc0e3606eb1ad3ac916f073.jpg,0,1,0,0,0,0,0,0
Picture40-400x284_jpg.rf.2a5468b46ad4becfb5f629aaff308e11.jpg,1,0,0,0,0,0,0,0
IMG_20250118_144326_jpg.rf.c02ceb3f98d0450ca853cc073607da29.jpg,0,1,0,0,0,0,0,0
mastitis-2_jpeg.rf.e7cb5c6f8e3dd1f48f1b69e4e6fa81ad.jpg,1,0,0,0,0,0,0,0
IMG_20250118_144245_jpg.rf.70920abc2a06232f957a40f254f217f9.jpg,0,1,0,0,0,0,0,0
Picture44-400x284_jpg.rf.afc3aca9b302c3bfb38ecaaad34e3f20.jpg,1,0,0,0,0,0,0,0
AdobeStock_93804337_Video_HD_Preview_mov-0019_jpg.rf.dc8e9c65ada1b363a76d42c1804fa11b.jpg,0,1,0,0,0,0,0,0
exfol2-400x284_jpg.rf.5dd7fdce7a0897c397270b498ff18de6.jpg,1,0,0,0,0,0,0,0
Mastitis-1-_jpg.rf.1048b38ba184385aba40c792d92c512b.jpg,1,0,0,0,0,0,0,0
Mastitis-49-_jpg.rf.5069d7d705c262621d425c4291b7d501.jpg,1,0,0,0,0,0,0,0
hyp17-e1515373911728-1024x894-1-400x284_jpg.rf.0c0f07ded257fa02a7796f83b480bcfc.jpg,1,0,0,0,0,0,0,0
AdobeStock_281905547_Preview_jpeg.rf.68bac95b38376e34beda738de7d46534.jpg,0,1,0,0,0,0,0,0
1-40-_jpg.rf.c930d4a2e77d13f6a4336e4a4db67a85.jpg,0,1,0,0,0,0,0,0
Mastitis-41-_jpg.rf.b20c913bc9d715bfa87497f05216edb5.jpg,1,0,0,0,0,0,0,0
Mastitis-58-_jpg.rf.ffceb55f7888bd1e8d10e9704f70c9bf.jpg,1,0,0,0,0,0,0,0
1-748-_jpg.rf.f7567f5a0cb2f6a518b01fdcc7ddab9f.jpg,0,1,0,0,0,0,0,0
00000017_jpg.rf.694675f4c25403ffd041b89b0e0ac290.jpg,0,1,0,0,0,0,0,0
2025-01-18-14-34-24-41d84_mp4-0032_jpg.rf.40f7693813d89d168f6c8f914051ae6d.jpg,0,1,0,0,0,0,0,0
AdobeStock_432132541_Preview_jpeg.rf.e5910d57fd7ff1b687e48fd0612de482.jpg,0,1,0,0,0,0,0,0
Mastitis-17-_jpg.rf.d25a08ce7f7be2d5a53fa0e84b8cb600.jpg,1,0,0,0,0,0,0,0
AdobeStock_1222349879_Preview_jpeg.rf.625383fe5cc60bf00c165cb2ee40bf8d.jpg,0,1,0,0,0,0,0,0
AdobeStock_480163976_Preview_jpeg.rf.26b948845dee2560043b6b06ebda170b.jpg,0,1,0,0,0,0,0,0
00000056_jpg.rf.d524ada3f8eb28a0ed0a7a9b607f40ae.jpg,0,1,0,0,0,0,0,0
Mastitis-41-_jpg.rf.6a019243670bce1204fe13d889e7dbb4.jpg,1,0,0,0,0,0,0,0
1-742-_jpg.rf.b1d46c047f0b893594822ca511413a45.jpg,0,1,0,0,0,0,0,0
AdobeStock_350329238_Preview_jpeg.rf.161b8b4a80089836f5b43a0198dc4b66.jpg,0,1,0,0,0,0,0,0
1-750-_jpg.rf.feefb0d7b9547486fdcdc8a4b5d364a7.jpg,0,1,0,0,0,0,0,0
AdobeStock_331856846_Preview_jpeg.rf.bf787da4910f86b9e773f19706582930.jpg,0,1,0,0,0,0,0,0
Mastitis-3-_jpg.rf.5c47b3167adbfe3605c5bc751008f978.jpg,1,0,0,0,0,0,0,0
Mastitis-42-_jpg.rf.c0b3531a917b9de0803acc1b461aeb72.jpg,1,0,0,0,0,0,0,0
Mastitis-45-_jpg.rf.d81186189530eb6b8994a751cab9f42f.jpg,1,0,0,0,0,0,0,0
AdobeStock_430667778_Preview_jpeg.rf.0fc080bb6c67605ed6d0a43c4aa21b3e.jpg,0,1,0,0,0,0,0,0
AdobeStock_624861897_Preview_jpeg.rf.644b78fa82bedf102019ec5d3d8ce50e.jpg,0,1,0,0,0,0,0,0
pox5-e1515354512661-400x284_jpg.rf.ab49f8f12759c2daa272eb2fa5e45f9e.jpg,1,0,0,0,0,0,0,0
AdobeStock_1079359064_Preview_jpeg.rf.52eddbf1684bad507f4f50d995904a86.jpg,0,1,0,0,0,0,0,0
Mastitis-67-_jpg.rf.f1bbff63b05e53aa1df0c06e2e4efc6a.jpg,1,0,0,0,0,0,0,0
AdobeStock_585743886_Preview_jpeg.rf.210a45b32ef1d0ae8452b7a3a034fe20.jpg,0,1,0,0,0,0,0,0
AdobeStock_154225591_Preview_jpeg.rf.757b03a1e310555bd38fa6d89c7c9f37.jpg,0,1,0,0,0,0,0,0
2-6-_jpg.rf.06533aaecc7d5c09bfb9e8001c8804e0.jpg,0,1,0,0,0,0,0,0
AdobeStock_93804337_Video_HD_Preview_mov-0021_jpg.rf.002f3fda72169581767d272d39e9d5ea.jpg,0,1,0,0,0,0,0,0
walk456_jpg.rf.1f668c99926e7d655586003e2a1b5c4a.jpg,0,1,0,0,0,0,0,0
Very-Rough-2-2-e1515372540883-400x284_jpg.rf.688ccd3864a4cf32cb3b7f97affa34c3.jpg,1,0,0,0,0,0,0,0
ring10-400x284_jpg.rf.548e09d11302b02a50033d398650b554.jpg,1,0,0,0,0,0,0,0
hyp24-e1515374393597-1024x788-1-400x284_jpg.rf.2311b580e9064bc19987d22d27cee69e.jpg,1,0,0,0,0,0,0,0
Mastitis-14-_jpg.rf.84fee83e715e6726936236f6688bb017.jpg,1,0,0,0,0,0,0,0
AdobeStock_209690081_Preview_jpeg.rf.2e38abae1cd3aa7f1458f4b630f49be3.jpg,0,1,0,0,0,0,0,0
Mastitis-12-_jpg.rf.c3a4396489947d5b06180d4425f7a092.jpg,1,0,0,0,0,0,0,0
mastitis_jpeg.rf.c72c713e4f3e57011d62f700d9d5b463.jpg,1,0,0,0,0,0,0,0
Picture28-1-400x284_jpg.rf.363f99efe6c92d8047cf173c2f6c250b.jpg,1,0,0,0,0,0,0,0
AdobeStock_16321284_Preview_jpeg.rf.f3eb1be3f78be79368f7d84371e4338d.jpg,0,1,0,0,0,0,0,0
AdobeStock_336719294_Preview_jpeg.rf.3d9e667099df409f855a58b6cf77f140.jpg,0,1,0,0,0,0,0,0
AdobeStock_93804337_Video_HD_Preview_mov-0012_jpg.rf.0e87157f83f15787dda5dd2e5504a4bf.jpg,0,1,0,0,0,0,0,0
2025-01-18-14-30-31-215ce_jpg.rf.4bbc82b0dd7a7ac282397039e8de3a9a.jpg,0,1,0,0,0,0,0,0
red5-e1515364876519-839x1024-1-400x284_jpg.rf.57edea6020d542576e11aa7f5210ac64.jpg,1,0,0,0,0,0,0,0
AdobeStock_90587795_Preview_jpeg.rf.c3f04d9649e28279d32d90cd7432b6c4.jpg,0,1,0,0,0,0,0,0
1-749-_jpg.rf.68e1a582fc1cf5b74c34c269fc2e89d3.jpg,0,1,0,0,0,0,0,0
Picture50-400x284_jpg.rf.ec9dccd434f8be99fe7ec538cf76bdc6.jpg,1,0,0,0,0,0,0,0
AdobeStock_122113485_Preview_jpeg.rf.2af8596fa48fb0b5d28e606b09da69b4.jpg,0,1,0,0,0,0,0,0
AdobeStock_43573914_Preview_jpeg.rf.375ff94d062116b3c27c1b9825ad3ff6.jpg,0,1,0,0,0,0,0,0
Smooth-2-1-e1515372198475-400x284_jpg.rf.36bc8853e131cd8550e3cffe451ac8e9.jpg,1,0,0,0,0,0,0,0
pseudo-pox1-e1515356634396-400x284_jpg.rf.0ca1919a9bc5b6f43958710352bd0c33.jpg,1,0,0,0,0,0,0,0
AdobeStock_52578000_Preview_jpeg.rf.ab0fa1df9146789847ca2f64945e2434.jpg,0,1,0,0,0,0,0,0
IMG_20250118_143944_jpg.rf.55a6c9fe1d6ca780766be031cc7ea647.jpg,1,0,0,0,0,0,0,0
1-646-_jpg.rf.446fd001e390efd5a8027a96f0231293.jpg,0,1,0,0,0,0,0,0
Mastitis-59-_jpg.rf.5dc717403310d4b06581dd3d6650fbdf.jpg,1,0,0,0,0,0,0,0
IMG_20250118_144441_jpg.rf.8bd81cacafa8738855f5eaecb61fc8e0.jpg,0,1,0,0,0,0,0,0
2025-01-18-14-34-24-41d84_mp4-0037_jpg.rf.835cc4f6f3650c333c6435cdd0aa72a6.jpg,0,1,0,0,0,0,0,0
Chlorine-pre-dip-used-at-4-parts-chlorine-1-part-waters-manure-solids-bedding-e1515285965121-400x284_jpg.rf.2ff92716fb192b67d0b698d4c6e76c26.jpg,1,0,0,0,0,0,0,0
IMG_20250118_143944_jpg.rf.7cf14e592d84947ec054d4e6ad9d17c2.jpg,1,0,0,0,0,0,0,0
Mastitis-67-_jpg.rf.a9d9496c48ce40a4556708bcaa9812aa.jpg,1,0,0,0,0,0,0,0
Picture27-400x284_jpg.rf.557fbeaec46cc627273771ea493dd32f.jpg,1,0,0,0,0,0,0,0
AdobeStock_43573999_Preview_jpeg.rf.a6d650bf0d26ef53096670318d8f8537.jpg,0,1,0,0,0,0,0,0
AdobeStock_72291626_Preview_jpeg.rf.011baecdfd38b1e99157c621a8f3a4ef.jpg,0,1,0,0,0,0,0,0
Chemical-burn-6-400x284_jpg.rf.fadef5bd8756bd4bd99e8c8e706fc71c.jpg,1,0,0,0,0,0,0,0
AdobeStock_360140155_Preview_jpeg.rf.217b40987165439cb7d2e47ffd4b9427.jpg,0,1,0,0,0,0,0,0
Picture51-400x284_jpg.rf.408473f7a6f2347368b9b0b7c46c3cf7.jpg,1,0,0,0,0,0,0,0
AdobeStock_154205487_Preview_jpeg.rf.89b6ed4eb95af7869ba03bbd59960a01.jpg,0,1,0,0,0,0,0,0
Mastitis-36-_jpg.rf.300206d9f2cb43a3d393ddf26335f5e1.jpg,1,0,0,0,0,0,0,0
AdobeStock_72291626_Preview_jpeg.rf.e7dcfe9a2dcaeca2dbc2281f22628638.jpg,0,1,0,0,0,0,0,0
1-657-_jpg.rf.43d9a8ef4e8e542dd27b455309e40561.jpg,0,1,0,0,0,0,0,0
AdobeStock_8645586_Preview_jpeg.rf.868974706404f00fc11b0eccb3fb96b0.jpg,0,1,0,0,0,0,0,0
AdobeStock_838454755_Preview_jpeg.rf.49cec6cf952ce99dc293b9b3418ef342.jpg,0,1,0,0,0,0,0,0
AdobeStock_8645586_Preview_jpeg.rf.dfe05c132e65e799931725e80bd8930c.jpg,0,1,0,0,0,0,0,0
AdobeStock_838454755_Preview_jpeg.rf.54c6f21cf0511561a0222499eb13001e.jpg,0,1,0,0,0,0,0,0
Mastitis-36-_jpg.rf.00bcee038ee762986c7d9b6d9bcf5e10.jpg,1,0,0,0,0,0,0,0
Picture51-400x284_jpg.rf.de77c7f079953afaed106c67d6765438.jpg,1,0,0,0,0,0,0,0
1-657-_jpg.rf.3be1805d7f3396fbb6b27639555ca1d9.jpg,0,1,0,0,0,0,0,0
AdobeStock_154205487_Preview_jpeg.rf.27bae79a5dd6ed9fa58f5b3b4587b934.jpg,0,1,0,0,0,0,0,0
AdobeStock_394830772_Preview_jpeg.rf.3bdb71f74748cd6bcc5c4126b2b12775.jpg,0,1,0,0,0,0,0,0
hyp13-e1515373816135-1024x738-1-400x284_jpg.rf.65b631e1cdb94273799a9bb29e0d6f4f.jpg,1,0,0,0,0,0,0,0
udder-16_jpg.rf.9f892fad813fbd196b9a86f02583d1c5.jpg,0,1,0,0,0,0,0,0
Mastitis-53-_jpg.rf.b2b388c5731f4bb330d87cc1a893b670.jpg,1,0,0,0,0,0,0,0
AdobeStock_24382966_Preview_jpeg.rf.950ecc3d3bfff8c9a44c744b1844a62b.jpg,0,1,0,0,0,0,0,0
AdobeStock_109023981_Preview_jpeg.rf.ff509fe5b236df7e81874a9dc72e89f0.jpg,0,1,0,0,0,0,0,0
Mastitis-34-_jpg.rf.378740a64999911015337d535a01225c.jpg,1,0,0,0,0,0,0,0
Hyperkeratosis-e1515371480240-332x284_jpg.rf.5d2cff94926482672247f3eecb507211.jpg,1,0,0,0,0,0,0,0
AdobeStock_23228077_Preview_jpeg.rf.b121fc9298e3b4246c094da087317b68.jpg,0,1,0,0,0,0,0,0
Mastitis-7-_jpg.rf.a0cecba62e84b29770fc2c9166ee8ee9.jpg,1,0,0,0,0,0,0,0
1-743-_jpg.rf.e1d8c477ce1cb8b61df45ac9737a631d.jpg,0,1,0,0,0,0,0,0
chaps-4_1scabbed-400x284_png.rf.c73227cacd99a28aae48881e854413a7.jpg,1,0,0,0,0,0,0,0
1-38-_jpg.rf.51913cf6ad410e6c19aee1109d204f35.jpg,0,1,0,0,0,0,0,0
ring4-400x284_jpg.rf.4fd336e0bf79237e1ea740efbb64d71a.jpg,1,0,0,0,0,0,0,0
udder-13_jpg.rf.81122f268e589e615b38be95ba03ed95.jpg,0,1,0,0,0,0,0,0
IMG_20250118_143753_jpg.rf.120f68085668a151e34a9d0e94fbd102.jpg,0,1,0,0,0,0,0,0
ring11-400x284_jpg.rf.771941ee55d07a72c308505b5df2e378.jpg,1,0,0,0,0,0,0,0
IMG_20250118_144245_jpg.rf.5cfca5de2fea509bb39a14e6613085f1.jpg,0,1,0,0,0,0,0,0
AdobeStock_480163973_Preview_jpeg.rf.834c8d5d8e66a4fa58164b8fc35973a4.jpg,0,1,0,0,0,0,0,0
blue11-e1515364798164-1012x1024-1-400x284_jpg.rf.0d2501969aa84640673bdb9eed303ce3.jpg,1,0,0,0,0,0,0,0
Cant_wait_for_the_bull_jpeg.rf.0120cb0a580efed2a1214a6dc9f4e1a6.jpg,0,1,0,0,0,0,0,0
7_jpeg.rf.08deabba0cabeb0d72c1a9feead2f9aa.jpg,1,0,0,0,0,0,0,0
Chemcial-burn3-e1515283623745-400x284_jpg.rf.a0466f68d02713f0e054f17a08d1e138.jpg,1,0,0,0,0,0,0,0
AdobeStock_111611370_Preview_jpeg.rf.4488ede4cfb98b1d2972f700cd9a2fe5.jpg,0,1,0,0,0,0,0,0
IMG_20250118_144303_jpg.rf.75e17bf84c31a28b62779d718bc5a134.jpg,0,1,0,0,0,0,0,0
Mastitis-21-_jpg.rf.6b57664aceb80a89196a837452f7c6ec.jpg,1,0,0,0,0,0,0,0
AdobeStock_154225652_Preview_jpeg.rf.7ecb5ad6df39f14d1dfa314f960d55d2.jpg,0,1,0,0,0,0,0,0
AdobeStock_122288568_Preview_jpeg.rf.f262d7292d880a279dbf2efbc9726b38.jpg,0,1,0,0,0,0,0,0
AdobeStock_411229317_Preview_jpeg.rf.ce4af3d20d1df87ae2e0fce6945bad52.jpg,0,1,0,0,0,0,0,0
AdobeStock_26134944_Preview_jpeg.rf.e20b4a13fbb685513b0eb70f472a3b91.jpg,0,1,0,0,0,0,0,0
IMG_20250118_144310_jpg.rf.1c8a91edfb0ca432e174db0b81519373.jpg,0,1,0,0,0,0,0,0
1-26-_jpg.rf.13f45122c6ae99b3dbb9e58be24c3965.jpg,0,1,0,0,0,0,0,0
Picture44-400x284_jpg.rf.de140d9546ef58739863755cb3a5ce47.jpg,1,0,0,0,0,0,0,0
IMG_20250118_143826_jpg.rf.599ef554704586835198e2645a872d61.jpg,0,1,0,0,0,0,0,0
Mastitis-16-_jpg.rf.eeb8b1b4d36b86925c41fad0c7b501ab.jpg,1,0,0,0,0,0,0,0
Mastitis-27-_jpg.rf.27bcd220dc129edbed89bd4f4278ec99.jpg,1,0,0,0,0,0,0,0
walk475_jpg.rf.919016ab0f90f2308d63c0cc46182a3b.jpg,0,1,0,0,0,0,0,0
AdobeStock_93804337_Video_HD_Preview_mov-0005_jpg.rf.f5287f3ac32c0861482860ca47406e5d.jpg,0,1,0,0,0,0,0,0
Picture20-400x284_jpg.rf.f62422f6410fdf21fa54e295e3c2a18d.jpg,1,0,0,0,0,0,0,0
Chlorine-pre-dip-used-at-4-parts-chlorine-1-part-waters-manure-solids-bedding-e1515285965121-400x284_jpg.rf.3940a570452eed73bc6f15f212e63423.jpg,1,0,0,0,0,0,0,0
00000211_jpg.rf.a9c5cff0cd4498f8bf127e3aefda02f8.jpg,0,1,0,0,0,0,0,0
AdobeStock_93804337_Video_HD_Preview_mov-0025_jpg.rf.e7892a2351fa2692b16aa2673c20a668.jpg,0,1,0,0,0,0,0,0
GRZ_71_jpg.rf.b1e96cc1ad2bba8aa4de4ada28133db8.jpg,0,1,0,0,0,0,0,0
AdobeStock_52578000_Preview_jpeg.rf.4248ea25c035ac559500b2c08c684929.jpg,0,1,0,0,0,0,0,0
Mastitis-1-_jpg.rf.ee849878cec6da2a232afdc0779cf6df.jpg,1,0,0,0,0,0,0,0
Mastitis-49-_jpg.rf.94026a1fff4f9fc2b270a6f4e3a7bdb5.jpg,1,0,0,0,0,0,0,0
AdobeStock_281905547_Preview_jpeg.rf.12f4cdfad5c016c5dc2d6ed7123e9ed5.jpg,0,1,0,0,0,0,0,0
Mastitis-33-_jpg.rf.d4814bffa196dd986c5dbbdf53b877d1.jpg,1,0,0,0,0,0,0,0
exfol2-400x284_jpg.rf.8e66bb4905c2695d87797cae186a00ea.jpg,1,0,0,0,0,0,0,0
normal4-e1515369489318-400x284_jpg.rf.7487fd4de0e393f568e65e5c3c274dba.jpg,0,1,0,0,0,0,0,0
mastitis-2_jpeg.rf.3be7aabd8f0d57ef1711c5eeee984cec.jpg,1,0,0,0,0,0,0,0
AdobeStock_23574098_Preview_jpeg.rf.b61e8456cd2a4ae96cb1afebeeef5e64.jpg,0,1,0,0,0,0,0,0
Mastitis-67-_jpg.rf.3841a7072b01fc755d53fea9f508caa8.jpg,1,0,0,0,0,0,0,0
AdobeStock_331856846_Preview_jpeg.rf.ce223071461896af56b2df97c2d694cc.jpg,0,1,0,0,0,0,0,0
2-16-_jpg.rf.a419b5c43d48184e4aa9e95785c1c996.jpg,0,1,0,0,0,0,0,0
red10-e1515364965265-652x1024-1-400x284_jpg.rf.1f918f2abc2eef42976f179189320904.jpg,1,0,0,0,0,0,0,0
Mastitis-41-_jpg.rf.e9803b24bd8e1971f594509342a86682.jpg,1,0,0,0,0,0,0,0
AdobeStock_480163976_Preview_jpeg.rf.73505d331faa08336cd90baf8fa714f6.jpg,0,1,0,0,0,0,0,0
AdobeStock_350329238_Preview_jpeg.rf.1706bcac3137d53a77b4c188dafd1d88.jpg,0,1,0,0,0,0,0,0
Mastitis-41-_jpg.rf.be5081ea387fd9b88e533cd2800ebce8.jpg,1,0,0,0,0,0,0,0
Mastitis-16-_jpg.rf.1ec4cecf29d257240513f0c4b20121f6.jpg,1,0,0,0,0,0,0,0
Petechail-hemoraghing-e1515364651809-400x284_jpg.rf.2eecc1109a046a86659f6d0698c57905.jpg,1,0,0,0,0,0,0,0
AdobeStock_1222349879_Preview_jpeg.rf.73f8e5addd7ace7817920336a0611db8.jpg,0,1,0,0,0,0,0,0
Mastitis-17-_jpg.rf.60f30fb2422583d8b72abadfc395d4eb.jpg,1,0,0,0,0,0,0,0
00000017_jpg.rf.9274e873061c8a1c690e229fd8dc773b.jpg,0,1,0,0,0,0,0,0
AdobeStock_93804337_Video_HD_Preview_mov-0005_jpg.rf.589ce37932bfb06a85a94d13b39f3b3a.jpg,0,1,0,0,0,0,0,0
1-40-_jpg.rf.25640d98cbde16a135dea5586d1dc604.jpg,0,1,0,0,0,0,0,0
1-743-_jpg.rf.648ef186bdfed9f83212ef6bea2b188e.jpg,0,1,0,0,0,0,0,0
Mastitis-7-_jpg.rf.5192e2b7cd762495dea14ccfd186a192.jpg,1,0,0,0,0,0,0,0
AdobeStock_93804337_Video_HD_Preview_mov-0023_jpg.rf.7c6c26bcb89482d5981ddf310b7dbebf.jpg,0,1,0,0,0,0,0,0
AdobeStock_430667778_Preview_jpeg.rf.777f91075b4dc5dc5de88c4bd063839d.jpg,0,1,0,0,0,0,0,0
AdobeStock_585743886_Preview_jpeg.rf.04e07f65623ba2340313b33ad2b021f0.jpg,0,1,0,0,0,0,0,0
AdobeStock_111611370_Preview_jpeg.rf.9c48fcbbac99d9d57d11af46e01df4bb.jpg,0,1,0,0,0,0,0,0
AdobeStock_154225652_Preview_jpeg.rf.254b5dac2acb8a611157992805c9a6c2.jpg,0,1,0,0,0,0,0,0
Hyperkeratosis-e1515371480240-332x284_jpg.rf.e728f095dbae1c62e29974d9593402e3.jpg,1,0,0,0,0,0,0,0
GRZ_71_jpg.rf.2c6290c054619c5305c220d6336042ae.jpg,0,1,0,0,0,0,0,0
Mastitis-59-_jpg.rf.6772b157e65d6eb76757230fdf15c4a4.jpg,1,0,0,0,0,0,0,0
1-664-_jpg.rf.0ad58e9309a816f0305d93ebba9796da.jpg,0,1,0,0,0,0,0,0
AdobeStock_90587795_Preview_jpeg.rf.204e905575a467389c2726e607d88cc9.jpg,0,1,0,0,0,0,0,0
Mastitis-27-_jpg.rf.c9f713c1233c317c2b7dedd4934c38cf.jpg,1,0,0,0,0,0,0,0
AdobeStock_23228077_Preview_jpeg.rf.fe97d5eca80312868174d5c34eeceadc.jpg,0,1,0,0,0,0,0,0
2025-01-18-14-34-24-41d84_mp4-0030_jpg.rf.8fb98d16ef56af69114ced7d15ec32db.jpg,0,1,0,0,0,0,0,0
Picture4-400x284_jpg.rf.2fb1dc8959c45af9d23a799157290bc0.jpg,1,0,0,0,0,0,0,0
00000211_jpg.rf.2e2c9abc5152edcd1ec2c55e95c88fc8.jpg,0,1,0,0,0,0,0,0
blue11-e1515364798164-1012x1024-1-400x284_jpg.rf.23a9c350ed3dfe10c51757888d12676a.jpg,1,0,0,0,0,0,0,0
Chemcial-burn3-e1515283623745-400x284_jpg.rf.90f4bc1f1289a688330610146d0c6efa.jpg,1,0,0,0,0,0,0,0
udder-13_jpg.rf.9662699365156d398f88dbcb13d9ad47.jpg,0,1,0,0,0,0,0,0
AdobeStock_43573999_Preview_jpeg.rf.9bbae70dc242094f4bf9aecc42ed0c7c.jpg,0,1,0,0,0,0,0,0
7_jpeg.rf.fae47a0031c0ae451b6589e284b4ec4e.jpg,1,0,0,0,0,0,0,0
IMG_20250118_144310_jpg.rf.5d37e3efc2e4dd28ed256383e7a01035.jpg,0,1,0,0,0,0,0,0
pox5-e1515354512661-400x284_jpg.rf.f8d80b3da4846093b7b4921671fcec77.jpg,1,0,0,0,0,0,0,0
AdobeStock_93804337_Video_HD_Preview_mov-0021_jpg.rf.17aeee088f36b8eed55346a95db360bf.jpg,0,1,0,0,0,0,0,0
Mastitis-12-_jpg.rf.e37d9d631de242fc8cfdc4f5bd93d6f5.jpg,1,0,0,0,0,0,0,0
Mastitis-52-_jpg.rf.6349b43bbbf52da5eb9cc547af0f080a.jpg,1,0,0,0,0,0,0,0
AdobeStock_480163973_Preview_jpeg.rf.e3b95a9c4e43142b404c2d302771a7f6.jpg,0,1,0,0,0,0,0,0
walk456_jpg.rf.75090d000f8ff0ba15e71c8d57c6cd00.jpg,0,1,0,0,0,0,0,0
Picture15-400x284_jpg.rf.58827011c9f0f03932ab3b6caaac2b06.jpg,1,0,0,0,0,0,0,0
ring4-400x284_jpg.rf.3901d47881047314f07de0ea8c618be4.jpg,1,0,0,0,0,0,0,0
1-138-_jpg.rf.2136a502e96d75a579a331d9b919a4f2.jpg,0,1,0,0,0,0,0,0
AdobeStock_122113485_Preview_jpeg.rf.f6b66defc2abd2114881b933c82ef245.jpg,0,1,0,0,0,0,0,0
AdobeStock_93804337_Video_HD_Preview_mov-0025_jpg.rf.823c108e346dc10bf154431508fbdcb4.jpg,0,1,0,0,0,0,0,0
Picture20-400x284_jpg.rf.17c566bd83655a55a47ba639542fb9a1.jpg,1,0,0,0,0,0,0,0
1-26-_jpg.rf.1df6a22d265be32095d93e2f52cb0e7d.jpg,0,1,0,0,0,0,0,0
Mastitis-30-_jpg.rf.7ddfa0291c45872c4b4e4de6ec994f5f.jpg,1,0,0,0,0,0,0,0
Chemical-burn-6-400x284_jpg.rf.6c6df4b6367bc2c71e504cbcb343cae0.jpg,1,0,0,0,0,0,0,0
Mastitis-67-_jpg.rf.ba8e5cd3a71b9ee6c7a64c7231e93e4f.jpg,1,0,0,0,0,0,0,0
00000017_jpg.rf.5d04c80be5dbb0b62ce628968a57495a.jpg,0,1,0,0,0,0,0,0
Mastitis-33-_jpg.rf.677f17821be235a30c4e015f9d9e0317.jpg,1,0,0,0,0,0,0,0
2025-01-18-14-30-31-215ce_jpg.rf.16e231e63b2e125e8dac095abdf0c6e3.jpg,0,1,0,0,0,0,0,0
Smooth-2-1-e1515372198475-400x284_jpg.rf.deb4fdd134430dd14d75fecd8289533f.jpg,1,0,0,0,0,0,0,0
2025-01-18-14-34-24-41d84_mp4-0034_jpg.rf.7e6e5204a28ee3ef5e08589f5845dbe3.jpg,0,1,0,0,0,0,0,0
AdobeStock_52578000_Preview_jpeg.rf.a0b98240a13613766193e45231d6f750.jpg,0,1,0,0,0,0,0,0
AdobeStock_93804337_Video_HD_Preview_mov-0012_jpg.rf.cac83a9e97c397e355c7688a5e1d02e6.jpg,0,1,0,0,0,0,0,0
walk475_jpg.rf.c4d5b09987df3f68b0d9fc7792e16431.jpg,0,1,0,0,0,0,0,0
Mastitis-49-_jpg.rf.e081e231cb5400f4d8ef9b9049f942ff.jpg,1,0,0,0,0,0,0,0
Chlorine-pre-dip-used-at-4-parts-chlorine-1-part-waters-manure-solids-bedding-e1515285965121-400x284_jpg.rf.d302055ed7f0ed4e75eb1111a85af9aa.jpg,1,0,0,0,0,0,0,0
AdobeStock_23574098_Preview_jpeg.rf.d858ffaabd7921de064f629a4ce9cf39.jpg,0,1,0,0,0,0,0,0
2-16-_jpg.rf.bc02ead122dad202ccc90f816cff34ff.jpg,0,1,0,0,0,0,0,0
red5-e1515364876519-839x1024-1-400x284_jpg.rf.0e4581fbf9d2f9c6dd0a553499b15901.jpg,1,0,0,0,0,0,0,0
AdobeStock_360140155_Preview_jpeg.rf.ea209caca1dc451b386174d94710c365.jpg,0,1,0,0,0,0,0,0
pox5-e1515354512661-400x284_jpg.rf.d7030211098292e3a415bd1e08bc73e6.jpg,1,0,0,0,0,0,0,0
Picture44-400x284_jpg.rf.83cf57e6f7968b34eb7ff71b8e49d54d.jpg,1,0,0,0,0,0,0,0
Mastitis-68-_jpg.rf.3913441995d4ac926ee22baed61c26f5.jpg,1,0,0,0,0,0,0,0
AdobeStock_72291626_Preview_jpeg.rf.5f9482e134215ee1028b655e8f617183.jpg,0,1,0,0,0,0,0,0
Mastitis-41-_jpg.rf.5bc7adaacc25035ea17585aeff06f8da.jpg,1,0,0,0,0,0,0,0
AdobeStock_93804337_Video_HD_Preview_mov-0023_jpg.rf.48c79d402f60af8d900a401ab848d85c.jpg,0,1,0,0,0,0,0,0
AdobeStock_220015949_Preview_jpeg.rf.30b22112c7de9f22360e28c3cabcb0f5.jpg,0,1,0,0,0,0,0,0
AdobeStock_1222349879_Preview_jpeg.rf.e44a35c6a935067a0d382381704910a4.jpg,0,1,0,0,0,0,0,0
2-94-_jpg.rf.21524dd1feff35f6ab3cda446d7268ac.jpg,0,1,0,0,0,0,0,0
1-742-_jpg.rf.af620655ef976796ca9fe866d0cf509d.jpg,0,1,0,0,0,0,0,0
AdobeStock_544941447_Preview_jpeg.rf.8081715ffbc6b4063b9d19e2374b626b.jpg,0,1,0,0,0,0,0,0
Mastitis-52-_jpg.rf.5a1e64acf926c3fd715124154891140a.jpg,1,0,0,0,0,0,0,0
Very-Rough-2-2-e1515372540883-400x284_jpg.rf.96908cb1a52d193dd474013db91406af.jpg,1,0,0,0,0,0,0,0
AdobeStock_93804337_Video_HD_Preview_mov-0021_jpg.rf.06c96354673d5b18e61724b93667761d.jpg,0,1,0,0,0,0,0,0
Mastitis-43-_jpg.rf.73718aac9025f7ce390d6dfea7c38a14.jpg,1,0,0,0,0,0,0,0
AdobeStock_154205487_Preview_jpeg.rf.d0c2cdb8481f71f9b175aba3b04609c0.jpg,0,1,0,0,0,0,0,0
7_jpeg.rf.e18cfed80b73e4ae1d44d2dd5f1af768.jpg,1,0,0,0,0,0,0,0
AdobeStock_838454755_Preview_jpeg.rf.b0f397be866b989f2106d83137a266be.jpg,0,1,0,0,0,0,0,0
Mastitis-68-_jpg.rf.621829e171c0753936ba44a642d7ff8e.jpg,1,0,0,0,0,0,0,0
IMG_20250118_144441_jpg.rf.81ab23d6db73831437b9742c99ede5fa.jpg,0,1,0,0,0,0,0,0
AdobeStock_408874034_Preview_jpeg.rf.f5b383cebacd576829211c97e6a9d62f.jpg,0,1,0,0,0,0,0,0
Mastitis-7-_jpg.rf.2ebe9bbf412125ed7b4d98271b464010.jpg,1,0,0,0,0,0,0,0
Mastitis-30-_jpg.rf.2bc5f59895c2c6b6f6ef10edd4353d18.jpg,1,0,0,0,0,0,0,0
AdobeStock_14812751_Preview_jpeg.rf.25cb17838dff3824029762da35d1914b.jpg,0,1,0,0,0,0,0,0
1-138-_jpg.rf.4c5fba4b50c5e31bbf4284f84fe95182.jpg,0,1,0,0,0,0,0,0
2025-01-18-14-34-24-41d84_mp4-0030_jpg.rf.c5fc2600aceb31652d02d253ec158064.jpg,0,1,0,0,0,0,0,0
AdobeStock_336719294_Preview_jpeg.rf.30d2b459d95ee7aadceec01a3691ac2b.jpg,0,1,0,0,0,0,0,0
1-743-_jpg.rf.74f559aa2033cb71a534eb3d47b71194.jpg,0,1,0,0,0,0,0,0
udder-13_jpg.rf.3f1493115cee919b0ad1f02dd106e6ac.jpg,0,1,0,0,0,0,0,0
Mastitis-59-_jpg.rf.a9e5bfcf8bcf7938d9dc54d1a5b13d61.jpg,1,0,0,0,0,0,0,0
AdobeStock_480163976_Preview_jpeg.rf.ef041c0fdc0b11dd8dedc1c43fa203bf.jpg,0,1,0,0,0,0,0,0
Picture15-400x284_jpg.rf.1679059c28fce35ef777fbd127138593.jpg,1,0,0,0,0,0,0,0
AdobeStock_90587795_Preview_jpeg.rf.50eb474e39292ca9c1f70c13c397d695.jpg,0,1,0,0,0,0,0,0
2-6-_jpg.rf.a4946565508349f4c15b77bbc27d3604.jpg,0,1,0,0,0,0,0,0
Mastitis-27-_jpg.rf.0293023bbb264ce796f7a0b1201e02d3.jpg,1,0,0,0,0,0,0,0
AdobeStock_111611370_Preview_jpeg.rf.5ff8a15ccb61e135984678a02d37157a.jpg,0,1,0,0,0,0,0,0
pseudo-pox1-e1515356634396-400x284_jpg.rf.b3ad82c075071222445cbb0af76b5c52.jpg,1,0,0,0,0,0,0,0
6_jpeg.rf.30b69cb094d940b4425d7c48fe1be8df.jpg,1,0,0,0,0,0,0,0
AdobeStock_480163973_Preview_jpeg.rf.64030a18e4190bcb37718799bc7b1a4b.jpg,0,1,0,0,0,0,0,0
AdobeStock_93804337_Video_HD_Preview_mov-0005_jpg.rf.b26ab65d2b7398e539a48d22f7529f8a.jpg,0,1,0,0,0,0,0,0
AdobeStock_585743886_Preview_jpeg.rf.21c4afd82d6ecfd68cef9495717e1289.jpg,0,1,0,0,0,0,0,0
AdobeStock_154225652_Preview_jpeg.rf.bf1f84b766777dd3b2a2cf18fd973416.jpg,0,1,0,0,0,0,0,0
Picture4-400x284_jpg.rf.55f39aec09482b469634795778274428.jpg,1,0,0,0,0,0,0,0
ring4-400x284_jpg.rf.752f7db3543da1f1eda04294dacd66b6.jpg,1,0,0,0,0,0,0,0
Picture49-1-400x284_jpg.rf.7b1c5a16ceb38337dcc5e8892e7ce58a.jpg,1,0,0,0,0,0,0,0
blue11-e1515364798164-1012x1024-1-400x284_jpg.rf.436a0c0b7cd680f7aa1ba451b7d45ef7.jpg,1,0,0,0,0,0,0,0
2025-01-18-14-34-24-41d84_mp4-0037_jpg.rf.b766fe8d415294e772dab41660e96136.jpg,0,1,0,0,0,0,0,0
AdobeStock_430667778_Preview_jpeg.rf.952976d1111a3e02c374bc7e07c0fc1f.jpg,0,1,0,0,0,0,0,0
AdobeStock_122113485_Preview_jpeg.rf.2f4d591a0f4f4ea01c8df747831962a3.jpg,0,1,0,0,0,0,0,0
Chemical-burn-6-400x284_jpg.rf.69c11831664e090ac90149bf24c33156.jpg,1,0,0,0,0,0,0,0
normal18-e1515370070827-400x284_jpg.rf.7d745dc8cba4372db0495e275e8d5401.jpg,0,1,0,0,0,0,0,0
1-646-_jpg.rf.93a1c9f27b345805ece3420ee59cb591.jpg,0,1,0,0,0,0,0,0
Mastitis-12-_jpg.rf.178e448c8f4a18dd17f48cf232c8b056.jpg,1,0,0,0,0,0,0,0
AdobeStock_43573999_Preview_jpeg.rf.18aec37c7c9c1a3a86792823925a9527.jpg,0,1,0,0,0,0,0,0
2-94-_jpg.rf.4e740f5238fe12a3c91bd8b06bc8e1af.jpg,0,1,0,0,0,0,0,0
Picture27-400x284_jpg.rf.3e7a60dbc4a749efe017f818394598f9.jpg,1,0,0,0,0,0,0,0
AdobeStock_408874034_Preview_jpeg.rf.b5a076015776243ea799df6a56f6f72c.jpg,0,1,0,0,0,0,0,0
AdobeStock_93804337_Video_HD_Preview_mov-0023_jpg.rf.b9ba2fd67931f556cfc6928f34200109.jpg,0,1,0,0,0,0,0,0
Mastitis-49-_jpg.rf.2e838becfea833c639cad5441ac305fe.jpg,1,0,0,0,0,0,0,0
6_jpeg.rf.7ed58f93aed7b658ee09ffe673ec9173.jpg,1,0,0,0,0,0,0,0
Mastitis-33-_jpg.rf.5c160cbb8e4db8b52042e53a1359b819.jpg,1,0,0,0,0,0,0,0
normal18-e1515370070827-400x284_jpg.rf.0f426c5d374b9d44a47af0ef0543905e.jpg,0,1,0,0,0,0,0,0
AdobeStock_544941447_Preview_jpeg.rf.ad20388926b4eff13b2569cbb7b41855.jpg,0,1,0,0,0,0,0,0
AdobeStock_220015949_Preview_jpeg.rf.35deddf9260d3ef7e6b9d07017028958.jpg,0,1,0,0,0,0,0,0
AdobeStock_209933484_Preview_jpeg.rf.2c2147ff68160ad89f5bf09d182d9b4e.jpg,0,1,0,0,0,0,0,0
AdobeStock_23574098_Preview_jpeg.rf.65aebc1a1d4b8eba7933eb0c758439c5.jpg,0,1,0,0,0,0,0,0
Picture49-1-400x284_jpg.rf.3cf7014bf34c57c3dac2636058a9797f.jpg,1,0,0,0,0,0,0,0
2025-01-18-14-34-24-41d84_mp4-0034_jpg.rf.3b2bcb913c967ec069e1577eb5227038.jpg,0,1,0,0,0,0,0,0
1-664-_jpg.rf.5d3ac187ef568626bf72be2306d03886.jpg,0,1,0,0,0,0,0,0
AdobeStock_493193242_Preview_jpeg.rf.30b9c73c7cb21681318252bdfbc14ec2.jpg,0,1,0,0,0,0,0,0
1-1241-_jpg.rf.3b24389ddcf7381be6ab91ea6e6f6aa6.jpg,0,1,0,0,0,0,0,0
Mastitis-61-_jpg.rf.b62a491a962f2b72ad333412bc585d70.jpg,1,0,0,0,0,0,0,0
Drying-chemical-barrier-dip-build-up-build-up-e1515286053269_jpg.rf.4fa358c01fe6cba7d56a92a83d38150c.jpg,1,0,0,0,0,0,0,0
1-713-_jpg.rf.ca10642f03c5f365d782a55c30942bad.jpg,0,1,0,0,0,0,0,0
Mastitis-12-_jpg.rf.90b20c7e71250ba02af769f9623a0d20.jpg,1,0,0,0,0,0,0,0
Mastitis-4-_jpg.rf.bc7c1a8f6a8df0d9d0a0ba8a1767292d.jpg,1,0,0,0,0,0,0,0
udder-9_jpg.rf.e2ccfb51b8db884b430ab237f59cbcc8.jpg,0,1,0,0,0,0,0,0
Large-Ring-2-2-e1515371633565-400x284_jpg.rf.6085c7e5aa19fc225fa70c663106ad03.jpg,1,0,0,0,0,0,0,0
23_jpeg.rf.c1f0fb8f3385dbeb50f1281b30932c13.jpg,1,0,0,0,0,0,0,0
AdobeStock_556562712_Video_HD_Preview_mov-0004_jpg.rf.28bf0d9e958b5d01f1f0b8fcd401f0ca.jpg,0,1,0,0,0,0,0,0
AdobeStock_159261631_Preview_jpeg.rf.6a231bc0021a919e8d9fe34f3a85f5b8.jpg,0,1,0,0,0,0,0,0
AdobeStock_93804337_Video_HD_Preview_mov-0006_jpg.rf.4d6f4369da3b90718a2b7493bf745923.jpg,0,1,0,0,0,0,0,0
pox4-e1515354347181-400x284_jpg.rf.b281b29cd6e3882dcce0c8f8114dda33.jpg,1,0,0,0,0,0,0,0
1-674-_jpg.rf.ee42ed0cbb9b56efe83b225a709707c8.jpg,0,1,0,0,0,0,0,0
normal15-e1515369788421-400x284_jpg.rf.555a460bd7450497e67c72cb1c91e601.jpg,0,1,0,0,0,0,0,0
Picture42-1-400x284_jpg.rf.0934051ee6e757f6d7befe5c8443484b.jpg,1,0,0,0,0,0,0,0
00000069_jpg.rf.00de518e72648bee7341bd9200e51675.jpg,0,1,0,0,0,0,0,0
1-96-_jpg.rf.d78451934e47a12443d76eed40132892.jpg,0,1,0,0,0,0,0,0
1-639-_jpg.rf.7d7f0876f02f02d17c6e7458f6f16f23.jpg,0,1,0,0,0,0,0,0
Picture47-1-400x284_jpg.rf.752e246d56afc7ee474c59eda688241c.jpg,1,0,0,0,0,0,0,0
Picture12-400x284_jpg.rf.8ab8e95da92468a5bbacfd01cb5b845d.jpg,1,0,0,0,0,0,0,0
Mastitis-27-_jpg.rf.3b2c6d0e86f4343748c4f7a8bede1b83.jpg,1,0,0,0,0,0,0,0
1-111-_jpg.rf.3ddde325cbd3d953262cd8070029bfe1.jpg,0,1,0,0,0,0,0,0
AdobeStock_391273292_Preview_jpeg.rf.21692fbc6bb251c3514f00574afa7c2b.jpg,0,1,0,0,0,0,0,0
Mastitis-43-_jpg.rf.6e9e2248b0071911c93c5fdac49a080b.jpg,1,0,0,0,0,0,0,0
AdobeStock_171446256_Preview_jpeg.rf.e61ded2fb64fe4e3a9b6047bc2d23f72.jpg,0,1,0,0,0,0,0,0
26_jpeg.rf.455dcf6c4ae51af8efba0d0d126b47bc.jpg,1,0,0,0,0,0,0,0
001_30_IMG_gro174291-009-848x565_jpg.rf.3b3e2f1bece8e57e292e453cac517ed9.jpg,1,0,0,0,0,0,0,0
AdobeStock_548951617_Preview_jpeg.rf.1fa34e7402578588e01cbb40c5d3177a.jpg,0,1,0,0,0,0,0,0
2025-01-18-14-32-16-07bfd_jpg.rf.8d31a3a76df8fde5ea96d38ef578a61a.jpg,0,1,0,0,0,0,0,0
dry-skin-crack9-400x284_jpg.rf.254e1ef1376cc93a0f5f0c6b5cdabaa9.jpg,1,0,0,0,0,0,0,0
Mastitis-45-_jpg.rf.b6c3b6dc0d6e0eff2ebb7dabb02161f6.jpg,1,0,0,0,0,0,0,0
2025-01-18-14-23-43-18b77_jpg.rf.915e8829f5e45943811cd0b12d9ba6ed.jpg,0,1,0,0,0,0,0,0
2025-01-18-14-33-04-733df_jpg.rf.ffbf93bb56eab0ca70a882607bfd8f1c.jpg,0,1,0,0,0,0,0,0
Large-Ring-1-1-e1515371355481-400x284_jpg.rf.821dcf5ead90ce7e2f56c591f3b5d3e5.jpg,1,0,0,0,0,0,0,0
AdobeStock_404488501_Preview_jpeg.rf.bdaf54618bcdcaa2f6a1dd2b61b180a5.jpg,0,1,0,0,0,0,0,0
1-697-_jpg.rf.a800fba468e7b188c94521c397e5377d.jpg,0,1,0,0,0,0,0,0
AdobeStock_93804337_Video_HD_Preview_mov-0011_jpg.rf.c96986d4183a49e7cb8e4420404d8a7b.jpg,0,1,0,0,0,0,0,0
Mastitis-26-_jpg.rf.11651473f593edc55f59425632a93922.jpg,1,0,0,0,0,0,0,0
normal2-e1515369386480-400x284_jpg.rf.b8d276c9f99611551f7e61bc318eee8e.jpg,0,1,0,0,0,0,0,0
AdobeStock_512779360_Preview_jpeg.rf.c60a2c8f6283f5a06c09df99efbcefd8.jpg,0,1,0,0,0,0,0,0
Mastitis-45-_jpg.rf.8b46e3e29e25ac043a8cd0e6679c9600.jpg,1,0,0,0,0,0,0,0
AdobeStock_93804337_Video_HD_Preview_mov-0027_jpg.rf.033dfc7ec90e66a98c2a414e77a5f1cd.jpg,0,1,0,0,0,0,0,0
AdobeStock_144842083_Preview_jpeg.rf.be1f8566d172e38dd5203d48a457ed68.jpg,0,1,0,0,0,0,0,0
Smooth-2-2-e1515372371349-400x284_jpg.rf.e8840d08f451ae910dd05024d58f59f6.jpg,1,0,0,0,0,0,0,0
Mastitis-4-_jpg.rf.a52890f5d1235285a75305cecd56cbb5.jpg,1,0,0,0,0,0,0,0
AdobeStock_386516879_Preview_jpeg.rf.57b94709efe85f06a0f38f47ebc29067.jpg,0,1,0,0,0,0,0,0
Mastitis-20-_jpg.rf.83ec0c25f7fa5f0e0de7a2f867687f19.jpg,1,0,0,0,0,0,0,0
1-1069-_jpg.rf.53c4e049697042b939f0ee4da97b94b2.jpg,0,1,0,0,0,0,0,0
Mastitis-57-_jpg.rf.c37af921d005324b2c0d8d6e2020ec56.jpg,1,0,0,0,0,0,0,0
1-24-_jpg.rf.3efbf58b9564f104192be8dc7a4cf1b9.jpg,0,1,0,0,0,0,0,0
Mastitis-10-_jpg.rf.a62b3e1355642e5003904d8f4c03a38e.jpg,1,0,0,0,0,0,0,0
00000044_jpg.rf.1c30a13ee98787d1480149f676c9e055.jpg,0,1,0,0,0,0,0,0
AdobeStock_34851355_Preview_jpeg.rf.e877d34d7314eef0f2e9b8b84a5bd7a1.jpg,0,1,0,0,0,0,0,0
AdobeStock_433594014_Preview_jpeg.rf.e40478f8f859de64a9a0c524800b5eca.jpg,0,1,0,0,0,0,0,0
images-1-_jpeg.rf.c917113f43178e237aa4264c2d67d6dd.jpg,0,1,0,0,0,0,0,0
AdobeStock_556562712_Video_HD_Preview_mov-0005_jpg.rf.b5c7cf3da2c6cda25c9f732c0e0b80c0.jpg,0,1,0,0,0,0,0,0
hyp22-e1515374029867-1024x742-1-400x284_jpg.rf.375b414ffd0b3d5b6f63bd63ed41034b.jpg,1,0,0,0,0,0,0,0
1-626-_jpg.rf.feb09b662aa173a41ae79620c3b3900c.jpg,0,1,0,0,0,0,0,0
IMG_20250118_143855_jpg.rf.f653a2d8eee222d5bfcbad2d9e4d6a3c.jpg,0,1,0,0,0,0,0,0
00000069_jpg.rf.2d9786c371c447a6388424ef0faa6a5a.jpg,0,1,0,0,0,0,0,0
ring16-e1515291521268-400x284_jpg.rf.3632472e1834a29ced3c3a3b85e3f732.jpg,1,0,0,0,0,0,0,0
1-713-_jpg.rf.924886fe335347934a2c3a703e85603c.jpg,0,1,0,0,0,0,0,0
udder-18_jpg.rf.fb4e12c86855f5c9b85e7a8e17be660c.jpg,0,1,0,0,0,0,0,0
Mastitis-58-_jpg.rf.983e592e1fe4ed2c81518aa425b36e20.jpg,1,0,0,0,0,0,0,0
AdobeStock_120372303_Preview_jpeg.rf.45dc8930189fc00ffcc6a91468658836.jpg,0,1,0,0,0,0,0,0
Chemcial-burn-e1515283477137-400x284_jpg.rf.c50a54ddec4fcb5a96d0f26bd0bf73c7.jpg,1,0,0,0,0,0,0,0
AdobeStock_480163971_Preview_jpeg.rf.71b42ea82879b8978834c002a6ae4fd1.jpg,0,1,0,0,0,0,0,0
IMG_20250118_144032_jpg.rf.f51ab76a2f98619107c5dd4ce93f6d90.jpg,1,0,0,0,0,0,0,0
AdobeStock_386516856_Preview_jpeg.rf.4c42a6bf251cbb6f2aa564f6ce321228.jpg,0,1,0,0,0,0,0,0
Mastitis-47-_jpg.rf.df9d1b878d58af9a2c1e63d29ffad14a.jpg,1,0,0,0,0,0,0,0
1-691-_jpg.rf.585d589900fe0d2efba11b72df4dfc91.jpg,0,1,0,0,0,0,0,0
Mastitis-10-_jpg.rf.f833c284955eef1257d3ee71d2f685ec.jpg,1,0,0,0,0,0,0,0
Picture23-400x284_jpg.rf.45f2caf9e1dbfed597e3447024a14983.jpg,1,0,0,0,0,0,0,0
Mastitis-3-_jpg.rf.a6fa23d15c53457ad417d26486354b2e.jpg,1,0,0,0,0,0,0,0
AdobeStock_57701541_Preview_jpeg.rf.1f585105272ae3661d71a45018bbd9a7.jpg,0,1,0,0,0,0,0,0
2025-01-18-14-34-24-41d84_mp4-0031_jpg.rf.5a929289af10dfcda827206aaa4874f1.jpg,0,1,0,0,0,0,0,0
Mastitis-38-_jpg.rf.039d788a0005e76d5fa1589e27b859b8.jpg,1,0,0,0,0,0,0,0
AdobeStock_69320056_Preview_jpeg.rf.3f0310589812e21c3697cdb66d3a740a.jpg,0,1,0,0,0,0,0,0
Picture47-1-400x284_jpg.rf.5e8b2e2a16f17c769ce45c9912ca4f37.jpg,1,0,0,0,0,0,0,0
Mastitis-4-_jpg.rf.607f9cdfb67687b59a33203effe7af33.jpg,1,0,0,0,0,0,0,0
1-111-_jpg.rf.0a3ec494ff05006e85fcf2dac341e2f7.jpg,0,1,0,0,0,0,0,0
1-1242-_jpg.rf.ad21d2e4170e2e22875ea2bf0d417fc4.jpg,0,1,0,0,0,0,0,0
AdobeStock_93804337_Video_HD_Preview_mov-0006_jpg.rf.6d305b1effac01e2f764d8bbd76adaf1.jpg,0,1,0,0,0,0,0,0
Mastitis-26-_jpg.rf.c38f96197d3783bc7cca20e3a7c85367.jpg,1,0,0,0,0,0,0,0
Mastitis-21-_jpg.rf.998a3f24cf3d42c15778fe3ca2b9d8eb.jpg,1,0,0,0,0,0,0,0
2025-01-18-14-23-43-18b77_jpg.rf.651dcb9c622631fc1b219c81af7d6d93.jpg,0,1,0,0,0,0,0,0
AdobeStock_404488501_Preview_jpeg.rf.e6cb823aa43cf0b2f6b0c943c259756a.jpg,0,1,0,0,0,0,0,0
normal15-e1515369788421-400x284_jpg.rf.919c03e1e219491b47f936c3f7edb96e.jpg,0,1,0,0,0,0,0,0
dry-skin-crack9-400x284_jpg.rf.8e24af19b644330557cf00f5097dfa78.jpg,1,0,0,0,0,0,0,0
AdobeStock_548951617_Preview_jpeg.rf.c7645e00909a8588679957878dcf2cb7.jpg,0,1,0,0,0,0,0,0
23_jpeg.rf.edcbf3d24acfb038eb4fcc5924413c69.jpg,1,0,0,0,0,0,0,0
Drying-chemical-barrier-dip-build-up-build-up-e1515286053269_jpg.rf.d185bb055d03ab40807f18ed4f0743ae.jpg,1,0,0,0,0,0,0,0
Mastitis-61-_jpg.rf.9dc41cb0df782ef3c06b4319fff77c2e.jpg,1,0,0,0,0,0,0,0
Mastitis-13-_jpg.rf.b031ac3ce50d86d592bb0e5c7c2c40de.jpg,1,0,0,0,0,0,0,0
wet-teat6-1-e1515287995479-400x284_jpg.rf.ae40c9b1dafc31d54346764642cf78d8.jpg,1,0,0,0,0,0,0,0
AdobeStock_85250161_Preview_jpeg.rf.32070cb5252967c99d112bfd729ac1da.jpg,0,1,0,0,0,0,0,0
2025-01-18-14-34-24-41d84_mp4-0042_jpg.rf.29d63e128fec216634177560985c020d.jpg,0,1,0,0,0,0,0,0
1-56-_jpg.rf.5e3ea3b1666ae963f481516f7ed93299.jpg,0,1,0,0,0,0,0,0
00000044_jpg.rf.d0d3c6b80b7a2a63c82c6865bfac699d.jpg,0,1,0,0,0,0,0,0
AdobeStock_556562712_Video_HD_Preview_mov-0004_jpg.rf.0f8eaeffa09cc6b959207abe3a1ccf17.jpg,0,1,0,0,0,0,0,0
1-1241-_jpg.rf.3dfc3fa171e12b676305c6bc3649b1f7.jpg,0,1,0,0,0,0,0,0
2025-01-18-14-28-33-1fe12_jpg.rf.d4d62253119481350f5065f644b33762.jpg,0,1,0,0,0,0,0,0
AdobeStock_480163971_Preview_jpeg.rf.989a341e77e412228aae1a1c8e78bb27.jpg,0,1,0,0,0,0,0,0
Picture47-1-400x284_jpg.rf.99f9c30f12a98e81874264d03f19ba26.jpg,1,0,0,0,0,0,0,0
Mastitis-21-_jpg.rf.1747be774aa6c3ce662bf9bf09a6c725.jpg,1,0,0,0,0,0,0,0
1-1242-_jpg.rf.2cb42a33cbae3fa0ec5e3f6b93791bd6.jpg,0,1,0,0,0,0,0,0
1-10-_jpg.rf.37405a3d5000e6417b74d424d7f30d5a.jpg,0,1,0,0,0,0,0,0
2-11-_jpg.rf.275641df550fab0057d0e7d2d71e48cc.jpg,0,1,0,0,0,0,0,0
dry-skin-crack9-400x284_jpg.rf.7954b812aeeb40d9ae771f307e30e491.jpg,1,0,0,0,0,0,0,0
udder-18_jpg.rf.c6790f2ef08616885d0415140f4acaea.jpg,0,1,0,0,0,0,0,0
AdobeStock_144842083_Preview_jpeg.rf.7703a3bb9ec31d8b00b44767b4bdbce3.jpg,0,1,0,0,0,0,0,0
udder10_jpg.rf.2a651e75a535827d1ef31b61947c3cae.jpg,0,1,0,0,0,0,0,0
hyp17-e1515373911728-1024x894-1-400x284_jpg.rf.e0715cc633157f49cf651dbf25b0dc57.jpg,1,0,0,0,0,0,0,0
AdobeStock_251420633_Preview_jpeg.rf.87436709531a7e3e59687d778cd3bddc.jpg,0,1,0,0,0,0,0,0
001_30_IMG_gro174291-009-848x565_jpg.rf.37f9f0d548f15926e9099254fc74dabf.jpg,1,0,0,0,0,0,0,0
IMG_20250118_144326_jpg.rf.a3814bf5cf0a9747b973b98d24913834.jpg,0,1,0,0,0,0,0,0
1-111-_jpg.rf.f91dd3e7f4ab033d7e0a025b05524650.jpg,0,1,0,0,0,0,0,0
Mastitis-29-_jpg.rf.319a069fe3b2af85ad6d82be91b0a2c2.jpg,1,0,0,0,0,0,0,0
Picture42-1-400x284_jpg.rf.86decf7490698682d3f75124327285ce.jpg,1,0,0,0,0,0,0,0
AdobeStock_624861897_Preview_jpeg.rf.cd50fb40514549ea749369e5b839911f.jpg,0,1,0,0,0,0,0,0
2025-01-18-14-32-16-07bfd_jpg.rf.11ae5d2392d828ee506fe021147a8069.jpg,0,1,0,0,0,0,0,0
AdobeStock_171446256_Preview_jpeg.rf.968c378091b7465feeda18be4bd5c6ba.jpg,0,1,0,0,0,0,0,0
pox3-e1515354218443-400x284_jpg.rf.9615d608c404ca726026fbc92366c5a0.jpg,1,0,0,0,0,0,0,0
AdobeStock_404488501_Preview_jpeg.rf.c39ee8bdf7229c1dc8d72e8c491c72b5.jpg,0,1,0,0,0,0,0,0
AdobeStock_171446256_Preview_jpeg.rf.cdca941579404941a8996bbf47426e77.jpg,0,1,0,0,0,0,0,0
00000080_jpg.rf.6ab22403d2a6ecb6064bdf384b2874d9.jpg,0,1,0,0,0,0,0,0
2025-01-18-14-23-43-18b77_jpg.rf.55dd065c20993ac60ba45710595802bc.jpg,0,1,0,0,0,0,0,0
Mastitis-45-_jpg.rf.4bfc9ad8465d4143cb94c0779107b687.jpg,1,0,0,0,0,0,0,0
Picture46-1-400x284_jpg.rf.fd066deceb834a7d41dda71b916d0c41.jpg,1,0,0,0,0,0,0,0
hyp11-e1515373777349-1024x851-1-400x284_jpg.rf.9feda6ade2ee89841e077302ec5f2f06.jpg,1,0,0,0,0,0,0,0
Mastitis-45-_jpg.rf.6f240d6a1fe825041023efc91c9aa484.jpg,1,0,0,0,0,0,0,0
2025-01-18-14-32-16-07bfd_jpg.rf.81e82dde35944f4d85a8c86bd102e056.jpg,0,1,0,0,0,0,0,0
Mastitis-43-_jpg.rf.4f64904bd4be00e3143427fd92b35199.jpg,1,0,0,0,0,0,0,0
1-1242-_jpg.rf.87d3b4fdee2e18cbd450b132bbe59c7d.jpg,0,1,0,0,0,0,0,0
1-10-_jpg.rf.bc603a5f02d19fac37cee1967b99b7ba.jpg,0,1,0,0,0,0,0,0
Mastitis-21-_jpg.rf.d359a84c1b5be50064ea62674660bc07.jpg,1,0,0,0,0,0,0,0
Chemcial-burn4-e1515283733588-400x284_jpg.rf.291da6415ac542bfbca44fa7f36c5fa4.jpg,1,0,0,0,0,0,0,0
1-626-_jpg.rf.75243e04417ac9c9f9ab24e548ae58ab.jpg,0,1,0,0,0,0,0,0
1-56-_jpg.rf.2d56e90b71f807b957a7d21b59c1dfe8.jpg,0,1,0,0,0,0,0,0
1-56-_jpg.rf.e0d363d1ed517dac89a213217de74cff.jpg,0,1,0,0,0,0,0,0
AdobeStock_154225591_Preview_jpeg.rf.b582cffbca728994f15b572e84945868.jpg,0,1,0,0,0,0,0,0
mastitis_jpeg.rf.d9ac128ed28528553cdcb83415d52070.jpg,1,0,0,0,0,0,0,0
Mastitis-3-_jpg.rf.d243ba7a54b35521a3f8cc560d580be2.jpg,1,0,0,0,0,0,0,0
pox3-e1515354218443-400x284_jpg.rf.f5486d7a4be76610c5e272288c322006.jpg,1,0,0,0,0,0,0,0
1-626-_jpg.rf.de6ddc5fee433c8a98a689c80de34378.jpg,0,1,0,0,0,0,0,0
00000166_jpg.rf.3bf25443857e59e68fff20529d3d4831.jpg,0,1,0,0,0,0,0,0
Mastitis-43-_jpg.rf.48aa8ea6af80c695dd9ea47d9eefb54c.jpg,1,0,0,0,0,0,0,0
AdobeStock_43573914_Preview_jpeg.rf.86697f5ef550103c187ec750de3c65e8.jpg,0,1,0,0,0,0,0,0
Mastitis-53-_jpg.rf.19f22ab00e6cb1111fcf0021a2ccdd60.jpg,1,0,0,0,0,0,0,0
AdobeStock_53027441_Preview_jpeg.rf.cfc9081490463c2208e32a5759a7706e.jpg,0,1,0,0,0,0,0,0
AdobeStock_53027441_Preview_jpeg.rf.c1b69eecf172f436d45272c04f356d59.jpg,0,1,0,0,0,0,0,0
Very-Rough-2-2-e1515372540883-400x284_jpg.rf.1521ac03e15e4af05d88a333a0938641.jpg,1,0,0,0,0,0,0,0
1-742-_jpg.rf.29dfe7b2caec0edb018a556bd302a1bc.jpg,0,1,0,0,0,0,0,0
Chemcial-burn4-e1515283733588-400x284_jpg.rf.37a790763f6bf625422f9d3182cdf302.jpg,1,0,0,0,0,0,0,0
00000080_jpg.rf.d0b5e3ec85dde873e558e45fe7e418dc.jpg,0,1,0,0,0,0,0,0
Mastitis-58-_jpg.rf.b4b8982c20beeaf5425ec014acfa0a1f.jpg,1,0,0,0,0,0,0,0
pox3-e1515354218443-400x284_jpg.rf.26d64d45ea24748481b8598960e0f4be.jpg,1,0,0,0,0,0,0,0
2-6-_jpg.rf.cb6b5f2409e1234788e47fd71cd93d2f.jpg,0,1,0,0,0,0,0,0
Chemcial-burn3-e1515283623745-400x284_jpg.rf.932364730992c40cfcca85059c7ca937.jpg,1,0,0,0,0,0,0,0
AdobeStock_432132541_Preview_jpeg.rf.cef12f2c64f342d6e0ac25171234389f.jpg,0,1,0,0,0,0,0,0
Mastitis-42-_jpg.rf.e3fb90d31555a35981a225ad91cf38cc.jpg,1,0,0,0,0,0,0,0
Mastitis-43-_jpg.rf.8d464ac39830cccb40d0f340930bf017.jpg,1,0,0,0,0,0,0,0
00000166_jpg.rf.8141224d936ae44e629b30ac19b5fcfe.jpg,0,1,0,0,0,0,0,0
AdobeStock_624861897_Preview_jpeg.rf.a8729a345b208ed9268ea5376a507377.jpg,0,1,0,0,0,0,0,0
00000103_jpg.rf.6cf5a4bc0181f4cbcc524d3dee08a4c1.jpg,0,1,0,0,0,0,0,0
AdobeStock_432132541_Preview_jpeg.rf.58ef7447e488b41f33747907dbed261f.jpg,0,1,0,0,0,0,0,0
ring10-400x284_jpg.rf.911b214a84e46e75219c6e117fa1567b.jpg,1,0,0,0,0,0,0,0
AdobeStock_53027441_Preview_jpeg.rf.535b18a0bc80bc9a3e3b4d0df1054a12.jpg,0,1,0,0,0,0,0,0
Mastitis-58-_jpg.rf.abca6f0b428ee6379f2959ee12ce56e3.jpg,1,0,0,0,0,0,0,0
AdobeStock_24382966_Preview_jpeg.rf.ff792c39540a60cea90a93b3617b3fad.jpg,0,1,0,0,0,0,0,0
Picture4-400x284_jpg.rf.c98a75638ede9296c9aede1322a66d5c.jpg,1,0,0,0,0,0,0,0
Picture2-400x284_jpg.rf.7e37c44eacec5482beb2826c66de0cd0.jpg,1,0,0,0,0,0,0,0
AdobeStock_24382966_Preview_jpeg.rf.00e18fac3fb86de29651e0c14bd35c86.jpg,0,1,0,0,0,0,0,0
Mastitis-1-_jpg.rf.bcd56909f329abea4288d5c63519314b.jpg,1,0,0,0,0,0,0,0
normal5-e1515369559545-400x284_jpg.rf.6b6240cb5f212a6077b166b129f07b53.jpg,0,1,0,0,0,0,0,0
hyp23-e1515374144420-1024x787-1-400x284_jpg.rf.3f0fdba8a398515f795353cccda2d4a2.jpg,1,0,0,0,0,0,0,0
1-698-_jpg.rf.9984ec1cd598c9c3cbc2a2839f92140d.jpg,0,1,0,0,0,0,0,0
Mastitis-12-_jpg.rf.66e15c683308ee410c2202d3bd683c80.jpg,1,0,0,0,0,0,0,0
Mastitis-50-_jpg.rf.22b905f8926817fd07bf5aea53ae4766.jpg,1,0,0,0,0,0,0,0
2-127-_jpg.rf.b46bf9abdd5e9a21e2e450a8bf21349e.jpg,0,1,0,0,0,0,0,0
hyp25-1024x683-1-400x284_jpg.rf.cdc03d6ed1f732d4191d2f216b6c404b.jpg,1,0,0,0,0,0,0,0
AdobeStock_346113562_Preview_jpeg.rf.9b6cb2a54202fb368cea036edd5dafdf.jpg,0,1,0,0,0,0,0,0
exfol3-400x284_jpg.rf.4c78f734cfac4dfee4902c3625a21aa1.jpg,1,0,0,0,0,0,0,0
Picture24-1-400x284_jpg.rf.3934b1ea8dd53a34c7a55f9e9aeae32f.jpg,1,0,0,0,0,0,0,0
AdobeStock_415572885_Preview_jpeg.rf.449c487e955e67af5942de03b1ad4903.jpg,0,1,0,0,0,0,0,0
udder-19_jpg.rf.8939e15d491465bcbeb7558f675e3835.jpg,0,1,0,0,0,0,0,0
Mastitis-32-_jpg.rf.ce7a9be06f1ff756ccc802d39c9f60a9.jpg,1,0,0,0,0,0,0,0
Mastitis-57-_jpg.rf.de6e455b224cd61d1357a698b91226ad.jpg,1,0,0,0,0,0,0,0
2025-01-18-14-18-57-29908_jpg.rf.d3df2810ddc01cb6d91d207be3b7d74c.jpg,0,1,0,0,0,0,0,0
Mastitis-42-_jpg.rf.45142cf3254aa962dab31f3f3c4b6175.jpg,1,0,0,0,0,0,0,0
AdobeStock_93804337_Video_HD_Preview_mov-0022_jpg.rf.83e7f6542febfd2c1ee83574c7275b3b.jpg,0,1,0,0,0,0,0,0
AdobeStock_93804337_Video_HD_Preview_mov-0013_jpg.rf.dde3a181f19d095df320b0eedcf9826f.jpg,0,1,0,0,0,0,0,0
Mastitis-59-_jpg.rf.c8ee2a0636bd855834547c377cf3ee5e.jpg,1,0,0,0,0,0,0,0
Mastitis-17-_jpg.rf.0a25403b3daf5203506782d5da360a35.jpg,1,0,0,0,0,0,0,0
AdobeStock_93804337_Video_HD_Preview_mov-0000_jpg.rf.f710510c87132c212465fe2c057b5345.jpg,0,1,0,0,0,0,0,0
00000173_jpg.rf.70c155e77449293c0fac6f189cff7aa4.jpg,0,1,0,0,0,0,0,0
1-672-_jpg.rf.c54420f1e19d89d26ba44ca17e670e5e.jpg,0,1,0,0,0,0,0,0
Picture18-400x284_jpg.rf.df908ce7b6f78f3c985bde5bd0b52c5e.jpg,1,0,0,0,0,0,0,0
imgs206_jpg.rf.b40ddc133e7fc557eb25b64e6e4ca26e.jpg,0,1,0,0,0,0,0,0
Picture52-400x284_jpg.rf.846205af2e4b50cd3b7855cd50c229a2.jpg,1,0,0,0,0,0,0,0
00000186_jpg.rf.1ffa580f9a50e6d940c52dab79ad444e.jpg,0,1,0,0,0,0,0,0
Mastitis-52-_jpg.rf.90df3f355598df9e6ba29cfa112a8bac.jpg,1,0,0,0,0,0,0,0
mastitis_jpeg.rf.ba584f9b3fda031eb307c3ae9569e50f.jpg,1,0,0,0,0,0,0,0
Mastitis-43-_jpg.rf.68ee8d0069fc929b759141fd11c81f0a.jpg,1,0,0,0,0,0,0,0
1-664-_jpg.rf.41fa60b90435c2a8499fb8d05854e6ea.jpg,0,1,0,0,0,0,0,0
AdobeStock_281905547_Preview_jpeg.rf.d08374f24cfea4d32df24614b1c47350.jpg,0,1,0,0,0,0,0,0
ring10-400x284_jpg.rf.e61bf59720e1d8438625666c23ea033b.jpg,1,0,0,0,0,0,0,0
AdobeStock_336719294_Preview_jpeg.rf.3cb92170828cf9af31ca0d249b4beace.jpg,0,1,0,0,0,0,0,0
hyp13-e1515373816135-1024x738-1-400x284_jpg.rf.5b2e11bb3f7894861e72fa904975626b.jpg,1,0,0,0,0,0,0,0
GRZ_76_jpg.rf.a6f04c48ff23fdb48ca147736b8147b7.jpg,0,1,0,0,0,0,0,0
IMG_20250118_144310_jpg.rf.cc20cd2a0ffaa33de46ec3b3633f3f1e.jpg,0,1,0,0,0,0,0,0
Mastitis-30-_jpg.rf.29c039a1d7d4b0113baec45c547284ee.jpg,1,0,0,0,0,0,0,0
AdobeStock_394830772_Preview_jpeg.rf.4b5bf2fb74ed59a507de2a42fbb362e3.jpg,0,1,0,0,0,0,0,0
AdobeStock_109023981_Preview_jpeg.rf.699185131cd1ba88286ba4a658d1d01e.jpg,0,1,0,0,0,0,0,0
2025-01-18-14-34-24-41d84_mp4-0030_jpg.rf.9c6c037cff077bb1b8fa5b17a528846a.jpg,0,1,0,0,0,0,0,0
AdobeStock_14812751_Preview_jpeg.rf.988d9a6920595ae34746767047dbc768.jpg,0,1,0,0,0,0,0,0
AdobeStock_556562712_Video_HD_Preview_mov-0003_jpg.rf.86b4fe4b86ead7ab4b88b194247e90cd.jpg,0,1,0,0,0,0,0,0
Mastitis-68-_jpg.rf.adf16a6fff4d66f140d74ffb32ac3946.jpg,1,0,0,0,0,0,0,0
1-138-_jpg.rf.977fa0393e9cc3d16331992d76517c12.jpg,0,1,0,0,0,0,0,0
Mastitis-49-_jpg.rf.a5d4323963f00a7c77337fec71d228b0.jpg,1,0,0,0,0,0,0,0
1-38-_jpg.rf.6c993ee5f2e6e7b5d7103f98d4d64066.jpg,0,1,0,0,0,0,0,0
mastitis-2_jpeg.rf.5c823c246ae9a50441386f428eedb100.jpg,1,0,0,0,0,0,0,0
dry-skin-eo5-400x284_jpg.rf.f5a14c9b94c738a873832626adda1da2.jpg,1,0,0,0,0,0,0,0
1-749-_jpg.rf.6328e3190bdee1d1f9f2ab32b91d4ac4.jpg,0,1,0,0,0,0,0,0
AdobeStock_23228077_Preview_jpeg.rf.ca02f82ef5f2b7c8c47c0bf2d864175a.jpg,0,1,0,0,0,0,0,0
00000020_jpg.rf.8bba652509500ef07c42375797e25efe.jpg,0,1,0,0,0,0,0,0
Picture29-1-400x284_jpg.rf.4a7b022509e2ba812b89540040c66623.jpg,1,0,0,0,0,0,0,0
IMG_20250118_144303_jpg.rf.60a6afe94a5b0a4965267d6aef483e05.jpg,0,1,0,0,0,0,0,0
Picture15-400x284_jpg.rf.6086aed09b3e644f1ce27dc299974bee.jpg,1,0,0,0,0,0,0,0
2-94-_jpg.rf.6f5f31124a1465a3804377eccd7f5c12.jpg,0,1,0,0,0,0,0,0
AdobeStock_209933484_Preview_jpeg.rf.a77a80179cb392cb66a96682b30fce99.jpg,0,1,0,0,0,0,0,0
1-38-_jpg.rf.814b774270ca5fcd695e246bef842a37.jpg,0,1,0,0,0,0,0,0
Picture27-400x284_jpg.rf.39e23a884938f2cdb8e7ab53d68aa3e2.jpg,1,0,0,0,0,0,0,0
1-646-_jpg.rf.9b46cf3f60b5fd09f24672e4d71235b7.jpg,0,1,0,0,0,0,0,0
AdobeStock_220015949_Preview_jpeg.rf.25e57c6628be05abcdafaf1e6e9ea531.jpg,0,1,0,0,0,0,0,0
AdobeStock_209933484_Preview_jpeg.rf.41a9c471bd5f44f6a21ab45b09f52019.jpg,0,1,0,0,0,0,0,0
Mastitis-43-_jpg.rf.437ca78a5143ff41a03a55565a917a3d.jpg,1,0,0,0,0,0,0,0
AdobeStock_544941447_Preview_jpeg.rf.340fcf87b5ada07f9fc7aabb40e0f40d.jpg,0,1,0,0,0,0,0,0
Picture49-1-400x284_jpg.rf.a268ae3b18a6839e10ad2682af8c3932.jpg,1,0,0,0,0,0,0,0
AdobeStock_360140155_Preview_jpeg.rf.52914611eed9078d513922195c6b1122.jpg,0,1,0,0,0,0,0,0
AdobeStock_408874034_Preview_jpeg.rf.ac2e14a0f15ecb210231bf052e769e56.jpg,0,1,0,0,0,0,0,0
IMG_20250118_143944_jpg.rf.ffb3168bf675622adc78b8d178b75941.jpg,1,0,0,0,0,0,0,0
1-749-_jpg.rf.50adfa0d5e9574930806ff7548b9ebb2.jpg,0,1,0,0,0,0,0,0
AdobeStock_14812751_Preview_jpeg.rf.f81989243ea0781e5d04b9226d1c46e3.jpg,0,1,0,0,0,0,0,0
IMG_20250118_144245_jpg.rf.2530802135f20c1ed2062d92bda17795.jpg,0,1,0,0,0,0,0,0
IMG_20250118_143826_jpg.rf.d1fec1590f2ac673a95cea7e6a5337b2.jpg,0,1,0,0,0,0,0,0
IMG_20250118_144441_jpg.rf.b248aacad2cb0df1494f9937d17823e1.jpg,0,1,0,0,0,0,0,0
normal18-e1515370070827-400x284_jpg.rf.3e6a5d9b162eb28e4ddc90389d46f631.jpg,0,1,0,0,0,0,0,0
6_jpeg.rf.b901b14b22c813eae9e7c20095daed15.jpg,1,0,0,0,0,0,0,0
pseudo-pox1-e1515356634396-400x284_jpg.rf.569bbecaa2cf262cfa362eae8d5c4060.jpg,1,0,0,0,0,0,0,0
2025-01-18-14-34-24-41d84_mp4-0037_jpg.rf.a8d4f544f48ed64748966939e1c9270e.jpg,0,1,0,0,0,0,0,0
2025-01-18-14-34-24-41d84_mp4-0034_jpg.rf.ed8bfc316aa15fd522193e96f4a87bc8.jpg,0,1,0,0,0,0,0,0
IMG_20250118_143826_jpg.rf.da76f9ef243557f93861011639982746.jpg,0,1,0,0,0,0,0,0
Picture23-400x284_jpg.rf.ee837eb763f68155a615ab08ef7bf277.jpg,1,0,0,0,0,0,0,0
Picture2-400x284_jpg.rf.7968d3ff289f15fd591ce9b02ed265cd.jpg,1,0,0,0,0,0,0,0
AdobeStock_556562712_Video_HD_Preview_mov-0004_jpg.rf.b6176f9635618472f190617b9c25f961.jpg,0,1,0,0,0,0,0,0
normal15-e1515369788421-400x284_jpg.rf.9470fc4647a6c28246aea18eae376c07.jpg,0,1,0,0,0,0,0,0
Picture23-400x284_jpg.rf.0346aace63ccfae227d9e057c17ba84e.jpg,1,0,0,0,0,0,0,0
Mastitis-4-_jpg.rf.c9ac89f63c7dad9724f0ed101f136c9c.jpg,1,0,0,0,0,0,0,0
AdobeStock_556562712_Video_HD_Preview_mov-0003_jpg.rf.6fedcecb1fc1c878aed5f80e3af806ce.jpg,0,1,0,0,0,0,0,0
00000069_jpg.rf.eb0583654212c3c9926fa390aa9ecac2.jpg,0,1,0,0,0,0,0,0
chaps-5_1_orifice-400x284_png.rf.5496553beeccc8e5796c6f4e94f9f9e3.jpg,1,0,0,0,0,0,0,0
Papilloma-400x284_jpg.rf.66294f5d82da87e325ed6bb5ac52ef8f.jpg,1,0,0,0,0,0,0,0
Mastitis-47-_jpg.rf.ccc7719bed9ebd04713fac95611e78eb.jpg,1,0,0,0,0,0,0,0
1-613-_jpg.rf.bc9e46ab0ded99cf91abfcc712cf7ddc.jpg,0,1,0,0,0,0,0,0
Drying-chemical-barrier-dip-build-up-build-up-e1515286053269_jpg.rf.1247126faf90de2cf08a4c41e1e21696.jpg,1,0,0,0,0,0,0,0
Purple-Teats-with-wedging-overmilking-400x284_jpg.rf.eefcf27218ca7870ba252fc1a0fe3dc2.jpg,1,0,0,0,0,0,0,0
Purple-Teats-with-wedging-overmilking-400x284_jpg.rf.502b883c9e1808f732585971c064454d.jpg,1,0,0,0,0,0,0,0
Mastitis-47-_jpg.rf.ee9ea189d8585daabee67c8880be7b0c.jpg,1,0,0,0,0,0,0,0
2-26-_jpg.rf.ae1d590f121634b44f1c73a9e051b8ea.jpg,0,1,0,0,0,0,0,0
1-713-_jpg.rf.e0d99d23a399ef54af1cac55555eb1c6.jpg,0,1,0,0,0,0,0,0
23_jpeg.rf.ada319489317450d31095fe77189d762.jpg,1,0,0,0,0,0,0,0
1-1241-_jpg.rf.a28769536edf975449f442fec616d6bf.jpg,0,1,0,0,0,0,0,0
2-26-_jpg.rf.bb1dc0b4d6c522b2b9d0034cb1242f03.jpg,0,1,0,0,0,0,0,0
Mastitis-61-_jpg.rf.457b11f7394b175d69e43373869c5958.jpg,1,0,0,0,0,0,0,0
AdobeStock_93804337_Video_HD_Preview_mov-0006_jpg.rf.77682e1c611e2dff10ffe157f08ff987.jpg,0,1,0,0,0,0,0,0
Mastitis-3-_jpg.rf.2708642e7d589e25071134259addbca3.jpg,1,0,0,0,0,0,0,0
Mastitis-58-_jpg.rf.795d1e410a54aeef6399bb00075a63e9.jpg,1,0,0,0,0,0,0,0
Mastitis-3-_jpg.rf.891cbef6b013e840746685c4aa02b319.jpg,1,0,0,0,0,0,0,0
AdobeStock_93804337_Video_HD_Preview_mov-0008_jpg.rf.99f21c01c3bfa5f155c9c2f2df156d59.jpg,0,1,0,0,0,0,0,0
Mastitis-58-_jpg.rf.b1b7335a863e413a73ae834522fd129f.jpg,1,0,0,0,0,0,0,0
AdobeStock_93804337_Video_HD_Preview_mov-0004_jpg.rf.e19a37a73a6d5c692f54c27c954a6484.jpg,0,1,0,0,0,0,0,0
2-26-_jpg.rf.8f223ad586ac3cd4b9890f09720b0e86.jpg,0,1,0,0,0,0,0,0
00000020_jpg.rf.81b2194890c678021ea3aba82ab49644.jpg,0,1,0,0,0,0,0,0
Mastitis-58-_jpg.rf.356b06428ad544244a41bd22d75affad.jpg,1,0,0,0,0,0,0,0
AdobeStock_93804337_Video_HD_Preview_mov-0004_jpg.rf.2ac6a38583f16b62c67374c822729ae2.jpg,0,1,0,0,0,0,0,0
Picture29-1-400x284_jpg.rf.8ceec66ef3dbe40884b9341284b07f09.jpg,1,0,0,0,0,0,0,0
AdobeStock_93804337_Video_HD_Preview_mov-0004_jpg.rf.b7cd71f71d236d7a08a9cf7e107930a7.jpg,0,1,0,0,0,0,0,0
Papilloma-400x284_jpg.rf.b9d92c595e2335c68ed4448d832f2218.jpg,1,0,0,0,0,0,0,0
chaps-5_1_orifice-400x284_png.rf.38061b5190ef9025c79ff0a3a43a7282.jpg,1,0,0,0,0,0,0,0
1-613-_jpg.rf.61c2b69786e9fcf94fe3b72a7a3af85e.jpg,0,1,0,0,0,0,0,0
dry-skin-eo5-400x284_jpg.rf.887fc8621142ab52c7f8d94c5d8ecfb6.jpg,1,0,0,0,0,0,0,0
GRZ_76_jpg.rf.eb81b90649efa9c2995c83f3af686a7a.jpg,0,1,0,0,0,0,0,0
AdobeStock_93804337_Video_HD_Preview_mov-0008_jpg.rf.4619e4026dc8ebdcdf7f12c34880aba5.jpg,0,1,0,0,0,0,0,0
AdobeStock_386516879_Preview_jpeg.rf.dea7873411bb8e8609b5708131a4d06d.jpg,0,1,0,0,0,0,0,0
Mastitis-36-_jpg.rf.50bcc736316fa836f4ffb9c62e241947.jpg,1,0,0,0,0,0,0,0
1-697-_jpg.rf.4c1f7413fb464b28248ce68442d76a10.jpg,0,1,0,0,0,0,0,0
Mastitis-45-_jpg.rf.eccb191208a8e59840ed8da7b22c2435.jpg,1,0,0,0,0,0,0,0
Purple-Teats-with-wedging-overmilking-400x284_jpg.rf.9751c0b8d2992f2c50f7d3362c382648.jpg,1,0,0,0,0,0,0,0
00000020_jpg.rf.ee5ae300a3364ca50060c391c82d449d.jpg,0,1,0,0,0,0,0,0
2025-01-18-14-33-04-733df_jpg.rf.f8bc00297032c2af9cea839ebc90db8a.jpg,0,1,0,0,0,0,0,0
Picture51-400x284_jpg.rf.506d5e1342c61f377b840cb7c14b789c.jpg,1,0,0,0,0,0,0,0
26_jpeg.rf.bea20332c40ca64659e670bfc9bb6a97.jpg,1,0,0,0,0,0,0,0
Mastitis-43-_jpg.rf.abf88047df827541b0aabd318de38b79.jpg,1,0,0,0,0,0,0,0
Picture2-400x284_jpg.rf.0542e8fe838e2c71ee6ec2a33456d098.jpg,1,0,0,0,0,0,0,0
Mastitis-20-_jpg.rf.44b468c29d3fb838fac6a04bc8d91c31.jpg,1,0,0,0,0,0,0,0
1-674-_jpg.rf.2ad8cfacca00f76e9257a39c4f9f178a.jpg,0,1,0,0,0,0,0,0
26_jpeg.rf.91040432211f65330c22c98c933334f1.jpg,1,0,0,0,0,0,0,0
AdobeStock_93804337_Video_HD_Preview_mov-0011_jpg.rf.321387e66452e001b0ad9a4f42d89aef.jpg,0,1,0,0,0,0,0,0
1-657-_jpg.rf.0a306a561de0f1c656917160ae32aeba.jpg,0,1,0,0,0,0,0,0
AdobeStock_93804337_Video_HD_Preview_mov-0019_jpg.rf.082f0b440ed31984bed8178834558759.jpg,0,1,0,0,0,0,0,0
Picture40-400x284_jpg.rf.3f1afac926381124c6c66536d6009bd6.jpg,1,0,0,0,0,0,0,0
AdobeStock_8645586_Preview_jpeg.rf.d3be018fc672ece0d47a3874755a7465.jpg,0,1,0,0,0,0,0,0
dry-skin-eo5-400x284_jpg.rf.22a59bc98d67d57f9467d89177a7908e.jpg,1,0,0,0,0,0,0,0
Picture29-1-400x284_jpg.rf.aca5ae5ab651a2d6af18292b4a8f05ef.jpg,1,0,0,0,0,0,0,0
AdobeStock_512779360_Preview_jpeg.rf.edfc7b577dc4e0a99a428a2f5c740acc.jpg,0,1,0,0,0,0,0,0
AdobeStock_556562712_Video_HD_Preview_mov-0003_jpg.rf.eaae0adf31dfed051ce0c2f6cf76cf67.jpg,0,1,0,0,0,0,0,0
2025-01-18-14-33-04-733df_jpg.rf.1ea353e4a1695345a8e36c386c078365.jpg,0,1,0,0,0,0,0,0
AdobeStock_512779360_Preview_jpeg.rf.539835a74ecde7ba5252ab862473d322.jpg,0,1,0,0,0,0,0,0
GRZ_76_jpg.rf.0167f3a020b1b87f416f7c98cf3ca922.jpg,0,1,0,0,0,0,0,0
chaps-5_1_orifice-400x284_png.rf.293cca2a2723e05732ded8c7e6b09468.jpg,1,0,0,0,0,0,0,0
Papilloma-400x284_jpg.rf.00cc0562ec6ddfa92c0a910b9032e255.jpg,1,0,0,0,0,0,0,0
Mastitis-47-_jpg.rf.88fad3be146f7a6e62cc6f5b39f09e09.jpg,1,0,0,0,0,0,0,0
Mastitis-10-_jpg.rf.59fa6614021f36fe0cb31382a540d900.jpg,1,0,0,0,0,0,0,0
1-613-_jpg.rf.1195548e6cc97a380c7f509dd41740b0.jpg,0,1,0,0,0,0,0,0
AdobeStock_113101054_Preview_jpeg.rf.e565bc3119b216a8d44ad7f6487917f4.jpg,0,1,0,0,0,0,0,0
AdobeStock_69320056_Preview_jpeg.rf.f297f2479eab5fb1cded0e4bf3ec5e1c.jpg,0,1,0,0,0,0,0,0
hyp17-e1515373911728-1024x894-1-400x284_jpg.rf.7e458a16ebd9b2bfc4c6132ba27e4fa5.jpg,1,0,0,0,0,0,0,0
Mastitis-26-_jpg.rf.5b556bfec97be4b94e0282a49c6a2c1a.jpg,1,0,0,0,0,0,0,0
Picture40-400x284_jpg.rf.8192446d58f97d6a6c7951ae331ebfed.jpg,1,0,0,0,0,0,0,0
IMG_20250118_143855_jpg.rf.6978f14706855e8617d6948bb0fa0a66.jpg,0,1,0,0,0,0,0,0
1-697-_jpg.rf.968ccd57673f477b3d440f428c9312a5.jpg,0,1,0,0,0,0,0,0
AdobeStock_93804337_Video_HD_Preview_mov-0008_jpg.rf.8a05f313d9e45addd498749bf7885507.jpg,0,1,0,0,0,0,0,0
AdobeStock_93804337_Video_HD_Preview_mov-0011_jpg.rf.43a7ff2ac8d542e0994f3e1e8bd3ba55.jpg,0,1,0,0,0,0,0,0
Mastitis-41-_jpg.rf.496241f2257c7ae6bda608b55e7a9181.jpg,1,0,0,0,0,0,0,0
wet-teat6-1-e1515287995479-400x284_jpg.rf.35ecd25aac1b3340e6855bea17331431.jpg,1,0,0,0,0,0,0,0
2025-01-18-14-34-24-41d84_mp4-0032_jpg.rf.1e053b028f4e4c1c1664a1067d0b0fb8.jpg,0,1,0,0,0,0,0,0
exfol2-400x284_jpg.rf.4ed829f32fac5008a0c2e79ef1476226.jpg,1,0,0,0,0,0,0,0
Mastitis-17-_jpg.rf.cc579ddfb4604ede72a0c23fda01dd5c.jpg,1,0,0,0,0,0,0,0
2-11-_jpg.rf.e83048da8babee24d98253363b88cdf8.jpg,0,1,0,0,0,0,0,0
Mastitis-13-_jpg.rf.55d96dc307e2ca36dd3ec62955ec8a8a.jpg,1,0,0,0,0,0,0,0
2025-01-18-14-34-24-41d84_mp4-0032_jpg.rf.4922f0aa34edbf3eb031f3f85226ac39.jpg,0,1,0,0,0,0,0,0
AdobeStock_85250161_Preview_jpeg.rf.cd016225f7964bdc3d8988b0a3a07dd2.jpg,0,1,0,0,0,0,0,0
AdobeStock_93804337_Video_HD_Preview_mov-0026_jpg.rf.747e315307591e4baf685658d18f421c.jpg,0,1,0,0,0,0,0,0
AdobeStock_411229317_Preview_jpeg.rf.4252befa50023309197e8cd985e965de.jpg,0,1,0,0,0,0,0,0
IMG_20250118_144326_jpg.rf.915e290a13d0171bdcd2e626b6d84e1a.jpg,0,1,0,0,0,0,0,0
AdobeStock_113101054_Preview_jpeg.rf.5453bded9e667a047e4a3c5df77071c0.jpg,0,1,0,0,0,0,0,0
Mastitis-33-_jpg.rf.5485a832166a6f5322f869cb67b4e163.jpg,1,0,0,0,0,0,0,0
AdobeStock_93804337_Video_HD_Preview_mov-0019_jpg.rf.effa7407cd6425b4fb085e763bdb100f.jpg,0,1,0,0,0,0,0,0
AdobeStock_331856846_Preview_jpeg.rf.7c5875ae8afbc50361286bff6638c675.jpg,0,1,0,0,0,0,0,0
AdobeStock_251420633_Preview_jpeg.rf.6dccb415bd9d513865c29ed29b32fb50.jpg,0,1,0,0,0,0,0,0
udder10_jpg.rf.cbe2c1cc32fc053c6ef62feb33730edc.jpg,0,1,0,0,0,0,0,0
1-40-_jpg.rf.0a0be60594d677eac820c1f931dced43.jpg,0,1,0,0,0,0,0,0
Mastitis-29-_jpg.rf.5f328a2fddd309df5160ff82c96ddb5c.jpg,1,0,0,0,0,0,0,0
2025-01-18-14-34-24-41d84_mp4-0042_jpg.rf.3925dafe6dac8d16968c4e5046f3e66b.jpg,0,1,0,0,0,0,0,0
AdobeStock_333517445_Preview_jpeg.rf.2e6e619fa1b1db5a6b3bc7da7a039711.jpg,0,1,0,0,0,0,0,0
Chemcial-burn4-e1515283733588-400x284_jpg.rf.25e1d34f056b38baba380428f882505b.jpg,1,0,0,0,0,0,0,0
Mastitis-21-_jpg.rf.858afa77dc470ffe3fc7124127760af0.jpg,1,0,0,0,0,0,0,0
Mastitis-38-_jpg.rf.8ec49b70e5784bd53cb003ee6881df15.jpg,1,0,0,0,0,0,0,0
hyp20-e1515373975164-1024x749-1-400x284_jpg.rf.8595137b6aa010d3868aaea25deaf789.jpg,1,0,0,0,0,0,0,0
Picture34-400x284_jpg.rf.d81712013ac59ea99ae8f60a0d02b3bc.jpg,1,0,0,0,0,0,0,0
AdobeStock_556562712_Video_HD_Preview_mov-0002_jpg.rf.1d8ea47f65c53edf62e971095c53b463.jpg,0,1,0,0,0,0,0,0
00000166_jpg.rf.f7549caf82315ad9a1a4853cf0ebb607.jpg,0,1,0,0,0,0,0,0
Mastitis-49-_jpg.rf.6af7bfd0966ce98d8d3c8519cee3a246.jpg,1,0,0,0,0,0,0,0
IMG_20250118_143855_jpg.rf.a3c032c13d70e783a7a229547a30e8e7.jpg,0,1,0,0,0,0,0,0
Mastitis-10-_jpg.rf.703a8e9fbf436794706b19658c8d4b48.jpg,1,0,0,0,0,0,0,0
normal1-e1515368903681-400x284_jpg.rf.ee010f688727ac0042a657c01fdf7aef.jpg,0,1,0,0,0,0,0,0
Mastitis-54-_jpg.rf.7648321a23714cfe473cab5d520f3e54.jpg,1,0,0,0,0,0,0,0
00000132_jpg.rf.06f1ec2ae10f97d15d1254ace93f1b0f.jpg,0,1,0,0,0,0,0,0
00000080_jpg.rf.0b69fc1bbe5c05e60c80e3a253b1d48d.jpg,0,1,0,0,0,0,0,0
Picture19-400x284_jpg.rf.9e020c5d5e917c8aef8d0af6aa1f81e3.jpg,1,0,0,0,0,0,0,0
severe-hemm3-e1515364758805-400x284_jpg.rf.11c195ce8096a146f059c23a0c5b8657.jpg,1,0,0,0,0,0,0,0
AdobeStock_57701541_Preview_jpeg.rf.f67feaa7535a5780f3f87a3fc0c8b854.jpg,0,1,0,0,0,0,0,0
Mastitis-12-_jpg.rf.45e5886342b34ec706e48a4f9c431e72.jpg,1,0,0,0,0,0,0,0
udder-9_jpg.rf.025379dba9b34c9bd2536fff5da93c4f.jpg,0,1,0,0,0,0,0,0
Picture28-400x284_jpg.rf.6fa657f421ad01da8baa281effc1378c.jpg,1,0,0,0,0,0,0,0
IMG_20250118_144345_jpg.rf.6fe6400e30d22c5205a5567eab176df9.jpg,0,1,0,0,0,0,0,0
1-642-_jpg.rf.6eebf4fa0a5829a5b120da076c8eaf1f.jpg,0,1,0,0,0,0,0,0
ibk-75833_jpeg.rf.1a0adc684d35a0a6cee76c564af54407.jpg,0,1,0,0,0,0,0,0
Mastitis-44-_jpg.rf.137189a3f78e1e2e7e6b263bac7a84a9.jpg,1,0,0,0,0,0,0,0
normal2-e1515369386480-400x284_jpg.rf.09557b42d66b35b8062c7b7709d5791a.jpg,0,1,0,0,0,0,0,0
00000143_jpg.rf.5aa39df4afbd43dac4235717d6a465a8.jpg,0,1,0,0,0,0,0,0
Mastitis-47-_jpg.rf.f8c6257b40661c0501b1a7b3150d4ee6.jpg,1,0,0,0,0,0,0,0
2025-01-18-14-34-24-41d84_mp4-0031_jpg.rf.e32c4a6196b6031631c26115471e9521.jpg,0,1,0,0,0,0,0,0
hyp2-e1515373564252-729x1024-1-400x284_jpg.rf.2a375f3205435d387809d7b7d2e75376.jpg,1,0,0,0,0,0,0,0
Mastitis-4-_jpg.rf.2983397620d34682cc5d2e5118637b79.jpg,1,0,0,0,0,0,0,0
chemical-burn2-e1515284193990-400x284_jpg.rf.b6f8bbe0c3c4ec948d4d31faaf86caab.jpg,1,0,0,0,0,0,0,0
IMG_20250118_144025_jpg.rf.528b04e92747e21b2d5006a33742f0aa.jpg,1,0,0,0,0,0,0,0
Mastitis-20-_jpg.rf.2719f79df19ab05edbae79a1ecbcc318.jpg,1,0,0,0,0,0,0,0
bullingcows_jpeg.rf.08266b95b62aecc47a36bfa7b7e34223.jpg,0,1,0,0,0,0,0,0
AdobeStock_543199813_Preview_jpeg.rf.c44b3cfb70e661482a4d0d6fe66f9ef2.jpg,0,1,0,0,0,0,0,0
cattle-at-mating-season-2CBWAN3_jpeg.rf.b2c0dcbe83dc61b774ab709ac79cd060.jpg,0,1,0,0,0,0,0,0
1-638-_jpg.rf.efcd4c75abdabd2b7b6d7c567dcfc0ba.jpg,0,1,0,0,0,0,0,0
AdobeStock_222240436_Preview_jpeg.rf.24c70bc5c44748e1831ad08f1e6a78e5.jpg,0,1,0,0,0,0,0,0
wet-teat2-400x284_jpg.rf.2f1fe05d507c0a66839aa3f8f4fc7d4d.jpg,1,0,0,0,0,0,0,0
1-125-_jpg.rf.072222a3a6020762dadfd7c3f11a6a3e.jpg,0,1,0,0,0,0,0,0
2025-01-18-14-20-30-c4dde_jpg.rf.c2c63986bb1584a89c45323f5d925b5e.jpg,0,1,0,0,0,0,0,0
1-88-_jpg.rf.23e5046967d3c5339c2238e7729f0015.jpg,0,1,0,0,0,0,0,0
AdobeStock_382914829_Preview_jpeg.rf.2e033a9d9c18952a17bec40268d4d5ea.jpg,0,1,0,0,0,0,0,0
Chemical-burn-7-e1515283936872-400x284_jpg.rf.1a420f75a324f6ce4fc13979d3ec9f9f.jpg,1,0,0,0,0,0,0,0
hyp3-e1515373586855-1024x864-1-400x284_jpg.rf.c3a94358a7f9b91dcea0612cca8517ec.jpg,1,0,0,0,0,0,0,0
2025-01-18-14-17-38-66a59_jpg.rf.ee63223e73605402a4046aabaa2a7a64.jpg,0,1,0,0,0,0,0,0
1-220-_jpg.rf.45b6a87cd2c08d035f493533095c500b.jpg,0,1,0,0,0,0,0,0
Mastitis-35-_jpg.rf.0b0979f052dfc8f011098f04d9565958.jpg,1,0,0,0,0,0,0,0
udder-6_jpg.rf.f2000b1c6cd6ce59f8b7cf3ed2f90c00.jpg,0,1,0,0,0,0,0,0
AdobeStock_310686148_Preview_jpeg.rf.b270372946668a47ee107f9180acb294.jpg,0,1,0,0,0,0,0,0
Mastitis-61-_jpg.rf.4f9df26fa1e2382914d035dbada266b9.jpg,1,0,0,0,0,0,0,0
2025-01-18-14-20-30-c4dde_jpg.rf.ec611a5369c2c27b54bd42afcdad6798.jpg,0,1,0,0,0,0,0,0
Mastitis-61-_jpg.rf.28c329b7d17ec8086060c618dd0980d9.jpg,1,0,0,0,0,0,0,0
1-638-_jpg.rf.e5c149f00e0c0248c82dbbbf77aede98.jpg,0,1,0,0,0,0,0,0
Mastitis-14-_jpg.rf.1b82b1c91df6e3f3ec01d0915e0ec922.jpg,1,0,0,0,0,0,0,0
hyp23-e1515374144420-1024x787-1-400x284_jpg.rf.e95c7913bdcd6bc0d27aedbe7d747967.jpg,1,0,0,0,0,0,0,0
Mastitis-57-_jpg.rf.cd6e7c18b65ea40d53066455c1883451.jpg,1,0,0,0,0,0,0,0
udder-19_jpg.rf.e4568e2545346c3cd4ee34d4109cfb29.jpg,0,1,0,0,0,0,0,0
Mastitis-9-_jpg.rf.be786e1355f9f2344fe7758493d67ee1.jpg,1,0,0,0,0,0,0,0
AdobeStock_415572885_Preview_jpeg.rf.8684fde2778ef4b3385b916d8f81107b.jpg,0,1,0,0,0,0,0,0
Mastitis-14-_jpg.rf.f38545ce8371d9b1b5a546ac5466d146.jpg,1,0,0,0,0,0,0,0
AdobeStock_111798658_Preview_jpeg.rf.08d16b91ef6ea00ad9d22a0e68921429.jpg,0,1,0,0,0,0,0,0
AdobeStock_346113562_Preview_jpeg.rf.697ca35eee7c8c8d73a6c4a35604e1c8.jpg,0,1,0,0,0,0,0,0
hyp3-e1515373586855-1024x864-1-400x284_jpg.rf.40d33fab710937b9f3a91a94f046471f.jpg,1,0,0,0,0,0,0,0
AdobeStock_217884496_Preview_jpeg.rf.7db24634e214f0a7899139be32649fe0.jpg,0,1,0,0,0,0,0,0
Mastitis-52-_jpg.rf.8d8e459519f18d369624262bab75140c.jpg,1,0,0,0,0,0,0,0
AdobeStock_493193259_Preview_jpeg.rf.187bd0bbd39217dd303473df10e04641.jpg,0,1,0,0,0,0,0,0
1-220-_jpg.rf.fc28c0f5f88e1f9833fd01045e843e30.jpg,0,1,0,0,0,0,0,0
imgs206_jpg.rf.37dd2570f4b97150773016563f71be95.jpg,0,1,0,0,0,0,0,0
normal12-e1515369630614-400x284_jpg.rf.5fdd033161e95499e104cd701239bb94.jpg,0,1,0,0,0,0,0,0
AdobeStock_93804337_Video_HD_Preview_mov-0002_jpg.rf.2505ca01a41c9ef945aba9abaac5cd35.jpg,0,1,0,0,0,0,0,0
Picture9-400x284_jpg.rf.eb93ddad39eaddbaf9333e2b927ce3ce.jpg,1,0,0,0,0,0,0,0
Picture36-400x284_jpg.rf.0fa1a9e5fb7de12fe6f6a014aafbfb53.jpg,1,0,0,0,0,0,0,0
AdobeStock_894010741_Preview_jpeg.rf.f837c7f2a47edb50b2200569fa9c6c7a.jpg,0,1,0,0,0,0,0,0
udder-15_jpg.rf.204c0d5a9f364dee0fdb22d2d361f3f5.jpg,0,1,0,0,0,0,0,0
AdobeStock_310686148_Preview_jpeg.rf.4e2cf7b970c842d8d16c743374d96780.jpg,0,1,0,0,0,0,0,0
chaps-3_1whole-teat_soiled-400x284_png.rf.2481713c35447e21e4239697bb47a6a1.jpg,1,0,0,0,0,0,0,0
AdobeStock_686808903_Preview_jpeg.rf.d31ffbc1d7c3caa4757bd5ad8dd52e3b.jpg,0,1,0,0,0,0,0,0
AdobeStock_93804337_Video_HD_Preview_mov-0020_jpg.rf.6a130f86558a55126e3d3957d824e6c8.jpg,0,1,0,0,0,0,0,0
red13-e1515365056736-735x1024-1-400x284_jpg.rf.22eb4181bc607cac5c27286a96e7e07f.jpg,1,0,0,0,0,0,0,0
dry-skin-1-400x284_jpg.rf.c5b7b21001c4d67b1d439b5c2793ebce.jpg,1,0,0,0,0,0,0,0
1-163-_jpg.rf.f545a702aafc3149f7b7b6c89dc0b836.jpg,0,1,0,0,0,0,0,0
Mastitis-29-_jpg.rf.c7d2cf65686f198d43b0911251edb516.jpg,1,0,0,0,0,0,0,0
2025-01-18-14-31-45-c3b84_jpg.rf.d37f5aef59fd9c6bc849941118fded2a.jpg,0,1,0,0,0,0,0,0
Picture1-400x284_jpg.rf.7415f10400a067e5c71dda812eea0ffd.jpg,1,0,0,0,0,0,0,0
pox1-e1515354008404-400x284_jpg.rf.bbf3253b8a1f295b0217a8ba6e0fe2f9.jpg,1,0,0,0,0,0,0,0
1-711-_jpg.rf.5b3988a42ba07fabd5cd7861ee9b3dbf.jpg,0,1,0,0,0,0,0,0
1-31-_jpg.rf.62dc03e507318b71e6fa14ac9a2f0c36.jpg,0,1,0,0,0,0,0,0
red8-e1515364929848-1024x997-1-400x284_jpg.rf.45543a7294a3fe0189a18bf43ee910b9.jpg,1,0,0,0,0,0,0,0
Mastitis-36-_jpg.rf.b06fe98ab2aff41a1e446ed3df97beef.jpg,1,0,0,0,0,0,0,0
AdobeStock_97991595_Preview_jpeg.rf.8ab7207bfe38904d2aebba7f36305f23.jpg,0,1,0,0,0,0,0,0
Mastitis-17-_jpg.rf.4718ea60ffd5c7eb84e23c6867867830.jpg,1,0,0,0,0,0,0,0
pet-hem3-e1515364562702-400x284_jpg.rf.3a048dac1931f1ba948032bebf7918f0.jpg,1,0,0,0,0,0,0,0
AdobeStock_346074240_Preview_jpeg.rf.aec63460d8aa12293da78097556bff7c.jpg,0,1,0,0,0,0,0,0
2025-01-18-14-23-49-c22dd_jpg.rf.69f820a61379efe41cd56eb41a0bcfa4.jpg,0,1,0,0,0,0,0,0
AdobeStock_49233136_Preview_jpeg.rf.f226f34be4d44439dbf150d8f7ed19c9.jpg,0,1,0,0,0,0,0,0
Picture24-1-400x284_jpg.rf.4c4323cc3c35890dea5edb18278cc941.jpg,1,0,0,0,0,0,0,0
Mastitis-28-_jpg.rf.87b3966291d89746507e8aa638abd27f.jpg,1,0,0,0,0,0,0,0
Picture18-400x284_jpg.rf.f65c6976ce9ec6173758e41ebe36b5ae.jpg,1,0,0,0,0,0,0,0
Mastitis-61-_jpg.rf.c32f1dfeff9f38e9cb5eb63f1f825ede.jpg,1,0,0,0,0,0,0,0
chaps-6_1_mouthpiece-400x284_png.rf.8bf7e51753a91ea5e5d7a28d3d62d4a5.jpg,1,0,0,0,0,0,0,0
2-127-_jpg.rf.89ece4a5addf90ba6566a8e02e6d544a.jpg,0,1,0,0,0,0,0,0
Mastitis-35-_jpg.rf.cb7a9f8c38cc569313ceef9a37b1914d.jpg,1,0,0,0,0,0,0,0
Picture44-1-400x284_jpg.rf.b053611ef2b2832a91d73de9d5ee519a.jpg,1,0,0,0,0,0,0,0
AdobeStock_650846322_Preview_jpeg.rf.83d8b0fed06908a093b03f4cf885326a.jpg,0,1,0,0,0,0,0,0
Picture31-400x284_jpg.rf.6d4c992ff03ebf65a915ba852af09608.jpg,1,0,0,0,0,0,0,0
Mastitis-30-_jpg.rf.cdc57c3e5dc7df2afdbc74f2afde1c68.jpg,1,0,0,0,0,0,0,0
1-108-_jpg.rf.ac9e687a5f391d95fa8ccd1028c9c12b.jpg,0,1,0,0,0,0,0,0
Mastitis-28-_jpg.rf.874de93fdbc8c279f5bd8d2f1aae1d13.jpg,1,0,0,0,0,0,0,0
AdobeStock_65291716_Preview_jpeg.rf.f09e83890dc7d134cdd7ab382e7fa54c.jpg,0,1,0,0,0,0,0,0
Mastitis-14-_jpg.rf.3fedf3cca9b5fef49099451e553616f9.jpg,1,0,0,0,0,0,0,0
1-698-_jpg.rf.740fa9e12df4a7cb008de7b46e4f0c47.jpg,0,1,0,0,0,0,0,0
AdobeStock_894010741_Preview_jpeg.rf.b48e003273703589eb0f30b1900d4a04.jpg,0,1,0,0,0,0,0,0
Chemical-damage-e1515285856612-356x284_jpg.rf.98759b6e763d2782e73947d055eaa34a.jpg,1,0,0,0,0,0,0,0
Mastitis-4-_jpg.rf.40fc9e2448f23fe305e29d808c2f8e79.jpg,1,0,0,0,0,0,0,0
1-597-_jpg.rf.a0492080c047088ead7e3dbcec61f2b5.jpg,0,1,0,0,0,0,0,0
dry-skin-crack2-400x284_jpg.rf.1fa7de7418f4eda0f64ad5e5133b4002.jpg,1,0,0,0,0,0,0,0
AdobeStock_111798658_Preview_jpeg.rf.891413decabc447bf8cb136699b74758.jpg,0,1,0,0,0,0,0,0
Picture21-400x284_jpg.rf.0418d1698f8ff48f285152e6e6ff914d.jpg,1,0,0,0,0,0,0,0
hyp25-1024x683-1-400x284_jpg.rf.8067cc8d894596c80336145346a77917.jpg,1,0,0,0,0,0,0,0
2025-01-18-14-18-22-b95c6_jpg.rf.e710d15415a7d5035eb9e16ee949908d.jpg,0,1,0,0,0,0,0,0
AdobeStock_81533120_Preview_jpeg.rf.e4f14d5c14dcc5f4c4f341e0a922535d.jpg,0,1,0,0,0,0,0,0
AdobeStock_222240436_Preview_jpeg.rf.c188ab50b395a44562053e726ab0827a.jpg,0,1,0,0,0,0,0,0
2025-01-18-14-17-38-66a59_jpg.rf.68f8738bd1fd49c4ce8db15483b498f7.jpg,0,1,0,0,0,0,0,0
Mastitis-42-_jpg.rf.ea97900516035083fc16a6da0cb203bc.jpg,1,0,0,0,0,0,0,0
Mastitis-50-_jpg.rf.a30061b351bacc5e8d88d44943554477.jpg,1,0,0,0,0,0,0,0
Mastitis-13-_jpg.rf.62ecafc465da55f7a3fff043940d4dc3.jpg,1,0,0,0,0,0,0,0
2025-01-18-14-18-57-29908_jpg.rf.f5861e719bf5d788a0d52a3f9fe1285b.jpg,0,1,0,0,0,0,0,0
00000173_jpg.rf.49eb248460fa11f686b72720e999f67f.jpg,0,1,0,0,0,0,0,0
normal5-e1515369559545-400x284_jpg.rf.c5ae9d9c142d489d684ae8406634c45d.jpg,0,1,0,0,0,0,0,0
AdobeStock_93804337_Video_HD_Preview_mov-0013_jpg.rf.def508df648ffecac43c541384bb30de.jpg,0,1,0,0,0,0,0,0
IMG_20250118_144130_jpg.rf.523b4d3bc28ba1738cc1bbe8c2fd7426.jpg,0,1,0,0,0,0,0,0
AdobeStock_93804337_Video_HD_Preview_mov-0000_jpg.rf.12fa2aeabe983d33b9ec8f0eb6a9084c.jpg,0,1,0,0,0,0,0,0
AdobeStock_331856859_Preview_jpeg.rf.6f4e46554612fb7574d06b968b9439bc.jpg,0,1,0,0,0,0,0,0
wet-teat2-400x284_jpg.rf.693485bf5facfeb9d85315cf87aad7e1.jpg,1,0,0,0,0,0,0,0
cattle-at-mating-season-2CBWAN3_jpeg.rf.524d3e5eb489eb5307e464aea67a9f80.jpg,0,1,0,0,0,0,0,0
1-88-_jpg.rf.9c5f967352d6f6d9e7cb32206e24efb2.jpg,0,1,0,0,0,0,0,0
Chemical-burn-7-e1515283936872-400x284_jpg.rf.d1834fd791fb0c474844eb2364bd4677.jpg,1,0,0,0,0,0,0,0
27_jpeg.rf.0b91d8e3c68ec921328eea9e8c24d91c.jpg,1,0,0,0,0,0,0,0
1-680-_jpg.rf.69ef143f7daef3bd95388207568bbe81.jpg,0,1,0,0,0,0,0,0
00000072_jpg.rf.3f176786a5cc4b10191e44f2761b5aec.jpg,0,1,0,0,0,0,0,0
AdobeStock_382914829_Preview_jpeg.rf.f51df6729a5068d7dcfce63c2abdbb4b.jpg,0,1,0,0,0,0,0,0
1-639-_jpg.rf.7681e68327633ed2cd88a8107be394a3.jpg,0,1,0,0,0,0,0,0
Mastitis-14-_jpg.rf.8c38a1527e1bd9ecbe15be3699dfcc3d.jpg,1,0,0,0,0,0,0,0
Mastitis-12-_jpg.rf.93e3091f09c1e41474e0c5954b0dcb9e.jpg,1,0,0,0,0,0,0,0
AdobeStock_377978682_Preview_jpeg.rf.4e6a733927df22d1bebe5bf0f1beb788.jpg,0,1,0,0,0,0,0,0
Large-Ring-2-2-e1515371633565-400x284_jpg.rf.64ecefbe51ecf6870d904b5cb8806743.jpg,1,0,0,0,0,0,0,0
exfol3-400x284_jpg.rf.c7396dee60c1b68d68329b251c9cd84f.jpg,1,0,0,0,0,0,0,0
Picture12-400x284_jpg.rf.515ac35fa655257819bb9e351a2b2143.jpg,1,0,0,0,0,0,0,0
AdobeStock_159261631_Preview_jpeg.rf.2cca93a98347dcfe2df23e27b95e3306.jpg,0,1,0,0,0,0,0,0
1-125-_jpg.rf.9b6ed415cb82ecf1334bab1ee2582cea.jpg,0,1,0,0,0,0,0,0
Mastitis-61-_jpg.rf.5f065dc893f6ed10391cb4acdbd3351a.jpg,1,0,0,0,0,0,0,0
1-96-_jpg.rf.cc229a92d29ab9744d300b02de1c5d51.jpg,0,1,0,0,0,0,0,0
pox4-e1515354347181-400x284_jpg.rf.679ee0b091ae21579d2589087a737b08.jpg,1,0,0,0,0,0,0,0
Picture45-400x284_jpg.rf.f29ce7310f0a11f9a5446b09c905d268.jpg,1,0,0,0,0,0,0,0
AdobeStock_237691723_Preview_jpeg.rf.055e9e623a85a7819deefbfa4604c6bc.jpg,0,1,0,0,0,0,0,0
AdobeStock_493193242_Preview_jpeg.rf.b5093b301e41f05565b4dcb796aca7a6.jpg,0,1,0,0,0,0,0,0
Mastitis-20-_jpg.rf.76636ebd45f752d6f5d590d194a857da.jpg,1,0,0,0,0,0,0,0
AdobeStock_93804337_Video_HD_Preview_mov-0022_jpg.rf.c7d60f87145fd107f8d39d71c8417679.jpg,0,1,0,0,0,0,0,0
Mastitis-27-_jpg.rf.50714a45c58da4e4d102c8eee93b9df5.jpg,1,0,0,0,0,0,0,0
Picture52-400x284_jpg.rf.88987474102119a08ae64c179221d44e.jpg,1,0,0,0,0,0,0,0
bullingcows_jpeg.rf.2a02538be5f21007c56ff0712450382a.jpg,0,1,0,0,0,0,0,0
Mastitis-32-_jpg.rf.4e0eceb2bec6f6acf82901cda828c7df.jpg,1,0,0,0,0,0,0,0
1-672-_jpg.rf.78af130906e744071f6fcd3f86991ace.jpg,0,1,0,0,0,0,0,0
Mastitis-59-_jpg.rf.79a5e8a7b2a5084e5665b9e1d01d946e.jpg,1,0,0,0,0,0,0,0
udder-6_jpg.rf.b6d41a530532d862fd3a78e4dd30cffb.jpg,0,1,0,0,0,0,0,0
AdobeStock_346113562_Preview_jpeg.rf.0582de6ab9c7011e4077c1d440f9478c.jpg,0,1,0,0,0,0,0,0
00000186_jpg.rf.7142ca817c59e4a4bc664c6f88c49ff7.jpg,0,1,0,0,0,0,0,0
imgs206_jpg.rf.92843b1dc5d8fcfaa8d0e3ecadfecb48.jpg,0,1,0,0,0,0,0,0
1-638-_jpg.rf.9a80426cde3156c7d6b1273e3a7b10a5.jpg,0,1,0,0,0,0,0,0
AdobeStock_543199813_Preview_jpeg.rf.691d6192a125c087580999b2ed62c617.jpg,0,1,0,0,0,0,0,0
hyp23-e1515374144420-1024x787-1-400x284_jpg.rf.677da3f3a48db2545277029c41b9252a.jpg,1,0,0,0,0,0,0,0
hyp3-e1515373586855-1024x864-1-400x284_jpg.rf.794432af2b64f9134bfa2e13a1c5c124.jpg,1,0,0,0,0,0,0,0
AdobeStock_217884496_Preview_jpeg.rf.1e6be2bf4634d30df901bb7c5a2d0ca7.jpg,0,1,0,0,0,0,0,0
2025-01-18-14-20-30-c4dde_jpg.rf.24b25c8e54613404d90a14e0ab3ef4e2.jpg,0,1,0,0,0,0,0,0
udder-19_jpg.rf.ee7bef7bc28cf8a3a625176ee5fd7085.jpg,0,1,0,0,0,0,0,0
Mastitis-57-_jpg.rf.f882c82089523e9ee775ae8d199f1f1a.jpg,1,0,0,0,0,0,0,0
AdobeStock_415572885_Preview_jpeg.rf.85776dbc22f2a95977c3dfa9f93c54bb.jpg,0,1,0,0,0,0,0,0
Picture36-400x284_jpg.rf.a33e57f317d071b78ccd1a23addd4574.jpg,1,0,0,0,0,0,0,0
AdobeStock_310686148_Preview_jpeg.rf.0817b903c6e6d010446b7a34eed25097.jpg,0,1,0,0,0,0,0,0
dry-skin-1-400x284_jpg.rf.5117d6d73e5211b65bc28a14fbc99c79.jpg,1,0,0,0,0,0,0,0
1-220-_jpg.rf.90a8e0384b73b3f2304776169b003b0e.jpg,0,1,0,0,0,0,0,0
Mastitis-9-_jpg.rf.31b549627d7520cb68aa567a90dbfa36.jpg,1,0,0,0,0,0,0,0
1-163-_jpg.rf.755a8bdab0302902595a548c52237922.jpg,0,1,0,0,0,0,0,0
red13-e1515365056736-735x1024-1-400x284_jpg.rf.5c11a4926ec575ebc28239b9212cde96.jpg,1,0,0,0,0,0,0,0
chaps-3_1whole-teat_soiled-400x284_png.rf.2011e628bc59996dafddd370681d718b.jpg,1,0,0,0,0,0,0,0
1-711-_jpg.rf.f3c9bd55bd110bba0a2f111f0d236f80.jpg,0,1,0,0,0,0,0,0
AdobeStock_93804337_Video_HD_Preview_mov-0020_jpg.rf.0f780996efc90a1a94c08bab91207c96.jpg,0,1,0,0,0,0,0,0
IMG_20250118_144025_jpg.rf.0dc46a4b5e640461c5aa4ba199bbe167.jpg,1,0,0,0,0,0,0,0
hyp22-e1515374029867-1024x742-1-400x284_jpg.rf.6c867ddabf87631613051343008582cc.jpg,1,0,0,0,0,0,0,0
AdobeStock_49233136_Preview_jpeg.rf.e361f20d5e604617d9b43f635687fa32.jpg,0,1,0,0,0,0,0,0
udder-15_jpg.rf.c9fddf803ebfd7ea25dd05e4402dc41e.jpg,0,1,0,0,0,0,0,0
hyp25-1024x683-1-400x284_jpg.rf.7ea3c2df12d6d04be8d14c7403fb1754.jpg,1,0,0,0,0,0,0,0
1-698-_jpg.rf.60279323741988d6fdea76d545cf24cb.jpg,0,1,0,0,0,0,0,0
Picture9-400x284_jpg.rf.fe42a2e9c608927291ef52f423434954.jpg,1,0,0,0,0,0,0,0
chaps-6_1_mouthpiece-400x284_png.rf.c9985afd61c2cedbdf6d3a45d458216b.jpg,1,0,0,0,0,0,0,0
AdobeStock_93804337_Video_HD_Preview_mov-0002_jpg.rf.e3e6e7aea432e7a0c445f81ad5f4315f.jpg,0,1,0,0,0,0,0,0
AdobeStock_391273292_Preview_jpeg.rf.682122a82d13ac0dfc3fed4e02ad3fb2.jpg,0,1,0,0,0,0,0,0
Mastitis-28-_jpg.rf.c4088983984074d9d137ce2cae7df18a.jpg,1,0,0,0,0,0,0,0
Mastitis-36-_jpg.rf.9170b20e79a8bad1182dd03718661585.jpg,1,0,0,0,0,0,0,0
images-1-_jpeg.rf.929cd76d1554c89ecb4d08dd157eec50.jpg,0,1,0,0,0,0,0,0
Mastitis-61-_jpg.rf.4d43bd811b886d16a03e933dc7fc7f75.jpg,1,0,0,0,0,0,0,0
1-597-_jpg.rf.11cbdcdcf9d60aa0078f11412fff7d55.jpg,0,1,0,0,0,0,0,0
Mastitis-35-_jpg.rf.930c140ac26ba5a50512954a607d5251.jpg,1,0,0,0,0,0,0,0
Mastitis-14-_jpg.rf.431373d8b27eb38f677d93ad91086811.jpg,1,0,0,0,0,0,0,0
normal12-e1515369630614-400x284_jpg.rf.f06c556a2c985af83b2797772236bf12.jpg,0,1,0,0,0,0,0,0
AdobeStock_222240436_Preview_jpeg.rf.e0271fe022c0c0fe8753d834797596fc.jpg,0,1,0,0,0,0,0,0
dry-skin-crack2-400x284_jpg.rf.20c4f3e4fc91398dc7cc0f9a15572bc0.jpg,1,0,0,0,0,0,0,0
AdobeStock_346074240_Preview_jpeg.rf.60d3ad8db3026d1014a0bc0f6c67dd46.jpg,0,1,0,0,0,0,0,0
AdobeStock_894010741_Preview_jpeg.rf.d4afbbef84b4b7087c29cdfc32ef006b.jpg,0,1,0,0,0,0,0,0
red8-e1515364929848-1024x997-1-400x284_jpg.rf.ae47db8f4f7c58887290d149ee90405b.jpg,1,0,0,0,0,0,0,0
AdobeStock_111798658_Preview_jpeg.rf.45a9ae4f5ecf655b9fcecd86e8ff0dd4.jpg,0,1,0,0,0,0,0,0
normal5-e1515369559545-400x284_jpg.rf.bbb8bef689c75f3b3fdb4674d488b5c9.jpg,0,1,0,0,0,0,0,0
2025-01-18-14-23-49-c22dd_jpg.rf.bf0047d345def7c60dc4cba487d8273c.jpg,0,1,0,0,0,0,0,0
Mastitis-42-_jpg.rf.3768b36641925802a444286c6055be6a.jpg,1,0,0,0,0,0,0,0
2-127-_jpg.rf.1449ab8a22b33b524f69b42705a536ba.jpg,0,1,0,0,0,0,0,0
1-108-_jpg.rf.5fe526b1af5def8ca26afff706025072.jpg,0,1,0,0,0,0,0,0
2025-01-18-14-17-38-66a59_jpg.rf.667ec0cc0e875a8dce2858615e00ceb6.jpg,0,1,0,0,0,0,0,0
Mastitis-45-_jpg.rf.f664c4abc589cb9d18ec8f75aca454e9.jpg,1,0,0,0,0,0,0,0
00000173_jpg.rf.2ed406e1c71ea1c06e8573f884e4be0d.jpg,0,1,0,0,0,0,0,0
1-24-_jpg.rf.aa5901e12fca5752020cd53c584aa7d6.jpg,0,1,0,0,0,0,0,0
Picture24-1-400x284_jpg.rf.0c625f41f58bd6771b6d875f2111c6ca.jpg,1,0,0,0,0,0,0,0
Large-Ring-1-1-e1515371355481-400x284_jpg.rf.9b88a82c248d1fef83b732ca95701cb0.jpg,1,0,0,0,0,0,0,0
ring16-e1515291521268-400x284_jpg.rf.5070ad45e56aeb6bd3319327ff6359fc.jpg,1,0,0,0,0,0,0,0
Mastitis-17-_jpg.rf.f6bee3a3c09e7bc7104e49a768dfbd4e.jpg,1,0,0,0,0,0,0,0
Mastitis-50-_jpg.rf.7ec9ff2d4a183fa64856911265ccfe6c.jpg,1,0,0,0,0,0,0,0
AdobeStock_93804337_Video_HD_Preview_mov-0013_jpg.rf.4ed684040f3b3accb74e86b511da1a76.jpg,0,1,0,0,0,0,0,0
Picture44-1-400x284_jpg.rf.b75b00ed4d5f7201117979d014363805.jpg,1,0,0,0,0,0,0,0
AdobeStock_120372303_Preview_jpeg.rf.21447a9bace0726ae8554a1a4b3674a1.jpg,0,1,0,0,0,0,0,0
2025-01-18-14-18-22-b95c6_jpg.rf.f2670df450ef992ec9456b88eaf0370a.jpg,0,1,0,0,0,0,0,0
udder-6_jpg.rf.09fc684de311ed660c2d4d870d6a9d37.jpg,0,1,0,0,0,0,0,0
2025-01-18-14-18-57-29908_jpg.rf.d94bafd6cb7c7b217d54d825d9e4764d.jpg,0,1,0,0,0,0,0,0
Mastitis-13-_jpg.rf.607710c950a2ba2eebab4907b14fd4fb.jpg,1,0,0,0,0,0,0,0
Mastitis-28-_jpg.rf.8522fec82838c0cff2396f73c3cdfaff.jpg,1,0,0,0,0,0,0,0
AdobeStock_93804337_Video_HD_Preview_mov-0000_jpg.rf.4e67e93d5f286234ec6749d63f617e5b.jpg,0,1,0,0,0,0,0,0
Picture21-400x284_jpg.rf.3f2f7d793b96591e1fa03fa08266bb40.jpg,1,0,0,0,0,0,0,0
Chemical-damage-e1515285856612-356x284_jpg.rf.a49cf0974e23aeff755c629cc091390c.jpg,1,0,0,0,0,0,0,0
Picture31-400x284_jpg.rf.be688eabc5cc85ab7bb6dac7862d65d6.jpg,1,0,0,0,0,0,0,0
Picture18-400x284_jpg.rf.c88a6c7bb0fa75e18963292834f33ac7.jpg,1,0,0,0,0,0,0,0
AdobeStock_650846322_Preview_jpeg.rf.4db4fe1b3bb35c513e9b35f916f42704.jpg,0,1,0,0,0,0,0,0
Mastitis-4-_jpg.rf.4ca528a53a8e4393c93aa2830b32fc00.jpg,1,0,0,0,0,0,0,0
AdobeStock_81533120_Preview_jpeg.rf.76cf7597a7cdf211296c384bcaffccd0.jpg,0,1,0,0,0,0,0,0
Mastitis-27-_jpg.rf.cf7837ae03010752c744f743d481dc5f.jpg,1,0,0,0,0,0,0,0
Mastitis-58-_jpg.rf.cdf75979ab0cac9407eff6dce27292c3.jpg,1,0,0,0,0,0,0,0
Mastitis-30-_jpg.rf.27c46e11cb383e4c54326ac2b2132c8f.jpg,1,0,0,0,0,0,0,0
Mastitis-59-_jpg.rf.16b0422c05e29bcb9db4421737d500b2.jpg,1,0,0,0,0,0,0,0
Chemcial-burn-e1515283477137-400x284_jpg.rf.e3ff7ee16844ee93b012547d287a8a63.jpg,1,0,0,0,0,0,0,0
1-96-_jpg.rf.0dc94bf3591e4fb54e6ffbc9eb033a6b.jpg,0,1,0,0,0,0,0,0
2025-01-18-14-28-33-1fe12_jpg.rf.81015956cc1c1dbb26591cd3c2a521cf.jpg,0,1,0,0,0,0,0,0
Mastitis-32-_jpg.rf.b8e80498906ea0fdbf61a4e6210ee93c.jpg,1,0,0,0,0,0,0,0
Mastitis-12-_jpg.rf.8c8c5314dfd3e80fd811d965000d4c8c.jpg,1,0,0,0,0,0,0,0
AdobeStock_65291716_Preview_jpeg.rf.e65f479613e716655ace4bc7503541dd.jpg,0,1,0,0,0,0,0,0
Mastitis-61-_jpg.rf.efa9cb7a64a4e1a952c37807e99d72e6.jpg,1,0,0,0,0,0,0,0
Picture42-1-400x284_jpg.rf.9ca237c9d333c1302bafb96c42e3d284.jpg,1,0,0,0,0,0,0,0
bullingcows_jpeg.rf.331efaa44b7875633e261a1b8d7fbb82.jpg,0,1,0,0,0,0,0,0
IMG_20250118_144130_jpg.rf.19b75754892cf1aa1f0d608698ce341d.jpg,0,1,0,0,0,0,0,0
AdobeStock_543199813_Preview_jpeg.rf.7e97a2b9f070dfbf9081b95b2babddc7.jpg,0,1,0,0,0,0,0,0
AdobeStock_237691723_Preview_jpeg.rf.933e2aa014f00a589465866924f4b0c7.jpg,0,1,0,0,0,0,0,0
27_jpeg.rf.643676eb1f3290b42983c439d322f14d.jpg,1,0,0,0,0,0,0,0
1-125-_jpg.rf.74a8a26e3a1ed655c7579c173ffb9a85.jpg,0,1,0,0,0,0,0,0
00000072_jpg.rf.107c2abd511a2d9c77e1ba02d9bce718.jpg,0,1,0,0,0,0,0,0
hyp20-e1515373975164-1024x749-1-400x284_jpg.rf.612d5042e8571219f5757c2d568e8609.jpg,1,0,0,0,0,0,0,0
AdobeStock_377978682_Preview_jpeg.rf.2fd2cc6cf0ae499045e9d5134577a56c.jpg,0,1,0,0,0,0,0,0
00000186_jpg.rf.5fd2f34088da31d199cd25a9e25de184.jpg,0,1,0,0,0,0,0,0
AdobeStock_548951617_Preview_jpeg.rf.63bbb3aee4d3ffb6ffedfd713448307f.jpg,0,1,0,0,0,0,0,0
1-680-_jpg.rf.fc7ce0111bf16b9c7577aa1d61d870c8.jpg,0,1,0,0,0,0,0,0
AdobeStock_331856859_Preview_jpeg.rf.64b5d54477a12c014cfe1ceeecb5c230.jpg,0,1,0,0,0,0,0,0
Picture45-400x284_jpg.rf.c3bd74467d7ebc473fa5095c35556f90.jpg,1,0,0,0,0,0,0,0
Mastitis-9-_jpg.rf.b4360663e3f58f36e40deaf4a32e4f4f.jpg,1,0,0,0,0,0,0,0
1-1069-_jpg.rf.f5a3e6740757fcbdb645bfeab8999028.jpg,0,1,0,0,0,0,0,0
AdobeStock_93804337_Video_HD_Preview_mov-0026_jpg.rf.df8cd4de050190749f4586da460f57e1.jpg,0,1,0,0,0,0,0,0
wet-teat2-400x284_jpg.rf.452920fd19e9f03f075256811fdfd16d.jpg,1,0,0,0,0,0,0,0
Picture12-400x284_jpg.rf.271caf509fb1d80d4afbb9e33267c3d3.jpg,1,0,0,0,0,0,0,0
normal1-e1515368903681-400x284_jpg.rf.b897bb6db2428e20f0502f9991f5e49f.jpg,0,1,0,0,0,0,0,0
Mastitis-12-_jpg.rf.19d58028e9d8d3083cd7ed4855571363.jpg,1,0,0,0,0,0,0,0
cattle-at-mating-season-2CBWAN3_jpeg.rf.d02c522307041fb272bc5d12f71f6357.jpg,0,1,0,0,0,0,0,0
Picture1-400x284_jpg.rf.709b70db7c7f61b6335c263711e24f78.jpg,1,0,0,0,0,0,0,0
AdobeStock_433594014_Preview_jpeg.rf.60c50de3137b565b99a0cd613c312d1c.jpg,0,1,0,0,0,0,0,0
001_30_IMG_gro174291-009-848x565_jpg.rf.71d15d07be36499e3a3ff9b27836405a.jpg,1,0,0,0,0,0,0,0
Mastitis-20-_jpg.rf.a18be42c00e28152b1e57f51143fd583.jpg,1,0,0,0,0,0,0,0
Mastitis-33-_jpg.rf.d85a58d5bfe6fa2008b01bb243e11c68.jpg,1,0,0,0,0,0,0,0
1-639-_jpg.rf.ffd677f9063bb89886bb3eab1c8ddead.jpg,0,1,0,0,0,0,0,0
udder-9_jpg.rf.bd8f9e014f7e931b64dbd5deb2164cd5.jpg,0,1,0,0,0,0,0,0
Picture28-400x284_jpg.rf.dcd41b73d360167af353b7535b7d31d0.jpg,1,0,0,0,0,0,0,0
AdobeStock_93804337_Video_HD_Preview_mov-0022_jpg.rf.5432572e810265a5e49cd365682ff0a8.jpg,0,1,0,0,0,0,0,0
Chemical-burn-7-e1515283936872-400x284_jpg.rf.042741d1c7816d952926757f60deebb6.jpg,1,0,0,0,0,0,0,0
AdobeStock_159261631_Preview_jpeg.rf.59510172ee78b035e0879226d5e78ae7.jpg,0,1,0,0,0,0,0,0
AdobeStock_493193242_Preview_jpeg.rf.781fdf19e088e5908c7ff86ad238da4b.jpg,0,1,0,0,0,0,0,0
1-88-_jpg.rf.1b8bc5b99efab9c1f143e7c561f3889f.jpg,0,1,0,0,0,0,0,0
AdobeStock_382914829_Preview_jpeg.rf.13f65565ea4f2082dcf02a43dbce64d9.jpg,0,1,0,0,0,0,0,0
Mastitis-14-_jpg.rf.2b09da715ffc9c518b41009f6e7c20b4.jpg,1,0,0,0,0,0,0,0
AdobeStock_686808903_Preview_jpeg.rf.88e7b13f9fb6de3250c6a6ce5e289f59.jpg,0,1,0,0,0,0,0,0
exfol3-400x284_jpg.rf.e49fb032b89fada94de8a2062b36e162.jpg,1,0,0,0,0,0,0,0
1-672-_jpg.rf.0ae17addae883dd026cfddbc2338630f.jpg,0,1,0,0,0,0,0,0
Picture36-400x284_jpg.rf.5abdf2d0141acf321c387da6105724da.jpg,1,0,0,0,0,0,0,0
Mastitis-45-_jpg.rf.0bf1c248c715375183459343c9da5175.jpg,1,0,0,0,0,0,0,0
Picture52-400x284_jpg.rf.519a4b8ba3edaa649a681511584382b6.jpg,1,0,0,0,0,0,0,0
1-31-_jpg.rf.53cb32c882f6727a8dc721eddb2b3fa5.jpg,0,1,0,0,0,0,0,0
Mastitis-52-_jpg.rf.4a4631d9563c28b6724fface2d9bc21e.jpg,1,0,0,0,0,0,0,0
pox4-e1515354347181-400x284_jpg.rf.d1ab16f3ea5b89297c35666802ba50e7.jpg,1,0,0,0,0,0,0,0
AdobeStock_97991595_Preview_jpeg.rf.19f4d0f36e96bc7bb2ad41f3de877032.jpg,0,1,0,0,0,0,0,0
Mastitis-43-_jpg.rf.c3beca6e979db3cf3df965ca44fe68b8.jpg,1,0,0,0,0,0,0,0
pox1-e1515354008404-400x284_jpg.rf.b360a42c19fafc1f4f8eaf71cc32a293.jpg,1,0,0,0,0,0,0,0
Mastitis-29-_jpg.rf.f343e4e879d577e2ea429350fe479ed1.jpg,1,0,0,0,0,0,0,0
AdobeStock_493193259_Preview_jpeg.rf.08c2cb82b7121fd00bafd4d43609cbbf.jpg,0,1,0,0,0,0,0,0
udder-15_jpg.rf.d95b09ad361e6dec3a6a17add53108a6.jpg,0,1,0,0,0,0,0,0
Mastitis-36-_jpg.rf.1dc75a34f368dae13c5379e9a9575131.jpg,1,0,0,0,0,0,0,0
dry-skin-1-400x284_jpg.rf.ac24cf9360d5e57c0478a9b1f93fce17.jpg,1,0,0,0,0,0,0,0
1-642-_jpg.rf.52d049550e74a19d7d1d1836ccf6eae3.jpg,0,1,0,0,0,0,0,0
Large-Ring-2-2-e1515371633565-400x284_jpg.rf.aed0c05e37209bb2acf24c2eb633b73d.jpg,1,0,0,0,0,0,0,0
Mastitis-20-_jpg.rf.5813f856934db3d0ffccfc54af09514a.jpg,1,0,0,0,0,0,0,0
2025-01-18-14-31-45-c3b84_jpg.rf.5aae59ede44253b0b1fb00b36edca24b.jpg,0,1,0,0,0,0,0,0
AdobeStock_93804337_Video_HD_Preview_mov-0020_jpg.rf.03da843bf5f4c1eae81a24a2d3666add.jpg,0,1,0,0,0,0,0,0
2025-01-18-14-23-49-c22dd_jpg.rf.e6389b948b55a83bfc9dbecb94e98a0d.jpg,0,1,0,0,0,0,0,0
IMG_20250118_144025_jpg.rf.c04cbba02c3be346dbbb1ee346116a80.jpg,1,0,0,0,0,0,0,0
Mastitis-28-_jpg.rf.9318cbe5cc21694b4c073da3f7a1925a.jpg,1,0,0,0,0,0,0,0
images-1-_jpeg.rf.22fe51fe4d2edf60ee0f2ac11d1f0e90.jpg,0,1,0,0,0,0,0,0
AdobeStock_556562712_Video_HD_Preview_mov-0005_jpg.rf.64affc88ee9ceaedec8fafca2b36e16e.jpg,0,1,0,0,0,0,0,0
pet-hem3-e1515364562702-400x284_jpg.rf.338a25533a693301b6768072d1dc5109.jpg,1,0,0,0,0,0,0,0
AdobeStock_391273292_Preview_jpeg.rf.a10789ad17624981f59c8000302cc11d.jpg,0,1,0,0,0,0,0,0
AdobeStock_386516879_Preview_jpeg.rf.448572fb60471059f6c7c3303800cf39.jpg,0,1,0,0,0,0,0,0
Picture9-400x284_jpg.rf.5ffb498e6183dc9de6b01d452832d247.jpg,1,0,0,0,0,0,0,0
Mastitis-45-_jpg.rf.5325dd53b22307a142a812eac016b0a4.jpg,1,0,0,0,0,0,0,0
AdobeStock_93804337_Video_HD_Preview_mov-0002_jpg.rf.b0ce15da8cc1f2a9ffd16da2c909b3b8.jpg,0,1,0,0,0,0,0,0
red13-e1515365056736-735x1024-1-400x284_jpg.rf.fceb798679d672d5e2271dbdd567d6b1.jpg,1,0,0,0,0,0,0,0
chaps-3_1whole-teat_soiled-400x284_png.rf.83356a09008824c7729d727d849718c3.jpg,1,0,0,0,0,0,0,0
1-674-_jpg.rf.f76b3df0096add6204e895b1e706b5bd.jpg,0,1,0,0,0,0,0,0
red8-e1515364929848-1024x997-1-400x284_jpg.rf.e67746912a99149bf19b87b257f34ff8.jpg,1,0,0,0,0,0,0,0
1-24-_jpg.rf.13bf0cfb2c5b053c6fd9f3cb86b3df86.jpg,0,1,0,0,0,0,0,0
AdobeStock_49233136_Preview_jpeg.rf.213db9e137ad01b03f28460e81205ebf.jpg,0,1,0,0,0,0,0,0
normal12-e1515369630614-400x284_jpg.rf.a1ae736b73f555470d0e670f01d532b3.jpg,0,1,0,0,0,0,0,0
Large-Ring-1-1-e1515371355481-400x284_jpg.rf.cb87ba74e30701af3a2675a61bc6b412.jpg,1,0,0,0,0,0,0,0
chaps-6_1_mouthpiece-400x284_png.rf.3f7437c88bfa1f8d2f0a08df7b933b52.jpg,1,0,0,0,0,0,0,0
1-711-_jpg.rf.d49ea25bfa94b4ad57b9b6718068b3c1.jpg,0,1,0,0,0,0,0,0
hyp22-e1515374029867-1024x742-1-400x284_jpg.rf.db084fa21be27fbcf4d53fab984436c6.jpg,1,0,0,0,0,0,0,0
1-163-_jpg.rf.ca3cb1cf190e9de0e0724184e836f95a.jpg,0,1,0,0,0,0,0,0
1-108-_jpg.rf.9561f6c76806581ba9cf390e24547826.jpg,0,1,0,0,0,0,0,0
Smooth-2-2-e1515372371349-400x284_jpg.rf.7d3a04f2d5926169e0b92e2051e82a55.jpg,1,0,0,0,0,0,0,0
00000044_jpg.rf.7e17423f1b7e0e552c7d8cbcfff652a4.jpg,0,1,0,0,0,0,0,0
Mastitis-30-_jpg.rf.e68b8bb2d3cc04a87be8ff4366e3cffc.jpg,1,0,0,0,0,0,0,0
AdobeStock_346074240_Preview_jpeg.rf.a247f02d021c8048e5181551564d6c41.jpg,0,1,0,0,0,0,0,0
Mastitis-10-_jpg.rf.91ac6821a0144537c0fa300e8d2027e1.jpg,1,0,0,0,0,0,0,0
ring16-e1515291521268-400x284_jpg.rf.a862b2179f41845070f70d91355d5920.jpg,1,0,0,0,0,0,0,0
Mastitis-52-_jpg.rf.fd9cd6248100c27e3e956e3043f07aab.jpg,1,0,0,0,0,0,0,0
dry-skin-crack2-400x284_jpg.rf.d572a8160b8050403916536649cb912a.jpg,1,0,0,0,0,0,0,0
AdobeStock_480163971_Preview_jpeg.rf.df6c464b450af2bfa5598247f374dc1e.jpg,0,1,0,0,0,0,0,0
AdobeStock_120372303_Preview_jpeg.rf.a9324dade02bd20c814d844349d6f9ac.jpg,0,1,0,0,0,0,0,0
Picture44-1-400x284_jpg.rf.94d2403b324677bdcd2e5dc530e07ee8.jpg,1,0,0,0,0,0,0,0
Mastitis-4-_jpg.rf.260447d6c5bd443e278c11b53b0701de.jpg,1,0,0,0,0,0,0,0
udder-18_jpg.rf.a3d33d2214cc1fda3958989c3b64be60.jpg,0,1,0,0,0,0,0,0
AdobeStock_144842083_Preview_jpeg.rf.fdcd4bac2be3fc48eadd67711c2215aa.jpg,0,1,0,0,0,0,0,0
Chemical-damage-e1515285856612-356x284_jpg.rf.8404a9b95bec3dace3f5437f8315b60a.jpg,1,0,0,0,0,0,0,0
2025-01-18-14-18-22-b95c6_jpg.rf.b5b5eb5143ead09d0f92ec2b9907fd0f.jpg,0,1,0,0,0,0,0,0
Picture21-400x284_jpg.rf.880f40384ffd74ad4f3409ca546d2595.jpg,1,0,0,0,0,0,0,0
2025-01-18-14-31-45-c3b84_jpg.rf.292a38407782e218f6031afa4a89d97c.jpg,0,1,0,0,0,0,0,0
Mastitis-58-_jpg.rf.a2f8b944f8b858818d59dc7792afd125.jpg,1,0,0,0,0,0,0,0
2025-01-18-14-28-33-1fe12_jpg.rf.7b2495068885e45665c151d79bb4fb19.jpg,0,1,0,0,0,0,0,0
1-597-_jpg.rf.f68fd5c819665f668c28b2d9199eb5e7.jpg,0,1,0,0,0,0,0,0
AdobeStock_217884496_Preview_jpeg.rf.56c9f2e83fb37fc1181fee425b5debf6.jpg,0,1,0,0,0,0,0,0
Mastitis-28-_jpg.rf.0f6781196b5910c74173cd990da6953d.jpg,1,0,0,0,0,0,0,0
Mastitis-13-_jpg.rf.048dcb773e06b11296e04e9cc9020947.jpg,1,0,0,0,0,0,0,0
Chemcial-burn-e1515283477137-400x284_jpg.rf.c367575d50c5c0466491fad4075f2e52.jpg,1,0,0,0,0,0,0,0
IMG_20250118_144130_jpg.rf.4a5af00ebbb992a8a748ec146d7584bd.jpg,0,1,0,0,0,0,0,0
Mastitis-47-_jpg.rf.75d42a34d6c116fa3bb989026f9437e0.jpg,1,0,0,0,0,0,0,0
Mastitis-29-_jpg.rf.86c1edf0f0bf2b479c30d8a69cd973f0.jpg,1,0,0,0,0,0,0,0
Picture1-400x284_jpg.rf.c5693ab0cbb8651a0a11a8021e13955f.jpg,1,0,0,0,0,0,0,0
1-31-_jpg.rf.55b78e0211285519d2cd452be889cc74.jpg,0,1,0,0,0,0,0,0
pet-hem3-e1515364562702-400x284_jpg.rf.ec6a5304f7ea9fb157523fba90fd43d3.jpg,1,0,0,0,0,0,0,0
AdobeStock_650846322_Preview_jpeg.rf.12f7fc3f45617435f7c3dce84baaf6d8.jpg,0,1,0,0,0,0,0,0
AdobeStock_686808903_Preview_jpeg.rf.739a4d298a46bd1f3203bfbbef1928b3.jpg,0,1,0,0,0,0,0,0
AdobeStock_493193259_Preview_jpeg.rf.7e3e716c7dcd622cbdcc839a18ab79c4.jpg,0,1,0,0,0,0,0,0
pox1-e1515354008404-400x284_jpg.rf.d284691ea14d39b78f6a8521d48ecc18.jpg,1,0,0,0,0,0,0,0
00000143_jpg.rf.be3c250deedb1225619f5bbac1f62112.jpg,0,1,0,0,0,0,0,0
Mastitis-33-_jpg.rf.d48bf8c39deb58c4266085ec5c4e12d6.jpg,1,0,0,0,0,0,0,0
AdobeStock_65291716_Preview_jpeg.rf.f0c5fcc6ce4ed6be3dcba39d1ada5972.jpg,0,1,0,0,0,0,0,0
AdobeStock_331856859_Preview_jpeg.rf.e5da40bf1b98939b2c9a944378f8f831.jpg,0,1,0,0,0,0,0,0
AdobeStock_377978682_Preview_jpeg.rf.b334085f15b277c527aed4e6e327d1ee.jpg,0,1,0,0,0,0,0,0
AdobeStock_81533120_Preview_jpeg.rf.f351cd5d6d4de72e8e4810f59f8533ac.jpg,0,1,0,0,0,0,0,0
27_jpeg.rf.b76b6832f346ade5403ca36a68e6c4eb.jpg,1,0,0,0,0,0,0,0
AdobeStock_97991595_Preview_jpeg.rf.6105d4bbb127a03cc1caf63a7e4b26a6.jpg,0,1,0,0,0,0,0,0
AdobeStock_237691723_Preview_jpeg.rf.e700222765e084d071ef3cb5b6d519e2.jpg,0,1,0,0,0,0,0,0
hyp20-e1515373975164-1024x749-1-400x284_jpg.rf.939bc0f3c6a6a30018444978f4b7e68e.jpg,1,0,0,0,0,0,0,0
AdobeStock_69320056_Preview_jpeg.rf.c6bc0f113c7ff5c1d9709fe14118e6de.jpg,0,1,0,0,0,0,0,0
Picture45-400x284_jpg.rf.1616768997eeb0218eecc3cf9565565b.jpg,1,0,0,0,0,0,0,0
Picture19-400x284_jpg.rf.7ff5bfb8c4b5b9798e6ae414142ce01f.jpg,1,0,0,0,0,0,0,0
1-642-_jpg.rf.537e21377c3cf013dd736953b19e7fad.jpg,0,1,0,0,0,0,0,0
1-1069-_jpg.rf.08d06923bba44f60030ae167a8f5f65c.jpg,0,1,0,0,0,0,0,0
chemical-burn2-e1515284193990-400x284_jpg.rf.0c9caf78419764f000e15d89878f4d0b.jpg,1,0,0,0,0,0,0,0
Picture31-400x284_jpg.rf.a24539fb37a7f3dee65ffd646329e7e1.jpg,1,0,0,0,0,0,0,0
AdobeStock_93804337_Video_HD_Preview_mov-0026_jpg.rf.ecad070b239cec7f7ca394c70cc2523e.jpg,0,1,0,0,0,0,0,0
AdobeStock_333517445_Preview_jpeg.rf.3268683696f6648beac74a525bb04731.jpg,0,1,0,0,0,0,0,0
normal1-e1515368903681-400x284_jpg.rf.81c1db344439f73bb3cd99e2dd5aec43.jpg,0,1,0,0,0,0,0,0
Picture28-400x284_jpg.rf.a1cf7671e0e610f69f1c097d2cfab43f.jpg,1,0,0,0,0,0,0,0
AdobeStock_433594014_Preview_jpeg.rf.ff0c3cf890deab3b588512400edf646c.jpg,0,1,0,0,0,0,0,0
00000072_jpg.rf.aef447cdf0ad8bb33ab1ae8cfd7d37f6.jpg,0,1,0,0,0,0,0,0
1-680-_jpg.rf.b49f6b3ca20cfff25c0ac8aa0b7d4f86.jpg,0,1,0,0,0,0,0,0
1-750-_jpg.rf.b4c9c36f857fe418f2af967f474f0965.jpg,0,1,0,0,0,0,0,0
AdobeStock_556562712_Video_HD_Preview_mov-0005_jpg.rf.4576bdfad08aea67f34440f43bff0dde.jpg,0,1,0,0,0,0,0,0
1-748-_jpg.rf.70f3135d763e3a94e8592661495f7029.jpg,0,1,0,0,0,0,0,0
2025-01-18-14-30-34-a6934_jpg.rf.1919e0185e44bdfcbec1e78da1c6eab4.jpg,0,1,0,0,0,0,0,0
hyp14-e1515373846770-1024x925-1-400x284_jpg.rf.998ea62c7127d3e45d50f618477ab02a.jpg,1,0,0,0,0,0,0,0
Mastitis-26-_jpg.rf.8765af973d4fcb26dd3f508ed44354d4.jpg,1,0,0,0,0,0,0,0
00000143_jpg.rf.8bd4252929d91f716a4e725a779806bd.jpg,0,1,0,0,0,0,0,0
AdobeStock_93804337_Video_HD_Preview_mov-0027_jpg.rf.5ba72d3299cdd7722a524fd9db54bc56.jpg,0,1,0,0,0,0,0,0
AdobeStock_209690081_Preview_jpeg.rf.17928e955b7ce4928dc99baad30e96e9.jpg,0,1,0,0,0,0,0,0
AdobeStock_16321284_Preview_jpeg.rf.f09df10a189ae6029a623e73c472c6b5.jpg,0,1,0,0,0,0,0,0
00000056_jpg.rf.f5faac90d2e63f89975bffb183c9344e.jpg,0,1,0,0,0,0,0,0
AdobeStock_26134944_Preview_jpeg.rf.266b722e800bd4d566271be30aeb4965.jpg,0,1,0,0,0,0,0,0
Mastitis-67-_jpg.rf.3e40a83f24e6bbf844f8049572464a1f.jpg,1,0,0,0,0,0,0,0
Smooth-2-2-e1515372371349-400x284_jpg.rf.47c3502399ccfa79781b14ed68a94277.jpg,1,0,0,0,0,0,0,0
Mastitis-34-_jpg.rf.799eff8edc9ace3d3db911900b02c25d.jpg,1,0,0,0,0,0,0,0
Mastitis-42-_jpg.rf.da80c5451031b4db9716bfd396710d33.jpg,1,0,0,0,0,0,0,0
Mastitis-17-_jpg.rf.4235a31c68092fc266c20b006c7be35c.jpg,1,0,0,0,0,0,0,0
Mastitis-10-_jpg.rf.e0420f6726bd41b835a8e57996afd104.jpg,1,0,0,0,0,0,0,0
AdobeStock_122288568_Preview_jpeg.rf.38db7c10e71a90b29b59f0f4cf7cc303.jpg,0,1,0,0,0,0,0,0
1-725-_jpg.rf.ec71d13f323ae6adbdfe06ec0e24d700.jpg,0,1,0,0,0,0,0,0
Mastitis-57-_jpg.rf.a2c30d4bda99753cd76b02ab2c4e4bfb.jpg,1,0,0,0,0,0,0,0
1-691-_jpg.rf.db9fb9e0fe5075d33cb7935d99c80c44.jpg,0,1,0,0,0,0,0,0
AdobeStock_386516856_Preview_jpeg.rf.1d7b50a0b60cd31c94f4e2c672ec4cbd.jpg,0,1,0,0,0,0,0,0
hyp11-e1515373777349-1024x851-1-400x284_jpg.rf.5f639047a462c87fad5f775488d752ae.jpg,1,0,0,0,0,0,0,0
AdobeStock_1079359064_Preview_jpeg.rf.74f3a368d8348be8113ff188b0e58b0a.jpg,0,1,0,0,0,0,0,0
ring11-400x284_jpg.rf.4fe0461a8ab849501014b5084d3ba62e.jpg,1,0,0,0,0,0,0,0
1-10-_jpg.rf.8ba7477c4d95a98e2e5e81f91684f1e1.jpg,0,1,0,0,0,0,0,0
AdobeStock_34851355_Preview_jpeg.rf.69b0d8507804f1d73f62f8223f63d96d.jpg,0,1,0,0,0,0,0,0
Mastitis-14-_jpg.rf.c2df419deb0c1e4f458c06604e645555.jpg,1,0,0,0,0,0,0,0
Picture34-400x284_jpg.rf.3b6f7920472ccc52ff35b097628fac4c.jpg,1,0,0,0,0,0,0,0
udder-16_jpg.rf.30bd9c3a52d8f8553524f3330bf97798.jpg,0,1,0,0,0,0,0,0
Picture19-400x284_jpg.rf.80ca0e3a6b7b11307563cf3c9768f409.jpg,1,0,0,0,0,0,0,0
hyp24-e1515374393597-1024x788-1-400x284_jpg.rf.23664764b34cdc08ae746e4f2c6e94ca.jpg,1,0,0,0,0,0,0,0
chemical-burn2-e1515284193990-400x284_jpg.rf.cc6c4ca4d2394d9a9db89e0633acea67.jpg,1,0,0,0,0,0,0,0
normal4-e1515369489318-400x284_jpg.rf.04081c50bdc0f8117cf26a3de3174b70.jpg,0,1,0,0,0,0,0,0
Picture46-1-400x284_jpg.rf.be57d08594a6593cd4c0b63c12552d98.jpg,1,0,0,0,0,0,0,0
ibk-75833_jpeg.rf.3739853ab108621ecc2e92002f04c9d2.jpg,0,1,0,0,0,0,0,0
Picture28-1-400x284_jpg.rf.35e26a104ab8388997e7cba17f8cf196.jpg,1,0,0,0,0,0,0,0
Picture50-400x284_jpg.rf.4b96ec6cd36049d912e4695f2164e20d.jpg,1,0,0,0,0,0,0,0
1-725-_jpg.rf.11ef8909dbab279ea1343ddcd550b82a.jpg,0,1,0,0,0,0,0,0
Mastitis-42-_jpg.rf.bc043bceb7463e700199e6d7ed891695.jpg,1,0,0,0,0,0,0,0
severe-hemm3-e1515364758805-400x284_jpg.rf.0bd700363e8c24c3e2bde00b0b1d0f39.jpg,1,0,0,0,0,0,0,0
red10-e1515364965265-652x1024-1-400x284_jpg.rf.30557d6cbc023726fadb56b44d7c3828.jpg,1,0,0,0,0,0,0,0
chaps-4_1scabbed-400x284_png.rf.7aeb4a4c7ce82348d4a2bd5feb0a1a7f.jpg,1,0,0,0,0,0,0,0
AdobeStock_556562712_Video_HD_Preview_mov-0002_jpg.rf.f9f666c46fff47a2169b1b140372663e.jpg,0,1,0,0,0,0,0,0
00000103_jpg.rf.9bc2a7d3a340b3e8d272d089d874ba0f.jpg,0,1,0,0,0,0,0,0
Mastitis-44-_jpg.rf.962dc45d9d51b2c6c49b033542a468e5.jpg,1,0,0,0,0,0,0,0
Cant_wait_for_the_bull_jpeg.rf.82f24c8a8da0581d2d33a3058504b344.jpg,0,1,0,0,0,0,0,0
hyp2-e1515373564252-729x1024-1-400x284_jpg.rf.350b512406cf88fc1b3f67e8ffb56eac.jpg,1,0,0,0,0,0,0,0
Mastitis-54-_jpg.rf.0ba7559136ebfbeb745385f43145c0ba.jpg,1,0,0,0,0,0,0,0
Mastitis-17-_jpg.rf.7075b8a8f8b25a32fb5f5ec81c33dfac.jpg,1,0,0,0,0,0,0,0
00000056_jpg.rf.57454edd8763f99d062ff1c1b6e51f5f.jpg,0,1,0,0,0,0,0,0
Petechail-hemoraghing-e1515364651809-400x284_jpg.rf.7da99d37cb07972978d9ce5015224f96.jpg,1,0,0,0,0,0,0,0
hyp14-e1515373846770-1024x925-1-400x284_jpg.rf.e855cca78aa52ac0fb00f98210318956.jpg,1,0,0,0,0,0,0,0
Mastitis-3-_jpg.rf.bfec3a8c0a330d57800d588d88bde50a.jpg,1,0,0,0,0,0,0,0
IMG_20250118_144032_jpg.rf.99c87352c4deb8494714e4593e9d7272.jpg,1,0,0,0,0,0,0,0
2025-01-18-14-30-34-a6934_jpg.rf.74e2998ed594e5f747c76ae3253a804b.jpg,0,1,0,0,0,0,0,0
00000132_jpg.rf.e67988853a2f68b466fa07372ec7535a.jpg,0,1,0,0,0,0,0,0
Mastitis-34-_jpg.rf.eadd8c5b279383db5d5df0b52a529b59.jpg,1,0,0,0,0,0,0,0
AdobeStock_386516856_Preview_jpeg.rf.70d0efee58a3b8882f35f0e317c3afa9.jpg,0,1,0,0,0,0,0,0
AdobeStock_16321284_Preview_jpeg.rf.2cbe94d532d1ff93dd3652f008e0500c.jpg,0,1,0,0,0,0,0,0
AdobeStock_154225591_Preview_jpeg.rf.ff71dc4ab565176d2c4fcda2e1e499b7.jpg,0,1,0,0,0,0,0,0
AdobeStock_350329238_Preview_jpeg.rf.4c937fb3d9b69df49625d28668d68acc.jpg,0,1,0,0,0,0,0,0
1-691-_jpg.rf.96f30c7155df4287a10759c229c0f7cf.jpg,0,1,0,0,0,0,0,0
udder-16_jpg.rf.7d898d9a9e9ee583d17077134f54fbf3.jpg,0,1,0,0,0,0,0,0
AdobeStock_43573914_Preview_jpeg.rf.ad2f04e85bb2e3d20fea2c18966c1571.jpg,0,1,0,0,0,0,0,0
2025-01-18-14-34-24-41d84_mp4-0031_jpg.rf.00b6cfa7b6645299966b5548d965d550.jpg,0,1,0,0,0,0,0,0
IMG_20250118_143753_jpg.rf.50dfe691002b70f92786683b7ef15229.jpg,0,1,0,0,0,0,0,0
IMG_20250118_144345_jpg.rf.0ff7e8cd933f8e236239fdccb06dc4d9.jpg,0,1,0,0,0,0,0,0
Mastitis-4-_jpg.rf.ddcae3203394739bc0f194c0adb2baf9.jpg,1,0,0,0,0,0,0,0
AdobeStock_333517445_Preview_jpeg.rf.404a2e052ec89cb0cdbccf152276e0dd.jpg,0,1,0,0,0,0,0,0
Mastitis-53-_jpg.rf.d83d017d352aff7db162e4a6825d2c61.jpg,1,0,0,0,0,0,0,0
Mastitis-26-_jpg.rf.3c24abba87cad58ae62f9aa419922bc6.jpg,1,0,0,0,0,0,0,0
Mastitis-67-_jpg.rf.8df2d3cf227795151569935393d1bce1.jpg,1,0,0,0,0,0,0,0
AdobeStock_93804337_Video_HD_Preview_mov-0027_jpg.rf.df5964a0ec44d709aae0b2f832d0daf6.jpg,0,1,0,0,0,0,0,0
walk456_jpg.rf.eb17c1098c600c7ddfef752ee2982623.jpg,0,1,0,0,0,0,0,0
Picture28-1-400x284_jpg.rf.247a26324ef9f8924081132c330d106e.jpg,1,0,0,0,0,0,0,0
AdobeStock_57701541_Preview_jpeg.rf.9cb42502002f2a49e9e45e6691939893.jpg,0,1,0,0,0,0,0,0
red5-e1515364876519-839x1024-1-400x284_jpg.rf.0de51c66231ac8a186e2be4f289f8f1e.jpg,1,0,0,0,0,0,0,0
normal2-e1515369386480-400x284_jpg.rf.60e176401e45c811fdb73677440180be.jpg,0,1,0,0,0,0,0,0
Smooth-2-1-e1515372198475-400x284_jpg.rf.51997f52483fff2fbff88b9eb5cfd638.jpg,1,0,0,0,0,0,0,0
1-748-_jpg.rf.0d4e451f42b6e48e8d90d8ef0fbf0075.jpg,0,1,0,0,0,0,0,0
Mastitis-57-_jpg.rf.b791dc0f11aa997bce36adc83ac7e43f.jpg,1,0,0,0,0,0,0,0
Picture34-400x284_jpg.rf.e97853fe6adf1b5eb0c3352e9faf8ed5.jpg,1,0,0,0,0,0,0,0
AdobeStock_1079359064_Preview_jpeg.rf.2cbfc8a44911f237e443c61f5cd27917.jpg,0,1,0,0,0,0,0,0
ring11-400x284_jpg.rf.5973aaf8b901664d9bd70fe0a40165e8.jpg,1,0,0,0,0,0,0,0
1-750-_jpg.rf.5f8203bb35d44c41eb8343df2a361fb7.jpg,0,1,0,0,0,0,0,0
AdobeStock_209690081_Preview_jpeg.rf.67faceb3f4a9b8b78fadb95cfb9bccaa.jpg,0,1,0,0,0,0,0,0
2025-01-18-14-30-31-215ce_jpg.rf.0762fa527314a750eca3fc2b0a6fd94d.jpg,0,1,0,0,0,0,0,0
Picture50-400x284_jpg.rf.9a0ca9e4bfdf2ab88d9fe59561aaaaa7.jpg,1,0,0,0,0,0,0,0
Mastitis-16-_jpg.rf.7699270fa4dd35f7ff01d88a08c8bc48.jpg,1,0,0,0,0,0,0,0
AdobeStock_93804337_Video_HD_Preview_mov-0012_jpg.rf.15016bddb23cb63210590ed2ed983353.jpg,0,1,0,0,0,0,0,0
Picture46-1-400x284_jpg.rf.59f6519ded055b448f861dffca5104cb.jpg,1,0,0,0,0,0,0,0
AdobeStock_34851355_Preview_jpeg.rf.86b145cf7eb7d2c87d48a5f2d96c6ba1.jpg,0,1,0,0,0,0,0,0
Mastitis-42-_jpg.rf.7edc20d8bd34feb26d42e31ad55de867.jpg,1,0,0,0,0,0,0,0
GRZ_71_jpg.rf.8574ca2bd383ce1a3b84fa3525f23b0e.jpg,0,1,0,0,0,0,0,0
Mastitis-14-_jpg.rf.87d62ddaa2ad6edde1676730d6367e21.jpg,1,0,0,0,0,0,0,0
2025-01-18-14-30-34-a6934_jpg.rf.eb6e8198a2488951a5fc87cfa5c4d0bd.jpg,0,1,0,0,0,0,0,0
AdobeStock_556562712_Video_HD_Preview_mov-0002_jpg.rf.0ca02c3ed5799573599b71a6b6391dce.jpg,0,1,0,0,0,0,0,0
hyp11-e1515373777349-1024x851-1-400x284_jpg.rf.fd2456bba9e65a2bb21042f9a2653b8c.jpg,1,0,0,0,0,0,0,0
00000211_jpg.rf.f9d45dd6edc65d4e640dd66a4700f7fc.jpg,0,1,0,0,0,0,0,0
hyp14-e1515373846770-1024x925-1-400x284_jpg.rf.39990c51f75cba043ae931aaa479fa71.jpg,1,0,0,0,0,0,0,0
severe-hemm3-e1515364758805-400x284_jpg.rf.5e6df8ad4f453b4ab27a2f060e5dfc57.jpg,1,0,0,0,0,0,0,0
00000103_jpg.rf.f7ec2928194de4161fc360b1c75e9fce.jpg,0,1,0,0,0,0,0,0
AdobeStock_122288568_Preview_jpeg.rf.45e77024a5112699295d6b164bd21a26.jpg,0,1,0,0,0,0,0,0
normal4-e1515369489318-400x284_jpg.rf.67f5f614b4289600b2082fc423a7e687.jpg,0,1,0,0,0,0,0,0
IMG_20250118_143753_jpg.rf.d739a01fbd359062c2084684eecbd876.jpg,0,1,0,0,0,0,0,0
hyp2-e1515373564252-729x1024-1-400x284_jpg.rf.cc4e0d3bc6ca7660605e0044a383c676.jpg,1,0,0,0,0,0,0,0
chaps-4_1scabbed-400x284_png.rf.b32dde795dc0aa9fe9231c94810491fd.jpg,1,0,0,0,0,0,0,0
hyp24-e1515374393597-1024x788-1-400x284_jpg.rf.b4d9f0c71cee1353234686fea95e4c69.jpg,1,0,0,0,0,0,0,0
Mastitis-42-_jpg.rf.aefa94fb019c581cf64850d821567b3f.jpg,1,0,0,0,0,0,0,0
Mastitis-13-_jpg.rf.d824b8436033b32c2c6c1343150fa728.jpg,1,0,0,0,0,0,0,0
Hyperkeratosis-e1515371480240-332x284_jpg.rf.fabf0b72c299d6d09d11dba6755eb2c5.jpg,1,0,0,0,0,0,0,0
1-725-_jpg.rf.fef974cc9472d14da586c7e1a066c4a3.jpg,0,1,0,0,0,0,0,0
Cant_wait_for_the_bull_jpeg.rf.abb60157cab2f020120747b9ba405512.jpg,0,1,0,0,0,0,0,0
AdobeStock_26134944_Preview_jpeg.rf.9b2cc79e697428796549647cb76c7510.jpg,0,1,0,0,0,0,0,0
AdobeStock_394830772_Preview_jpeg.rf.a6b85efee46b852a245aa2fc6613d3c5.jpg,0,1,0,0,0,0,0,0
Mastitis-17-_jpg.rf.b0a88bd03b782de6318120784fafc314.jpg,1,0,0,0,0,0,0,0
IMG_20250118_144032_jpg.rf.a134b9dc236aa52a446d7a48d6dac403.jpg,1,0,0,0,0,0,0,0
Mastitis-44-_jpg.rf.eaa9b51467d4b5baa578f83ed10bf65d.jpg,1,0,0,0,0,0,0,0
AdobeStock_109023981_Preview_jpeg.rf.78ed24af3c3c0c2a3ff89819b1704921.jpg,0,1,0,0,0,0,0,0
AdobeStock_85250161_Preview_jpeg.rf.bf3f4b150dac770661df18d3b5b4376e.jpg,0,1,0,0,0,0,0,0
hyp13-e1515373816135-1024x738-1-400x284_jpg.rf.dab9886777ca59cc2129c0c241ca3d76.jpg,1,0,0,0,0,0,0,0
AdobeStock_93804337_Video_HD_Preview_mov-0025_jpg.rf.a66f90eaa918b4593d8cdd3be8da5fa7.jpg,0,1,0,0,0,0,0,0
AdobeStock_251420633_Preview_jpeg.rf.7759054ef185a377d6b99280fab27f0a.jpg,0,1,0,0,0,0,0,0
ibk-75833_jpeg.rf.7ee043a29bd330f53b64a77a83c94b6a.jpg,0,1,0,0,0,0,0,0
1-26-_jpg.rf.20a39057ac33e08bc073ec727cc42702.jpg,0,1,0,0,0,0,0,0
IMG_20250118_144303_jpg.rf.432e97547cd3c132c69091891e7d4b52.jpg,0,1,0,0,0,0,0,0
2025-01-18-14-34-24-41d84_mp4-0042_jpg.rf.85474b624c20ad3c8a2125fbaea730a1.jpg,0,1,0,0,0,0,0,0
Mastitis-21-_jpg.rf.6ae005e3cc5aa7c55a9d6e78e44b4bd1.jpg,1,0,0,0,0,0,0,0
wet-teat6-1-e1515287995479-400x284_jpg.rf.d6746adfa5691a4cba06891660fbbdf2.jpg,1,0,0,0,0,0,0,0
AdobeStock_411229317_Preview_jpeg.rf.e888b71860235d2196bb8fdd29b96d2f.jpg,0,1,0,0,0,0,0,0
Picture20-400x284_jpg.rf.89b8b88b227b892a6b2c9eaa8451b38d.jpg,1,0,0,0,0,0,0,0
Mastitis-26-_jpg.rf.498dcf62bc0b62deb1c69fcc9205b8b0.jpg,1,0,0,0,0,0,0,0
Mastitis-38-_jpg.rf.cd46c704c3c4c760a69127862ecbb91b.jpg,1,0,0,0,0,0,0,0
red10-e1515364965265-652x1024-1-400x284_jpg.rf.665d444a5ddda4547652d4ec38f170fb.jpg,1,0,0,0,0,0,0,0
Mastitis-29-_jpg.rf.9119985397deeabb6d7768cc56b358dd.jpg,1,0,0,0,0,0,0,0
Mastitis-54-_jpg.rf.283ba173cbfe7ade55582b25929d57c5.jpg,1,0,0,0,0,0,0,0
IMG_20250118_144345_jpg.rf.4f6bf610294d8582bfe29757fda6edd6.jpg,0,1,0,0,0,0,0,0
Petechail-hemoraghing-e1515364651809-400x284_jpg.rf.0f17920516a5e8757260fa8792c301b2.jpg,1,0,0,0,0,0,0,0
00000132_jpg.rf.bfc0a5c38048cd6932ec94794310af30.jpg,0,1,0,0,0,0,0,0
udder10_jpg.rf.0e79e9c0ad1bf442a39eb7198e9681c5.jpg,0,1,0,0,0,0,0,0
walk475_jpg.rf.e107c9603fc942212444e93e7fd91df8.jpg,0,1,0,0,0,0,0,0
2-11-_jpg.rf.7bc605cb5095bcc0e5fa22017788699a.jpg,0,1,0,0,0,0,0,0
AdobeStock_113101054_Preview_jpeg.rf.0f744a36b83297a8977fc814302693ec.jpg,0,1,0,0,0,0,0,0
2-16-_jpg.rf.1ac904e8dfc0e3606eb1ad3ac916f073.jpg,0,1,0,0,0,0,0,0
Picture40-400x284_jpg.rf.2a5468b46ad4becfb5f629aaff308e11.jpg,1,0,0,0,0,0,0,0
IMG_20250118_144326_jpg.rf.c02ceb3f98d0450ca853cc073607da29.jpg,0,1,0,0,0,0,0,0
mastitis-2_jpeg.rf.e7cb5c6f8e3dd1f48f1b69e4e6fa81ad.jpg,1,0,0,0,0,0,0,0
IMG_20250118_144245_jpg.rf.70920abc2a06232f957a40f254f217f9.jpg,0,1,0,0,0,0,0,0
Picture44-400x284_jpg.rf.afc3aca9b302c3bfb38ecaaad34e3f20.jpg,1,0,0,0,0,0,0,0
AdobeStock_93804337_Video_HD_Preview_mov-0019_jpg.rf.dc8e9c65ada1b363a76d42c1804fa11b.jpg,0,1,0,0,0,0,0,0
exfol2-400x284_jpg.rf.5dd7fdce7a0897c397270b498ff18de6.jpg,1,0,0,0,0,0,0,0
Mastitis-1-_jpg.rf.1048b38ba184385aba40c792d92c512b.jpg,1,0,0,0,0,0,0,0
Mastitis-49-_jpg.rf.5069d7d705c262621d425c4291b7d501.jpg,1,0,0,0,0,0,0,0
hyp17-e1515373911728-1024x894-1-400x284_jpg.rf.0c0f07ded257fa02a7796f83b480bcfc.jpg,1,0,0,0,0,0,0,0
AdobeStock_281905547_Preview_jpeg.rf.68bac95b38376e34beda738de7d46534.jpg,0,1,0,0,0,0,0,0
1-40-_jpg.rf.c930d4a2e77d13f6a4336e4a4db67a85.jpg,0,1,0,0,0,0,0,0
Mastitis-41-_jpg.rf.b20c913bc9d715bfa87497f05216edb5.jpg,1,0,0,0,0,0,0,0
Mastitis-58-_jpg.rf.ffceb55f7888bd1e8d10e9704f70c9bf.jpg,1,0,0,0,0,0,0,0
1-748-_jpg.rf.f7567f5a0cb2f6a518b01fdcc7ddab9f.jpg,0,1,0,0,0,0,0,0
00000017_jpg.rf.694675f4c25403ffd041b89b0e0ac290.jpg,0,1,0,0,0,0,0,0
2025-01-18-14-34-24-41d84_mp4-0032_jpg.rf.40f7693813d89d168f6c8f914051ae6d.jpg,0,1,0,0,0,0,0,0
AdobeStock_432132541_Preview_jpeg.rf.e5910d57fd7ff1b687e48fd0612de482.jpg,0,1,0,0,0,0,0,0
Mastitis-17-_jpg.rf.d25a08ce7f7be2d5a53fa0e84b8cb600.jpg,1,0,0,0,0,0,0,0
AdobeStock_1222349879_Preview_jpeg.rf.625383fe5cc60bf00c165cb2ee40bf8d.jpg,0,1,0,0,0,0,0,0
AdobeStock_480163976_Preview_jpeg.rf.26b948845dee2560043b6b06ebda170b.jpg,0,1,0,0,0,0,0,0
00000056_jpg.rf.d524ada3f8eb28a0ed0a7a9b607f40ae.jpg,0,1,0,0,0,0,0,0
Mastitis-41-_jpg.rf.6a019243670bce1204fe13d889e7dbb4.jpg,1,0,0,0,0,0,0,0
1-742-_jpg.rf.b1d46c047f0b893594822ca511413a45.jpg,0,1,0,0,0,0,0,0
AdobeStock_350329238_Preview_jpeg.rf.161b8b4a80089836f5b43a0198dc4b66.jpg,0,1,0,0,0,0,0,0
1-750-_jpg.rf.feefb0d7b9547486fdcdc8a4b5d364a7.jpg,0,1,0,0,0,0,0,0
AdobeStock_331856846_Preview_jpeg.rf.bf787da4910f86b9e773f19706582930.jpg,0,1,0,0,0,0,0,0
Mastitis-3-_jpg.rf.5c47b3167adbfe3605c5bc751008f978.jpg,1,0,0,0,0,0,0,0
Mastitis-42-_jpg.rf.c0b3531a917b9de0803acc1b461aeb72.jpg,1,0,0,0,0,0,0,0
Mastitis-45-_jpg.rf.d81186189530eb6b8994a751cab9f42f.jpg,1,0,0,0,0,0,0,0
AdobeStock_430667778_Preview_jpeg.rf.0fc080bb6c67605ed6d0a43c4aa21b3e.jpg,0,1,0,0,0,0,0,0
AdobeStock_624861897_Preview_jpeg.rf.644b78fa82bedf102019ec5d3d8ce50e.jpg,0,1,0,0,0,0,0,0
pox5-e1515354512661-400x284_jpg.rf.ab49f8f12759c2daa272eb2fa5e45f9e.jpg,1,0,0,0,0,0,0,0
AdobeStock_1079359064_Preview_jpeg.rf.52eddbf1684bad507f4f50d995904a86.jpg,0,1,0,0,0,0,0,0
Mastitis-67-_jpg.rf.f1bbff63b05e53aa1df0c06e2e4efc6a.jpg,1,0,0,0,0,0,0,0
AdobeStock_585743886_Preview_jpeg.rf.210a45b32ef1d0ae8452b7a3a034fe20.jpg,0,1,0,0,0,0,0,0
AdobeStock_154225591_Preview_jpeg.rf.757b03a1e310555bd38fa6d89c7c9f37.jpg,0,1,0,0,0,0,0,0
2-6-_jpg.rf.06533aaecc7d5c09bfb9e8001c8804e0.jpg,0,1,0,0,0,0,0,0
AdobeStock_93804337_Video_HD_Preview_mov-0021_jpg.rf.002f3fda72169581767d272d39e9d5ea.jpg,0,1,0,0,0,0,0,0
walk456_jpg.rf.1f668c99926e7d655586003e2a1b5c4a.jpg,0,1,0,0,0,0,0,0
Very-Rough-2-2-e1515372540883-400x284_jpg.rf.688ccd3864a4cf32cb3b7f97affa34c3.jpg,1,0,0,0,0,0,0,0
ring10-400x284_jpg.rf.548e09d11302b02a50033d398650b554.jpg,1,0,0,0,0,0,0,0
hyp24-e1515374393597-1024x788-1-400x284_jpg.rf.2311b580e9064bc19987d22d27cee69e.jpg,1,0,0,0,0,0,0,0
Mastitis-14-_jpg.rf.84fee83e715e6726936236f6688bb017.jpg,1,0,0,0,0,0,0,0
AdobeStock_209690081_Preview_jpeg.rf.2e38abae1cd3aa7f1458f4b630f49be3.jpg,0,1,0,0,0,0,0,0
Mastitis-12-_jpg.rf.c3a4396489947d5b06180d4425f7a092.jpg,1,0,0,0,0,0,0,0
mastitis_jpeg.rf.c72c713e4f3e57011d62f700d9d5b463.jpg,1,0,0,0,0,0,0,0
Picture28-1-400x284_jpg.rf.363f99efe6c92d8047cf173c2f6c250b.jpg,1,0,0,0,0,0,0,0
AdobeStock_16321284_Preview_jpeg.rf.f3eb1be3f78be79368f7d84371e4338d.jpg,0,1,0,0,0,0,0,0
AdobeStock_336719294_Preview_jpeg.rf.3d9e667099df409f855a58b6cf77f140.jpg,0,1,0,0,0,0,0,0
AdobeStock_93804337_Video_HD_Preview_mov-0012_jpg.rf.0e87157f83f15787dda5dd2e5504a4bf.jpg,0,1,0,0,0,0,0,0
2025-01-18-14-30-31-215ce_jpg.rf.4bbc82b0dd7a7ac282397039e8de3a9a.jpg,0,1,0,0,0,0,0,0
red5-e1515364876519-839x1024-1-400x284_jpg.rf.57edea6020d542576e11aa7f5210ac64.jpg,1,0,0,0,0,0,0,0
AdobeStock_90587795_Preview_jpeg.rf.c3f04d9649e28279d32d90cd7432b6c4.jpg,0,1,0,0,0,0,0,0
1-749-_jpg.rf.68e1a582fc1cf5b74c34c269fc2e89d3.jpg,0,1,0,0,0,0,0,0
Picture50-400x284_jpg.rf.ec9dccd434f8be99fe7ec538cf76bdc6.jpg,1,0,0,0,0,0,0,0
AdobeStock_122113485_Preview_jpeg.rf.2af8596fa48fb0b5d28e606b09da69b4.jpg,0,1,0,0,0,0,0,0
AdobeStock_43573914_Preview_jpeg.rf.375ff94d062116b3c27c1b9825ad3ff6.jpg,0,1,0,0,0,0,0,0
Smooth-2-1-e1515372198475-400x284_jpg.rf.36bc8853e131cd8550e3cffe451ac8e9.jpg,1,0,0,0,0,0,0,0
pseudo-pox1-e1515356634396-400x284_jpg.rf.0ca1919a9bc5b6f43958710352bd0c33.jpg,1,0,0,0,0,0,0,0
AdobeStock_52578000_Preview_jpeg.rf.ab0fa1df9146789847ca2f64945e2434.jpg,0,1,0,0,0,0,0,0
IMG_20250118_143944_jpg.rf.55a6c9fe1d6ca780766be031cc7ea647.jpg,1,0,0,0,0,0,0,0
1-646-_jpg.rf.446fd001e390efd5a8027a96f0231293.jpg,0,1,0,0,0,0,0,0
Mastitis-59-_jpg.rf.5dc717403310d4b06581dd3d6650fbdf.jpg,1,0,0,0,0,0,0,0
IMG_20250118_144441_jpg.rf.8bd81cacafa8738855f5eaecb61fc8e0.jpg,0,1,0,0,0,0,0,0
2025-01-18-14-34-24-41d84_mp4-0037_jpg.rf.835cc4f6f3650c333c6435cdd0aa72a6.jpg,0,1,0,0,0,0,0,0
Chlorine-pre-dip-used-at-4-parts-chlorine-1-part-waters-manure-solids-bedding-e1515285965121-400x284_jpg.rf.2ff92716fb192b67d0b698d4c6e76c26.jpg,1,0,0,0,0,0,0,0
IMG_20250118_143944_jpg.rf.7cf14e592d84947ec054d4e6ad9d17c2.jpg,1,0,0,0,0,0,0,0
Mastitis-67-_jpg.rf.a9d9496c48ce40a4556708bcaa9812aa.jpg,1,0,0,0,0,0,0,0
Picture27-400x284_jpg.rf.557fbeaec46cc627273771ea493dd32f.jpg,1,0,0,0,0,0,0,0
AdobeStock_43573999_Preview_jpeg.rf.a6d650bf0d26ef53096670318d8f8537.jpg,0,1,0,0,0,0,0,0
AdobeStock_72291626_Preview_jpeg.rf.011baecdfd38b1e99157c621a8f3a4ef.jpg,0,1,0,0,0,0,0,0
Chemical-burn-6-400x284_jpg.rf.fadef5bd8756bd4bd99e8c8e706fc71c.jpg,1,0,0,0,0,0,0,0
AdobeStock_360140155_Preview_jpeg.rf.217b40987165439cb7d2e47ffd4b9427.jpg,0,1,0,0,0,0,0,0
Picture51-400x284_jpg.rf.408473f7a6f2347368b9b0b7c46c3cf7.jpg,1,0,0,0,0,0,0,0
AdobeStock_154205487_Preview_jpeg.rf.89b6ed4eb95af7869ba03bbd59960a01.jpg,0,1,0,0,0,0,0,0
Mastitis-36-_jpg.rf.300206d9f2cb43a3d393ddf26335f5e1.jpg,1,0,0,0,0,0,0,0
AdobeStock_72291626_Preview_jpeg.rf.e7dcfe9a2dcaeca2dbc2281f22628638.jpg,0,1,0,0,0,0,0,0
1-657-_jpg.rf.43d9a8ef4e8e542dd27b455309e40561.jpg,0,1,0,0,0,0,0,0
AdobeStock_8645586_Preview_jpeg.rf.868974706404f00fc11b0eccb3fb96b0.jpg,0,1,0,0,0,0,0,0
AdobeStock_838454755_Preview_jpeg.rf.49cec6cf952ce99dc293b9b3418ef342.jpg,0,1,0,0,0,0,0,0
AdobeStock_8645586_Preview_jpeg.rf.dfe05c132e65e799931725e80bd8930c.jpg,0,1,0,0,0,0,0,0
AdobeStock_838454755_Preview_jpeg.rf.54c6f21cf0511561a0222499eb13001e.jpg,0,1,0,0,0,0,0,0
Mastitis-36-_jpg.rf.00bcee038ee762986c7d9b6d9bcf5e10.jpg,1,0,0,0,0,0,0,0
Picture51-400x284_jpg.rf.de77c7f079953afaed106c67d6765438.jpg,1,0,0,0,0,0,0,0
1-657-_jpg.rf.3be1805d7f3396fbb6b27639555ca1d9.jpg,0,1,0,0,0,0,0,0
AdobeStock_154205487_Preview_jpeg.rf.27bae79a5dd6ed9fa58f5b3b4587b934.jpg,0,1,0,0,0,0,0,0
AdobeStock_394830772_Preview_jpeg.rf.3bdb71f74748cd6bcc5c4126b2b12775.jpg,0,1,0,0,0,0,0,0
hyp13-e1515373816135-1024x738-1-400x284_jpg.rf.65b631e1cdb94273799a9bb29e0d6f4f.jpg,1,0,0,0,0,0,0,0
udder-16_jpg.rf.9f892fad813fbd196b9a86f02583d1c5.jpg,0,1,0,0,0,0,0,0
Mastitis-53-_jpg.rf.b2b388c5731f4bb330d87cc1a893b670.jpg,1,0,0,0,0,0,0,0
AdobeStock_24382966_Preview_jpeg.rf.950ecc3d3bfff8c9a44c744b1844a62b.jpg,0,1,0,0,0,0,0,0
AdobeStock_109023981_Preview_jpeg.rf.ff509fe5b236df7e81874a9dc72e89f0.jpg,0,1,0,0,0,0,0,0
Mastitis-34-_jpg.rf.378740a64999911015337d535a01225c.jpg,1,0,0,0,0,0,0,0
Hyperkeratosis-e1515371480240-332x284_jpg.rf.5d2cff94926482672247f3eecb507211.jpg,1,0,0,0,0,0,0,0
AdobeStock_23228077_Preview_jpeg.rf.b121fc9298e3b4246c094da087317b68.jpg,0,1,0,0,0,0,0,0
Mastitis-7-_jpg.rf.a0cecba62e84b29770fc2c9166ee8ee9.jpg,1,0,0,0,0,0,0,0
1-743-_jpg.rf.e1d8c477ce1cb8b61df45ac9737a631d.jpg,0,1,0,0,0,0,0,0
chaps-4_1scabbed-400x284_png.rf.c73227cacd99a28aae48881e854413a7.jpg,1,0,0,0,0,0,0,0
1-38-_jpg.rf.51913cf6ad410e6c19aee1109d204f35.jpg,0,1,0,0,0,0,0,0
ring4-400x284_jpg.rf.4fd336e0bf79237e1ea740efbb64d71a.jpg,1,0,0,0,0,0,0,0
udder-13_jpg.rf.81122f268e589e615b38be95ba03ed95.jpg,0,1,0,0,0,0,0,0
IMG_20250118_143753_jpg.rf.120f68085668a151e34a9d0e94fbd102.jpg,0,1,0,0,0,0,0,0
ring11-400x284_jpg.rf.771941ee55d07a72c308505b5df2e378.jpg,1,0,0,0,0,0,0,0
IMG_20250118_144245_jpg.rf.5cfca5de2fea509bb39a14e6613085f1.jpg,0,1,0,0,0,0,0,0
AdobeStock_480163973_Preview_jpeg.rf.834c8d5d8e66a4fa58164b8fc35973a4.jpg,0,1,0,0,0,0,0,0
blue11-e1515364798164-1012x1024-1-400x284_jpg.rf.0d2501969aa84640673bdb9eed303ce3.jpg,1,0,0,0,0,0,0,0
Cant_wait_for_the_bull_jpeg.rf.0120cb0a580efed2a1214a6dc9f4e1a6.jpg,0,1,0,0,0,0,0,0
7_jpeg.rf.08deabba0cabeb0d72c1a9feead2f9aa.jpg,1,0,0,0,0,0,0,0
Chemcial-burn3-e1515283623745-400x284_jpg.rf.a0466f68d02713f0e054f17a08d1e138.jpg,1,0,0,0,0,0,0,0
AdobeStock_111611370_Preview_jpeg.rf.4488ede4cfb98b1d2972f700cd9a2fe5.jpg,0,1,0,0,0,0,0,0
IMG_20250118_144303_jpg.rf.75e17bf84c31a28b62779d718bc5a134.jpg,0,1,0,0,0,0,0,0
Mastitis-21-_jpg.rf.6b57664aceb80a89196a837452f7c6ec.jpg,1,0,0,0,0,0,0,0
AdobeStock_154225652_Preview_jpeg.rf.7ecb5ad6df39f14d1dfa314f960d55d2.jpg,0,1,0,0,0,0,0,0
AdobeStock_122288568_Preview_jpeg.rf.f262d7292d880a279dbf2efbc9726b38.jpg,0,1,0,0,0,0,0,0
AdobeStock_411229317_Preview_jpeg.rf.ce4af3d20d1df87ae2e0fce6945bad52.jpg,0,1,0,0,0,0,0,0
AdobeStock_26134944_Preview_jpeg.rf.e20b4a13fbb685513b0eb70f472a3b91.jpg,0,1,0,0,0,0,0,0
IMG_20250118_144310_jpg.rf.1c8a91edfb0ca432e174db0b81519373.jpg,0,1,0,0,0,0,0,0
1-26-_jpg.rf.13f45122c6ae99b3dbb9e58be24c3965.jpg,0,1,0,0,0,0,0,0
Picture44-400x284_jpg.rf.de140d9546ef58739863755cb3a5ce47.jpg,1,0,0,0,0,0,0,0
IMG_20250118_143826_jpg.rf.599ef554704586835198e2645a872d61.jpg,0,1,0,0,0,0,0,0
Mastitis-16-_jpg.rf.eeb8b1b4d36b86925c41fad0c7b501ab.jpg,1,0,0,0,0,0,0,0
Mastitis-27-_jpg.rf.27bcd220dc129edbed89bd4f4278ec99.jpg,1,0,0,0,0,0,0,0
walk475_jpg.rf.919016ab0f90f2308d63c0cc46182a3b.jpg,0,1,0,0,0,0,0,0
AdobeStock_93804337_Video_HD_Preview_mov-0005_jpg.rf.f5287f3ac32c0861482860ca47406e5d.jpg,0,1,0,0,0,0,0,0
Picture20-400x284_jpg.rf.f62422f6410fdf21fa54e295e3c2a18d.jpg,1,0,0,0,0,0,0,0
Chlorine-pre-dip-used-at-4-parts-chlorine-1-part-waters-manure-solids-bedding-e1515285965121-400x284_jpg.rf.3940a570452eed73bc6f15f212e63423.jpg,1,0,0,0,0,0,0,0
00000211_jpg.rf.a9c5cff0cd4498f8bf127e3aefda02f8.jpg,0,1,0,0,0,0,0,0
AdobeStock_93804337_Video_HD_Preview_mov-0025_jpg.rf.e7892a2351fa2692b16aa2673c20a668.jpg,0,1,0,0,0,0,0,0
GRZ_71_jpg.rf.b1e96cc1ad2bba8aa4de4ada28133db8.jpg,0,1,0,0,0,0,0,0
AdobeStock_52578000_Preview_jpeg.rf.4248ea25c035ac559500b2c08c684929.jpg,0,1,0,0,0,0,0,0
Mastitis-1-_jpg.rf.ee849878cec6da2a232afdc0779cf6df.jpg,1,0,0,0,0,0,0,0
Mastitis-49-_jpg.rf.94026a1fff4f9fc2b270a6f4e3a7bdb5.jpg,1,0,0,0,0,0,0,0
AdobeStock_281905547_Preview_jpeg.rf.12f4cdfad5c016c5dc2d6ed7123e9ed5.jpg,0,1,0,0,0,0,0,0
Mastitis-33-_jpg.rf.d4814bffa196dd986c5dbbdf53b877d1.jpg,1,0,0,0,0,0,0,0
exfol2-400x284_jpg.rf.8e66bb4905c2695d87797cae186a00ea.jpg,1,0,0,0,0,0,0,0
normal4-e1515369489318-400x284_jpg.rf.7487fd4de0e393f568e65e5c3c274dba.jpg,0,1,0,0,0,0,0,0
mastitis-2_jpeg.rf.3be7aabd8f0d57ef1711c5eeee984cec.jpg,1,0,0,0,0,0,0,0
AdobeStock_23574098_Preview_jpeg.rf.b61e8456cd2a4ae96cb1afebeeef5e64.jpg,0,1,0,0,0,0,0,0
Mastitis-67-_jpg.rf.3841a7072b01fc755d53fea9f508caa8.jpg,1,0,0,0,0,0,0,0
AdobeStock_331856846_Preview_jpeg.rf.ce223071461896af56b2df97c2d694cc.jpg,0,1,0,0,0,0,0,0
2-16-_jpg.rf.a419b5c43d48184e4aa9e95785c1c996.jpg,0,1,0,0,0,0,0,0
red10-e1515364965265-652x1024-1-400x284_jpg.rf.1f918f2abc2eef42976f179189320904.jpg,1,0,0,0,0,0,0,0
Mastitis-41-_jpg.rf.e9803b24bd8e1971f594509342a86682.jpg,1,0,0,0,0,0,0,0
AdobeStock_480163976_Preview_jpeg.rf.73505d331faa08336cd90baf8fa714f6.jpg,0,1,0,0,0,0,0,0
AdobeStock_350329238_Preview_jpeg.rf.1706bcac3137d53a77b4c188dafd1d88.jpg,0,1,0,0,0,0,0,0
Mastitis-41-_jpg.rf.be5081ea387fd9b88e533cd2800ebce8.jpg,1,0,0,0,0,0,0,0
Mastitis-16-_jpg.rf.1ec4cecf29d257240513f0c4b20121f6.jpg,1,0,0,0,0,0,0,0
Petechail-hemoraghing-e1515364651809-400x284_jpg.rf.2eecc1109a046a86659f6d0698c57905.jpg,1,0,0,0,0,0,0,0
AdobeStock_1222349879_Preview_jpeg.rf.73f8e5addd7ace7817920336a0611db8.jpg,0,1,0,0,0,0,0,0
Mastitis-17-_jpg.rf.60f30fb2422583d8b72abadfc395d4eb.jpg,1,0,0,0,0,0,0,0
00000017_jpg.rf.9274e873061c8a1c690e229fd8dc773b.jpg,0,1,0,0,0,0,0,0
AdobeStock_93804337_Video_HD_Preview_mov-0005_jpg.rf.589ce37932bfb06a85a94d13b39f3b3a.jpg,0,1,0,0,0,0,0,0
1-40-_jpg.rf.25640d98cbde16a135dea5586d1dc604.jpg,0,1,0,0,0,0,0,0
1-743-_jpg.rf.648ef186bdfed9f83212ef6bea2b188e.jpg,0,1,0,0,0,0,0,0
Mastitis-7-_jpg.rf.5192e2b7cd762495dea14ccfd186a192.jpg,1,0,0,0,0,0,0,0
AdobeStock_93804337_Video_HD_Preview_mov-0023_jpg.rf.7c6c26bcb89482d5981ddf310b7dbebf.jpg,0,1,0,0,0,0,0,0
AdobeStock_430667778_Preview_jpeg.rf.777f91075b4dc5dc5de88c4bd063839d.jpg,0,1,0,0,0,0,0,0
AdobeStock_585743886_Preview_jpeg.rf.04e07f65623ba2340313b33ad2b021f0.jpg,0,1,0,0,0,0,0,0
AdobeStock_111611370_Preview_jpeg.rf.9c48fcbbac99d9d57d11af46e01df4bb.jpg,0,1,0,0,0,0,0,0
AdobeStock_154225652_Preview_jpeg.rf.254b5dac2acb8a611157992805c9a6c2.jpg,0,1,0,0,0,0,0,0
Hyperkeratosis-e1515371480240-332x284_jpg.rf.e728f095dbae1c62e29974d9593402e3.jpg,1,0,0,0,0,0,0,0
GRZ_71_jpg.rf.2c6290c054619c5305c220d6336042ae.jpg,0,1,0,0,0,0,0,0
Mastitis-59-_jpg.rf.6772b157e65d6eb76757230fdf15c4a4.jpg,1,0,0,0,0,0,0,0
1-664-_jpg.rf.0ad58e9309a816f0305d93ebba9796da.jpg,0,1,0,0,0,0,0,0
AdobeStock_90587795_Preview_jpeg.rf.204e905575a467389c2726e607d88cc9.jpg,0,1,0,0,0,0,0,0
Mastitis-27-_jpg.rf.c9f713c1233c317c2b7dedd4934c38cf.jpg,1,0,0,0,0,0,0,0
AdobeStock_23228077_Preview_jpeg.rf.fe97d5eca80312868174d5c34eeceadc.jpg,0,1,0,0,0,0,0,0
2025-01-18-14-34-24-41d84_mp4-0030_jpg.rf.8fb98d16ef56af69114ced7d15ec32db.jpg,0,1,0,0,0,0,0,0
Picture4-400x284_jpg.rf.2fb1dc8959c45af9d23a799157290bc0.jpg,1,0,0,0,0,0,0,0
00000211_jpg.rf.2e2c9abc5152edcd1ec2c55e95c88fc8.jpg,0,1,0,0,0,0,0,0
blue11-e1515364798164-1012x1024-1-400x284_jpg.rf.23a9c350ed3dfe10c51757888d12676a.jpg,1,0,0,0,0,0,0,0
Chemcial-burn3-e1515283623745-400x284_jpg.rf.90f4bc1f1289a688330610146d0c6efa.jpg,1,0,0,0,0,0,0,0
udder-13_jpg.rf.9662699365156d398f88dbcb13d9ad47.jpg,0,1,0,0,0,0,0,0
AdobeStock_43573999_Preview_jpeg.rf.9bbae70dc242094f4bf9aecc42ed0c7c.jpg,0,1,0,0,0,0,0,0
7_jpeg.rf.fae47a0031c0ae451b6589e284b4ec4e.jpg,1,0,0,0,0,0,0,0
IMG_20250118_144310_jpg.rf.5d37e3efc2e4dd28ed256383e7a01035.jpg,0,1,0,0,0,0,0,0
pox5-e1515354512661-400x284_jpg.rf.f8d80b3da4846093b7b4921671fcec77.jpg,1,0,0,0,0,0,0,0
AdobeStock_93804337_Video_HD_Preview_mov-0021_jpg.rf.17aeee088f36b8eed55346a95db360bf.jpg,0,1,0,0,0,0,0,0
Mastitis-12-_jpg.rf.e37d9d631de242fc8cfdc4f5bd93d6f5.jpg,1,0,0,0,0,0,0,0
Mastitis-52-_jpg.rf.6349b43bbbf52da5eb9cc547af0f080a.jpg,1,0,0,0,0,0,0,0
AdobeStock_480163973_Preview_jpeg.rf.e3b95a9c4e43142b404c2d302771a7f6.jpg,0,1,0,0,0,0,0,0
walk456_jpg.rf.75090d000f8ff0ba15e71c8d57c6cd00.jpg,0,1,0,0,0,0,0,0
Picture15-400x284_jpg.rf.58827011c9f0f03932ab3b6caaac2b06.jpg,1,0,0,0,0,0,0,0
ring4-400x284_jpg.rf.3901d47881047314f07de0ea8c618be4.jpg,1,0,0,0,0,0,0,0
1-138-_jpg.rf.2136a502e96d75a579a331d9b919a4f2.jpg,0,1,0,0,0,0,0,0
AdobeStock_122113485_Preview_jpeg.rf.f6b66defc2abd2114881b933c82ef245.jpg,0,1,0,0,0,0,0,0
AdobeStock_93804337_Video_HD_Preview_mov-0025_jpg.rf.823c108e346dc10bf154431508fbdcb4.jpg,0,1,0,0,0,0,0,0
Picture20-400x284_jpg.rf.17c566bd83655a55a47ba639542fb9a1.jpg,1,0,0,0,0,0,0,0
1-26-_jpg.rf.1df6a22d265be32095d93e2f52cb0e7d.jpg,0,1,0,0,0,0,0,0
Mastitis-30-_jpg.rf.7ddfa0291c45872c4b4e4de6ec994f5f.jpg,1,0,0,0,0,0,0,0
Chemical-burn-6-400x284_jpg.rf.6c6df4b6367bc2c71e504cbcb343cae0.jpg,1,0,0,0,0,0,0,0
Mastitis-67-_jpg.rf.ba8e5cd3a71b9ee6c7a64c7231e93e4f.jpg,1,0,0,0,0,0,0,0
00000017_jpg.rf.5d04c80be5dbb0b62ce628968a57495a.jpg,0,1,0,0,0,0,0,0
Mastitis-33-_jpg.rf.677f17821be235a30c4e015f9d9e0317.jpg,1,0,0,0,0,0,0,0
2025-01-18-14-30-31-215ce_jpg.rf.16e231e63b2e125e8dac095abdf0c6e3.jpg,0,1,0,0,0,0,0,0
Smooth-2-1-e1515372198475-400x284_jpg.rf.deb4fdd134430dd14d75fecd8289533f.jpg,1,0,0,0,0,0,0,0
2025-01-18-14-34-24-41d84_mp4-0034_jpg.rf.7e6e5204a28ee3ef5e08589f5845dbe3.jpg,0,1,0,0,0,0,0,0
AdobeStock_52578000_Preview_jpeg.rf.a0b98240a13613766193e45231d6f750.jpg,0,1,0,0,0,0,0,0
AdobeStock_93804337_Video_HD_Preview_mov-0012_jpg.rf.cac83a9e97c397e355c7688a5e1d02e6.jpg,0,1,0,0,0,0,0,0
walk475_jpg.rf.c4d5b09987df3f68b0d9fc7792e16431.jpg,0,1,0,0,0,0,0,0
Mastitis-49-_jpg.rf.e081e231cb5400f4d8ef9b9049f942ff.jpg,1,0,0,0,0,0,0,0
Chlorine-pre-dip-used-at-4-parts-chlorine-1-part-waters-manure-solids-bedding-e1515285965121-400x284_jpg.rf.d302055ed7f0ed4e75eb1111a85af9aa.jpg,1,0,0,0,0,0,0,0
AdobeStock_23574098_Preview_jpeg.rf.d858ffaabd7921de064f629a4ce9cf39.jpg,0,1,0,0,0,0,0,0
2-16-_jpg.rf.bc02ead122dad202ccc90f816cff34ff.jpg,0,1,0,0,0,0,0,0
red5-e1515364876519-839x1024-1-400x284_jpg.rf.0e4581fbf9d2f9c6dd0a553499b15901.jpg,1,0,0,0,0,0,0,0
AdobeStock_360140155_Preview_jpeg.rf.ea209caca1dc451b386174d94710c365.jpg,0,1,0,0,0,0,0,0
pox5-e1515354512661-400x284_jpg.rf.d7030211098292e3a415bd1e08bc73e6.jpg,1,0,0,0,0,0,0,0
Picture44-400x284_jpg.rf.83cf57e6f7968b34eb7ff71b8e49d54d.jpg,1,0,0,0,0,0,0,0
Mastitis-68-_jpg.rf.3913441995d4ac926ee22baed61c26f5.jpg,1,0,0,0,0,0,0,0
AdobeStock_72291626_Preview_jpeg.rf.5f9482e134215ee1028b655e8f617183.jpg,0,1,0,0,0,0,0,0
Mastitis-41-_jpg.rf.5bc7adaacc25035ea17585aeff06f8da.jpg,1,0,0,0,0,0,0,0
AdobeStock_93804337_Video_HD_Preview_mov-0023_jpg.rf.48c79d402f60af8d900a401ab848d85c.jpg,0,1,0,0,0,0,0,0
AdobeStock_220015949_Preview_jpeg.rf.30b22112c7de9f22360e28c3cabcb0f5.jpg,0,1,0,0,0,0,0,0
AdobeStock_1222349879_Preview_jpeg.rf.e44a35c6a935067a0d382381704910a4.jpg,0,1,0,0,0,0,0,0
2-94-_jpg.rf.21524dd1feff35f6ab3cda446d7268ac.jpg,0,1,0,0,0,0,0,0
1-742-_jpg.rf.af620655ef976796ca9fe866d0cf509d.jpg,0,1,0,0,0,0,0,0
AdobeStock_544941447_Preview_jpeg.rf.8081715ffbc6b4063b9d19e2374b626b.jpg,0,1,0,0,0,0,0,0
Mastitis-52-_jpg.rf.5a1e64acf926c3fd715124154891140a.jpg,1,0,0,0,0,0,0,0
Very-Rough-2-2-e1515372540883-400x284_jpg.rf.96908cb1a52d193dd474013db91406af.jpg,1,0,0,0,0,0,0,0
AdobeStock_93804337_Video_HD_Preview_mov-0021_jpg.rf.06c96354673d5b18e61724b93667761d.jpg,0,1,0,0,0,0,0,0
Mastitis-43-_jpg.rf.73718aac9025f7ce390d6dfea7c38a14.jpg,1,0,0,0,0,0,0,0
AdobeStock_154205487_Preview_jpeg.rf.d0c2cdb8481f71f9b175aba3b04609c0.jpg,0,1,0,0,0,0,0,0
7_jpeg.rf.e18cfed80b73e4ae1d44d2dd5f1af768.jpg,1,0,0,0,0,0,0,0
AdobeStock_838454755_Preview_jpeg.rf.b0f397be866b989f2106d83137a266be.jpg,0,1,0,0,0,0,0,0
Mastitis-68-_jpg.rf.621829e171c0753936ba44a642d7ff8e.jpg,1,0,0,0,0,0,0,0
IMG_20250118_144441_jpg.rf.81ab23d6db73831437b9742c99ede5fa.jpg,0,1,0,0,0,0,0,0
AdobeStock_408874034_Preview_jpeg.rf.f5b383cebacd576829211c97e6a9d62f.jpg,0,1,0,0,0,0,0,0
Mastitis-7-_jpg.rf.2ebe9bbf412125ed7b4d98271b464010.jpg,1,0,0,0,0,0,0,0
Mastitis-30-_jpg.rf.2bc5f59895c2c6b6f6ef10edd4353d18.jpg,1,0,0,0,0,0,0,0
AdobeStock_14812751_Preview_jpeg.rf.25cb17838dff3824029762da35d1914b.jpg,0,1,0,0,0,0,0,0
1-138-_jpg.rf.4c5fba4b50c5e31bbf4284f84fe95182.jpg,0,1,0,0,0,0,0,0
2025-01-18-14-34-24-41d84_mp4-0030_jpg.rf.c5fc2600aceb31652d02d253ec158064.jpg,0,1,0,0,0,0,0,0
AdobeStock_336719294_Preview_jpeg.rf.30d2b459d95ee7aadceec01a3691ac2b.jpg,0,1,0,0,0,0,0,0
1-743-_jpg.rf.74f559aa2033cb71a534eb3d47b71194.jpg,0,1,0,0,0,0,0,0
udder-13_jpg.rf.3f1493115cee919b0ad1f02dd106e6ac.jpg,0,1,0,0,0,0,0,0
Mastitis-59-_jpg.rf.a9e5bfcf8bcf7938d9dc54d1a5b13d61.jpg,1,0,0,0,0,0,0,0
AdobeStock_480163976_Preview_jpeg.rf.ef041c0fdc0b11dd8dedc1c43fa203bf.jpg,0,1,0,0,0,0,0,0
Picture15-400x284_jpg.rf.1679059c28fce35ef777fbd127138593.jpg,1,0,0,0,0,0,0,0
AdobeStock_90587795_Preview_jpeg.rf.50eb474e39292ca9c1f70c13c397d695.jpg,0,1,0,0,0,0,0,0
2-6-_jpg.rf.a4946565508349f4c15b77bbc27d3604.jpg,0,1,0,0,0,0,0,0
Mastitis-27-_jpg.rf.0293023bbb264ce796f7a0b1201e02d3.jpg,1,0,0,0,0,0,0,0
AdobeStock_111611370_Preview_jpeg.rf.5ff8a15ccb61e135984678a02d37157a.jpg,0,1,0,0,0,0,0,0
pseudo-pox1-e1515356634396-400x284_jpg.rf.b3ad82c075071222445cbb0af76b5c52.jpg,1,0,0,0,0,0,0,0
6_jpeg.rf.30b69cb094d940b4425d7c48fe1be8df.jpg,1,0,0,0,0,0,0,0
AdobeStock_480163973_Preview_jpeg.rf.64030a18e4190bcb37718799bc7b1a4b.jpg,0,1,0,0,0,0,0,0
AdobeStock_93804337_Video_HD_Preview_mov-0005_jpg.rf.b26ab65d2b7398e539a48d22f7529f8a.jpg,0,1,0,0,0,0,0,0
AdobeStock_585743886_Preview_jpeg.rf.21c4afd82d6ecfd68cef9495717e1289.jpg,0,1,0,0,0,0,0,0
AdobeStock_154225652_Preview_jpeg.rf.bf1f84b766777dd3b2a2cf18fd973416.jpg,0,1,0,0,0,0,0,0
Picture4-400x284_jpg.rf.55f39aec09482b469634795778274428.jpg,1,0,0,0,0,0,0,0
ring4-400x284_jpg.rf.752f7db3543da1f1eda04294dacd66b6.jpg,1,0,0,0,0,0,0,0
Picture49-1-400x284_jpg.rf.7b1c5a16ceb38337dcc5e8892e7ce58a.jpg,1,0,0,0,0,0,0,0
blue11-e1515364798164-1012x1024-1-400x284_jpg.rf.436a0c0b7cd680f7aa1ba451b7d45ef7.jpg,1,0,0,0,0,0,0,0
2025-01-18-14-34-24-41d84_mp4-0037_jpg.rf.b766fe8d415294e772dab41660e96136.jpg,0,1,0,0,0,0,0,0
AdobeStock_430667778_Preview_jpeg.rf.952976d1111a3e02c374bc7e07c0fc1f.jpg,0,1,0,0,0,0,0,0
AdobeStock_122113485_Preview_jpeg.rf.2f4d591a0f4f4ea01c8df747831962a3.jpg,0,1,0,0,0,0,0,0
Chemical-burn-6-400x284_jpg.rf.69c11831664e090ac90149bf24c33156.jpg,1,0,0,0,0,0,0,0
normal18-e1515370070827-400x284_jpg.rf.7d745dc8cba4372db0495e275e8d5401.jpg,0,1,0,0,0,0,0,0
1-646-_jpg.rf.93a1c9f27b345805ece3420ee59cb591.jpg,0,1,0,0,0,0,0,0
Mastitis-12-_jpg.rf.178e448c8f4a18dd17f48cf232c8b056.jpg,1,0,0,0,0,0,0,0
AdobeStock_43573999_Preview_jpeg.rf.18aec37c7c9c1a3a86792823925a9527.jpg,0,1,0,0,0,0,0,0
2-94-_jpg.rf.4e740f5238fe12a3c91bd8b06bc8e1af.jpg,0,1,0,0,0,0,0,0
Picture27-400x284_jpg.rf.3e7a60dbc4a749efe017f818394598f9.jpg,1,0,0,0,0,0,0,0
AdobeStock_408874034_Preview_jpeg.rf.b5a076015776243ea799df6a56f6f72c.jpg,0,1,0,0,0,0,0,0
AdobeStock_93804337_Video_HD_Preview_mov-0023_jpg.rf.b9ba2fd67931f556cfc6928f34200109.jpg,0,1,0,0,0,0,0,0
Mastitis-49-_jpg.rf.2e838becfea833c639cad5441ac305fe.jpg,1,0,0,0,0,0,0,0
6_jpeg.rf.7ed58f93aed7b658ee09ffe673ec9173.jpg,1,0,0,0,0,0,0,0
Mastitis-33-_jpg.rf.5c160cbb8e4db8b52042e53a1359b819.jpg,1,0,0,0,0,0,0,0
normal18-e1515370070827-400x284_jpg.rf.0f426c5d374b9d44a47af0ef0543905e.jpg,0,1,0,0,0,0,0,0
AdobeStock_544941447_Preview_jpeg.rf.ad20388926b4eff13b2569cbb7b41855.jpg,0,1,0,0,0,0,0,0
AdobeStock_220015949_Preview_jpeg.rf.35deddf9260d3ef7e6b9d07017028958.jpg,0,1,0,0,0,0,0,0
AdobeStock_209933484_Preview_jpeg.rf.2c2147ff68160ad89f5bf09d182d9b4e.jpg,0,1,0,0,0,0,0,0
AdobeStock_23574098_Preview_jpeg.rf.65aebc1a1d4b8eba7933eb0c758439c5.jpg,0,1,0,0,0,0,0,0
Picture49-1-400x284_jpg.rf.3cf7014bf34c57c3dac2636058a9797f.jpg,1,0,0,0,0,0,0,0
2025-01-18-14-34-24-41d84_mp4-0034_jpg.rf.3b2bcb913c967ec069e1577eb5227038.jpg,0,1,0,0,0,0,0,0
1-664-_jpg.rf.5d3ac187ef568626bf72be2306d03886.jpg,0,1,0,0,0,0,0,0
AdobeStock_493193242_Preview_jpeg.rf.30b9c73c7cb21681318252bdfbc14ec2.jpg,0,1,0,0,0,0,0,0
1-1241-_jpg.rf.3b24389ddcf7381be6ab91ea6e6f6aa6.jpg,0,1,0,0,0,0,0,0
Mastitis-61-_jpg.rf.b62a491a962f2b72ad333412bc585d70.jpg,1,0,0,0,0,0,0,0
Drying-chemical-barrier-dip-build-up-build-up-e1515286053269_jpg.rf.4fa358c01fe6cba7d56a92a83d38150c.jpg,1,0,0,0,0,0,0,0
1-713-_jpg.rf.ca10642f03c5f365d782a55c30942bad.jpg,0,1,0,0,0,0,0,0
Mastitis-12-_jpg.rf.90b20c7e71250ba02af769f9623a0d20.jpg,1,0,0,0,0,0,0,0
Mastitis-4-_jpg.rf.bc7c1a8f6a8df0d9d0a0ba8a1767292d.jpg,1,0,0,0,0,0,0,0
udder-9_jpg.rf.e2ccfb51b8db884b430ab237f59cbcc8.jpg,0,1,0,0,0,0,0,0
Large-Ring-2-2-e1515371633565-400x284_jpg.rf.6085c7e5aa19fc225fa70c663106ad03.jpg,1,0,0,0,0,0,0,0
23_jpeg.rf.c1f0fb8f3385dbeb50f1281b30932c13.jpg,1,0,0,0,0,0,0,0
AdobeStock_556562712_Video_HD_Preview_mov-0004_jpg.rf.28bf0d9e958b5d01f1f0b8fcd401f0ca.jpg,0,1,0,0,0,0,0,0
AdobeStock_159261631_Preview_jpeg.rf.6a231bc0021a919e8d9fe34f3a85f5b8.jpg,0,1,0,0,0,0,0,0
AdobeStock_93804337_Video_HD_Preview_mov-0006_jpg.rf.4d6f4369da3b90718a2b7493bf745923.jpg,0,1,0,0,0,0,0,0
pox4-e1515354347181-400x284_jpg.rf.b281b29cd6e3882dcce0c8f8114dda33.jpg,1,0,0,0,0,0,0,0
1-674-_jpg.rf.ee42ed0cbb9b56efe83b225a709707c8.jpg,0,1,0,0,0,0,0,0
normal15-e1515369788421-400x284_jpg.rf.555a460bd7450497e67c72cb1c91e601.jpg,0,1,0,0,0,0,0,0
Picture42-1-400x284_jpg.rf.0934051ee6e757f6d7befe5c8443484b.jpg,1,0,0,0,0,0,0,0
00000069_jpg.rf.00de518e72648bee7341bd9200e51675.jpg,0,1,0,0,0,0,0,0
1-96-_jpg.rf.d78451934e47a12443d76eed40132892.jpg,0,1,0,0,0,0,0,0
1-639-_jpg.rf.7d7f0876f02f02d17c6e7458f6f16f23.jpg,0,1,0,0,0,0,0,0
Picture47-1-400x284_jpg.rf.752e246d56afc7ee474c59eda688241c.jpg,1,0,0,0,0,0,0,0
Picture12-400x284_jpg.rf.8ab8e95da92468a5bbacfd01cb5b845d.jpg,1,0,0,0,0,0,0,0
Mastitis-27-_jpg.rf.3b2c6d0e86f4343748c4f7a8bede1b83.jpg,1,0,0,0,0,0,0,0
1-111-_jpg.rf.3ddde325cbd3d953262cd8070029bfe1.jpg,0,1,0,0,0,0,0,0
AdobeStock_391273292_Preview_jpeg.rf.21692fbc6bb251c3514f00574afa7c2b.jpg,0,1,0,0,0,0,0,0
Mastitis-43-_jpg.rf.6e9e2248b0071911c93c5fdac49a080b.jpg,1,0,0,0,0,0,0,0
AdobeStock_171446256_Preview_jpeg.rf.e61ded2fb64fe4e3a9b6047bc2d23f72.jpg,0,1,0,0,0,0,0,0
26_jpeg.rf.455dcf6c4ae51af8efba0d0d126b47bc.jpg,1,0,0,0,0,0,0,0
001_30_IMG_gro174291-009-848x565_jpg.rf.3b3e2f1bece8e57e292e453cac517ed9.jpg,1,0,0,0,0,0,0,0
AdobeStock_548951617_Preview_jpeg.rf.1fa34e7402578588e01cbb40c5d3177a.jpg,0,1,0,0,0,0,0,0
2025-01-18-14-32-16-07bfd_jpg.rf.8d31a3a76df8fde5ea96d38ef578a61a.jpg,0,1,0,0,0,0,0,0
dry-skin-crack9-400x284_jpg.rf.254e1ef1376cc93a0f5f0c6b5cdabaa9.jpg,1,0,0,0,0,0,0,0
Mastitis-45-_jpg.rf.b6c3b6dc0d6e0eff2ebb7dabb02161f6.jpg,1,0,0,0,0,0,0,0
2025-01-18-14-23-43-18b77_jpg.rf.915e8829f5e45943811cd0b12d9ba6ed.jpg,0,1,0,0,0,0,0,0
2025-01-18-14-33-04-733df_jpg.rf.ffbf93bb56eab0ca70a882607bfd8f1c.jpg,0,1,0,0,0,0,0,0
Large-Ring-1-1-e1515371355481-400x284_jpg.rf.821dcf5ead90ce7e2f56c591f3b5d3e5.jpg,1,0,0,0,0,0,0,0
AdobeStock_404488501_Preview_jpeg.rf.bdaf54618bcdcaa2f6a1dd2b61b180a5.jpg,0,1,0,0,0,0,0,0
1-697-_jpg.rf.a800fba468e7b188c94521c397e5377d.jpg,0,1,0,0,0,0,0,0
AdobeStock_93804337_Video_HD_Preview_mov-0011_jpg.rf.c96986d4183a49e7cb8e4420404d8a7b.jpg,0,1,0,0,0,0,0,0
Mastitis-26-_jpg.rf.11651473f593edc55f59425632a93922.jpg,1,0,0,0,0,0,0,0
normal2-e1515369386480-400x284_jpg.rf.b8d276c9f99611551f7e61bc318eee8e.jpg,0,1,0,0,0,0,0,0
AdobeStock_512779360_Preview_jpeg.rf.c60a2c8f6283f5a06c09df99efbcefd8.jpg,0,1,0,0,0,0,0,0
Mastitis-45-_jpg.rf.8b46e3e29e25ac043a8cd0e6679c9600.jpg,1,0,0,0,0,0,0,0
AdobeStock_93804337_Video_HD_Preview_mov-0027_jpg.rf.033dfc7ec90e66a98c2a414e77a5f1cd.jpg,0,1,0,0,0,0,0,0
AdobeStock_144842083_Preview_jpeg.rf.be1f8566d172e38dd5203d48a457ed68.jpg,0,1,0,0,0,0,0,0
Smooth-2-2-e1515372371349-400x284_jpg.rf.e8840d08f451ae910dd05024d58f59f6.jpg,1,0,0,0,0,0,0,0
Mastitis-4-_jpg.rf.a52890f5d1235285a75305cecd56cbb5.jpg,1,0,0,0,0,0,0,0
AdobeStock_386516879_Preview_jpeg.rf.57b94709efe85f06a0f38f47ebc29067.jpg,0,1,0,0,0,0,0,0
Mastitis-20-_jpg.rf.83ec0c25f7fa5f0e0de7a2f867687f19.jpg,1,0,0,0,0,0,0,0
1-1069-_jpg.rf.53c4e049697042b939f0ee4da97b94b2.jpg,0,1,0,0,0,0,0,0
Mastitis-57-_jpg.rf.c37af921d005324b2c0d8d6e2020ec56.jpg,1,0,0,0,0,0,0,0
1-24-_jpg.rf.3efbf58b9564f104192be8dc7a4cf1b9.jpg,0,1,0,0,0,0,0,0
Mastitis-10-_jpg.rf.a62b3e1355642e5003904d8f4c03a38e.jpg,1,0,0,0,0,0,0,0
00000044_jpg.rf.1c30a13ee98787d1480149f676c9e055.jpg,0,1,0,0,0,0,0,0
AdobeStock_34851355_Preview_jpeg.rf.e877d34d7314eef0f2e9b8b84a5bd7a1.jpg,0,1,0,0,0,0,0,0
AdobeStock_433594014_Preview_jpeg.rf.e40478f8f859de64a9a0c524800b5eca.jpg,0,1,0,0,0,0,0,0
images-1-_jpeg.rf.c917113f43178e237aa4264c2d67d6dd.jpg,0,1,0,0,0,0,0,0
AdobeStock_556562712_Video_HD_Preview_mov-0005_jpg.rf.b5c7cf3da2c6cda25c9f732c0e0b80c0.jpg,0,1,0,0,0,0,0,0
hyp22-e1515374029867-1024x742-1-400x284_jpg.rf.375b414ffd0b3d5b6f63bd63ed41034b.jpg,1,0,0,0,0,0,0,0
1-626-_jpg.rf.feb09b662aa173a41ae79620c3b3900c.jpg,0,1,0,0,0,0,0,0
IMG_20250118_143855_jpg.rf.f653a2d8eee222d5bfcbad2d9e4d6a3c.jpg,0,1,0,0,0,0,0,0
00000069_jpg.rf.2d9786c371c447a6388424ef0faa6a5a.jpg,0,1,0,0,0,0,0,0
ring16-e1515291521268-400x284_jpg.rf.3632472e1834a29ced3c3a3b85e3f732.jpg,1,0,0,0,0,0,0,0
1-713-_jpg.rf.924886fe335347934a2c3a703e85603c.jpg,0,1,0,0,0,0,0,0
udder-18_jpg.rf.fb4e12c86855f5c9b85e7a8e17be660c.jpg,0,1,0,0,0,0,0,0
Mastitis-58-_jpg.rf.983e592e1fe4ed2c81518aa425b36e20.jpg,1,0,0,0,0,0,0,0
AdobeStock_120372303_Preview_jpeg.rf.45dc8930189fc00ffcc6a91468658836.jpg,0,1,0,0,0,0,0,0
Chemcial-burn-e1515283477137-400x284_jpg.rf.c50a54ddec4fcb5a96d0f26bd0bf73c7.jpg,1,0,0,0,0,0,0,0
AdobeStock_480163971_Preview_jpeg.rf.71b42ea82879b8978834c002a6ae4fd1.jpg,0,1,0,0,0,0,0,0
IMG_20250118_144032_jpg.rf.f51ab76a2f98619107c5dd4ce93f6d90.jpg,1,0,0,0,0,0,0,0
AdobeStock_386516856_Preview_jpeg.rf.4c42a6bf251cbb6f2aa564f6ce321228.jpg,0,1,0,0,0,0,0,0
Mastitis-47-_jpg.rf.df9d1b878d58af9a2c1e63d29ffad14a.jpg,1,0,0,0,0,0,0,0
1-691-_jpg.rf.585d589900fe0d2efba11b72df4dfc91.jpg,0,1,0,0,0,0,0,0
Mastitis-10-_jpg.rf.f833c284955eef1257d3ee71d2f685ec.jpg,1,0,0,0,0,0,0,0
Picture23-400x284_jpg.rf.45f2caf9e1dbfed597e3447024a14983.jpg,1,0,0,0,0,0,0,0
Mastitis-3-_jpg.rf.a6fa23d15c53457ad417d26486354b2e.jpg,1,0,0,0,0,0,0,0
AdobeStock_57701541_Preview_jpeg.rf.1f585105272ae3661d71a45018bbd9a7.jpg,0,1,0,0,0,0,0,0
2025-01-18-14-34-24-41d84_mp4-0031_jpg.rf.5a929289af10dfcda827206aaa4874f1.jpg,0,1,0,0,0,0,0,0
Mastitis-38-_jpg.rf.039d788a0005e76d5fa1589e27b859b8.jpg,1,0,0,0,0,0,0,0
AdobeStock_69320056_Preview_jpeg.rf.3f0310589812e21c3697cdb66d3a740a.jpg,0,1,0,0,0,0,0,0
Picture47-1-400x284_jpg.rf.5e8b2e2a16f17c769ce45c9912ca4f37.jpg,1,0,0,0,0,0,0,0
Mastitis-4-_jpg.rf.607f9cdfb67687b59a33203effe7af33.jpg,1,0,0,0,0,0,0,0
1-111-_jpg.rf.0a3ec494ff05006e85fcf2dac341e2f7.jpg,0,1,0,0,0,0,0,0
1-1242-_jpg.rf.ad21d2e4170e2e22875ea2bf0d417fc4.jpg,0,1,0,0,0,0,0,0
AdobeStock_93804337_Video_HD_Preview_mov-0006_jpg.rf.6d305b1effac01e2f764d8bbd76adaf1.jpg,0,1,0,0,0,0,0,0
Mastitis-26-_jpg.rf.c38f96197d3783bc7cca20e3a7c85367.jpg,1,0,0,0,0,0,0,0
Mastitis-21-_jpg.rf.998a3f24cf3d42c15778fe3ca2b9d8eb.jpg,1,0,0,0,0,0,0,0
2025-01-18-14-23-43-18b77_jpg.rf.651dcb9c622631fc1b219c81af7d6d93.jpg,0,1,0,0,0,0,0,0
AdobeStock_404488501_Preview_jpeg.rf.e6cb823aa43cf0b2f6b0c943c259756a.jpg,0,1,0,0,0,0,0,0
normal15-e1515369788421-400x284_jpg.rf.919c03e1e219491b47f936c3f7edb96e.jpg,0,1,0,0,0,0,0,0
dry-skin-crack9-400x284_jpg.rf.8e24af19b644330557cf00f5097dfa78.jpg,1,0,0,0,0,0,0,0
AdobeStock_548951617_Preview_jpeg.rf.c7645e00909a8588679957878dcf2cb7.jpg,0,1,0,0,0,0,0,0
23_jpeg.rf.edcbf3d24acfb038eb4fcc5924413c69.jpg,1,0,0,0,0,0,0,0
Drying-chemical-barrier-dip-build-up-build-up-e1515286053269_jpg.rf.d185bb055d03ab40807f18ed4f0743ae.jpg,1,0,0,0,0,0,0,0
Mastitis-61-_jpg.rf.9dc41cb0df782ef3c06b4319fff77c2e.jpg,1,0,0,0,0,0,0,0
Mastitis-13-_jpg.rf.b031ac3ce50d86d592bb0e5c7c2c40de.jpg,1,0,0,0,0,0,0,0
wet-teat6-1-e1515287995479-400x284_jpg.rf.ae40c9b1dafc31d54346764642cf78d8.jpg,1,0,0,0,0,0,0,0
AdobeStock_85250161_Preview_jpeg.rf.32070cb5252967c99d112bfd729ac1da.jpg,0,1,0,0,0,0,0,0
2025-01-18-14-34-24-41d84_mp4-0042_jpg.rf.29d63e128fec216634177560985c020d.jpg,0,1,0,0,0,0,0,0
1-56-_jpg.rf.5e3ea3b1666ae963f481516f7ed93299.jpg,0,1,0,0,0,0,0,0
00000044_jpg.rf.d0d3c6b80b7a2a63c82c6865bfac699d.jpg,0,1,0,0,0,0,0,0
AdobeStock_556562712_Video_HD_Preview_mov-0004_jpg.rf.0f8eaeffa09cc6b959207abe3a1ccf17.jpg,0,1,0,0,0,0,0,0
1-1241-_jpg.rf.3dfc3fa171e12b676305c6bc3649b1f7.jpg,0,1,0,0,0,0,0,0
2025-01-18-14-28-33-1fe12_jpg.rf.d4d62253119481350f5065f644b33762.jpg,0,1,0,0,0,0,0,0
AdobeStock_480163971_Preview_jpeg.rf.989a341e77e412228aae1a1c8e78bb27.jpg,0,1,0,0,0,0,0,0
Picture47-1-400x284_jpg.rf.99f9c30f12a98e81874264d03f19ba26.jpg,1,0,0,0,0,0,0,0
Mastitis-21-_jpg.rf.1747be774aa6c3ce662bf9bf09a6c725.jpg,1,0,0,0,0,0,0,0
1-1242-_jpg.rf.2cb42a33cbae3fa0ec5e3f6b93791bd6.jpg,0,1,0,0,0,0,0,0
1-10-_jpg.rf.37405a3d5000e6417b74d424d7f30d5a.jpg,0,1,0,0,0,0,0,0
2-11-_jpg.rf.275641df550fab0057d0e7d2d71e48cc.jpg,0,1,0,0,0,0,0,0
dry-skin-crack9-400x284_jpg.rf.7954b812aeeb40d9ae771f307e30e491.jpg,1,0,0,0,0,0,0,0
udder-18_jpg.rf.c6790f2ef08616885d0415140f4acaea.jpg,0,1,0,0,0,0,0,0
AdobeStock_144842083_Preview_jpeg.rf.7703a3bb9ec31d8b00b44767b4bdbce3.jpg,0,1,0,0,0,0,0,0
udder10_jpg.rf.2a651e75a535827d1ef31b61947c3cae.jpg,0,1,0,0,0,0,0,0
hyp17-e1515373911728-1024x894-1-400x284_jpg.rf.e0715cc633157f49cf651dbf25b0dc57.jpg,1,0,0,0,0,0,0,0
AdobeStock_251420633_Preview_jpeg.rf.87436709531a7e3e59687d778cd3bddc.jpg,0,1,0,0,0,0,0,0
001_30_IMG_gro174291-009-848x565_jpg.rf.37f9f0d548f15926e9099254fc74dabf.jpg,1,0,0,0,0,0,0,0
IMG_20250118_144326_jpg.rf.a3814bf5cf0a9747b973b98d24913834.jpg,0,1,0,0,0,0,0,0
1-111-_jpg.rf.f91dd3e7f4ab033d7e0a025b05524650.jpg,0,1,0,0,0,0,0,0
Mastitis-29-_jpg.rf.319a069fe3b2af85ad6d82be91b0a2c2.jpg,1,0,0,0,0,0,0,0
Picture42-1-400x284_jpg.rf.86decf7490698682d3f75124327285ce.jpg,1,0,0,0,0,0,0,0
AdobeStock_624861897_Preview_jpeg.rf.cd50fb40514549ea749369e5b839911f.jpg,0,1,0,0,0,0,0,0
2025-01-18-14-32-16-07bfd_jpg.rf.11ae5d2392d828ee506fe021147a8069.jpg,0,1,0,0,0,0,0,0
AdobeStock_171446256_Preview_jpeg.rf.968c378091b7465feeda18be4bd5c6ba.jpg,0,1,0,0,0,0,0,0
pox3-e1515354218443-400x284_jpg.rf.9615d608c404ca726026fbc92366c5a0.jpg,1,0,0,0,0,0,0,0
AdobeStock_404488501_Preview_jpeg.rf.c39ee8bdf7229c1dc8d72e8c491c72b5.jpg,0,1,0,0,0,0,0,0
AdobeStock_171446256_Preview_jpeg.rf.cdca941579404941a8996bbf47426e77.jpg,0,1,0,0,0,0,0,0
00000080_jpg.rf.6ab22403d2a6ecb6064bdf384b2874d9.jpg,0,1,0,0,0,0,0,0
2025-01-18-14-23-43-18b77_jpg.rf.55dd065c20993ac60ba45710595802bc.jpg,0,1,0,0,0,0,0,0
Mastitis-45-_jpg.rf.4bfc9ad8465d4143cb94c0779107b687.jpg,1,0,0,0,0,0,0,0
Picture46-1-400x284_jpg.rf.fd066deceb834a7d41dda71b916d0c41.jpg,1,0,0,0,0,0,0,0
hyp11-e1515373777349-1024x851-1-400x284_jpg.rf.9feda6ade2ee89841e077302ec5f2f06.jpg,1,0,0,0,0,0,0,0
Mastitis-45-_jpg.rf.6f240d6a1fe825041023efc91c9aa484.jpg,1,0,0,0,0,0,0,0
2025-01-18-14-32-16-07bfd_jpg.rf.81e82dde35944f4d85a8c86bd102e056.jpg,0,1,0,0,0,0,0,0
Mastitis-43-_jpg.rf.4f64904bd4be00e3143427fd92b35199.jpg,1,0,0,0,0,0,0,0
1-1242-_jpg.rf.87d3b4fdee2e18cbd450b132bbe59c7d.jpg,0,1,0,0,0,0,0,0
1-10-_jpg.rf.bc603a5f02d19fac37cee1967b99b7ba.jpg,0,1,0,0,0,0,0,0
Mastitis-21-_jpg.rf.d359a84c1b5be50064ea62674660bc07.jpg,1,0,0,0,0,0,0,0
Chemcial-burn4-e1515283733588-400x284_jpg.rf.291da6415ac542bfbca44fa7f36c5fa4.jpg,1,0,0,0,0,0,0,0
1-626-_jpg.rf.75243e04417ac9c9f9ab24e548ae58ab.jpg,0,1,0,0,0,0,0,0
1-56-_jpg.rf.2d56e90b71f807b957a7d21b59c1dfe8.jpg,0,1,0,0,0,0,0,0
1-56-_jpg.rf.e0d363d1ed517dac89a213217de74cff.jpg,0,1,0,0,0,0,0,0
AdobeStock_154225591_Preview_jpeg.rf.b582cffbca728994f15b572e84945868.jpg,0,1,0,0,0,0,0,0
mastitis_jpeg.rf.d9ac128ed28528553cdcb83415d52070.jpg,1,0,0,0,0,0,0,0
Mastitis-3-_jpg.rf.d243ba7a54b35521a3f8cc560d580be2.jpg,1,0,0,0,0,0,0,0
pox3-e1515354218443-400x284_jpg.rf.f5486d7a4be76610c5e272288c322006.jpg,1,0,0,0,0,0,0,0
1-626-_jpg.rf.de6ddc5fee433c8a98a689c80de34378.jpg,0,1,0,0,0,0,0,0
00000166_jpg.rf.3bf25443857e59e68fff20529d3d4831.jpg,0,1,0,0,0,0,0,0
Mastitis-43-_jpg.rf.48aa8ea6af80c695dd9ea47d9eefb54c.jpg,1,0,0,0,0,0,0,0
AdobeStock_43573914_Preview_jpeg.rf.86697f5ef550103c187ec750de3c65e8.jpg,0,1,0,0,0,0,0,0
Mastitis-53-_jpg.rf.19f22ab00e6cb1111fcf0021a2ccdd60.jpg,1,0,0,0,0,0,0,0
AdobeStock_53027441_Preview_jpeg.rf.cfc9081490463c2208e32a5759a7706e.jpg,0,1,0,0,0,0,0,0
AdobeStock_53027441_Preview_jpeg.rf.c1b69eecf172f436d45272c04f356d59.jpg,0,1,0,0,0,0,0,0
Very-Rough-2-2-e1515372540883-400x284_jpg.rf.1521ac03e15e4af05d88a333a0938641.jpg,1,0,0,0,0,0,0,0
1-742-_jpg.rf.29dfe7b2caec0edb018a556bd302a1bc.jpg,0,1,0,0,0,0,0,0
Chemcial-burn4-e1515283733588-400x284_jpg.rf.37a790763f6bf625422f9d3182cdf302.jpg,1,0,0,0,0,0,0,0
00000080_jpg.rf.d0b5e3ec85dde873e558e45fe7e418dc.jpg,0,1,0,0,0,0,0,0
Mastitis-58-_jpg.rf.b4b8982c20beeaf5425ec014acfa0a1f.jpg,1,0,0,0,0,0,0,0
pox3-e1515354218443-400x284_jpg.rf.26d64d45ea24748481b8598960e0f4be.jpg,1,0,0,0,0,0,0,0
2-6-_jpg.rf.cb6b5f2409e1234788e47fd71cd93d2f.jpg,0,1,0,0,0,0,0,0
Chemcial-burn3-e1515283623745-400x284_jpg.rf.932364730992c40cfcca85059c7ca937.jpg,1,0,0,0,0,0,0,0
AdobeStock_432132541_Preview_jpeg.rf.cef12f2c64f342d6e0ac25171234389f.jpg,0,1,0,0,0,0,0,0
Mastitis-42-_jpg.rf.e3fb90d31555a35981a225ad91cf38cc.jpg,1,0,0,0,0,0,0,0
Mastitis-43-_jpg.rf.8d464ac39830cccb40d0f340930bf017.jpg,1,0,0,0,0,0,0,0
00000166_jpg.rf.8141224d936ae44e629b30ac19b5fcfe.jpg,0,1,0,0,0,0,0,0
AdobeStock_624861897_Preview_jpeg.rf.a8729a345b208ed9268ea5376a507377.jpg,0,1,0,0,0,0,0,0
00000103_jpg.rf.6cf5a4bc0181f4cbcc524d3dee08a4c1.jpg,0,1,0,0,0,0,0,0
AdobeStock_432132541_Preview_jpeg.rf.58ef7447e488b41f33747907dbed261f.jpg,0,1,0,0,0,0,0,0
ring10-400x284_jpg.rf.911b214a84e46e75219c6e117fa1567b.jpg,1,0,0,0,0,0,0,0
AdobeStock_53027441_Preview_jpeg.rf.535b18a0bc80bc9a3e3b4d0df1054a12.jpg,0,1,0,0,0,0,0,0
Mastitis-58-_jpg.rf.abca6f0b428ee6379f2959ee12ce56e3.jpg,1,0,0,0,0,0,0,0
AdobeStock_24382966_Preview_jpeg.rf.ff792c39540a60cea90a93b3617b3fad.jpg,0,1,0,0,0,0,0,0
Picture4-400x284_jpg.rf.c98a75638ede9296c9aede1322a66d5c.jpg,1,0,0,0,0,0,0,0
Picture2-400x284_jpg.rf.7e37c44eacec5482beb2826c66de0cd0.jpg,1,0,0,0,0,0,0,0
AdobeStock_24382966_Preview_jpeg.rf.00e18fac3fb86de29651e0c14bd35c86.jpg,0,1,0,0,0,0,0,0
Mastitis-1-_jpg.rf.bcd56909f329abea4288d5c63519314b.jpg,1,0,0,0,0,0,0,0
,1189,1493,79,100,808,121,71,71
